sect_no,classes,result_rows,class_numbers,class_nos,sample_names
0,54,622,404 | 405 | 406 | 407 | 408 | 412 | 416 | 418 | 419 | 420 | 421 | 423 | 424 | 425 | 427 | 428 | 430 | 431 | 527 | 528 | 529 | 530 | 531 | 532 | 533 | 534 | 535 | 536 | 537 | 545 | 546 | 547 | 548 | 549 | 680 | 681 | 683 | 684 | 685 | 686 | 687 | 688 | 803 | 804 | 805 | 817 | 818 | 820 | 926 | 2001 | 2201 | 2202 | 2203 | 2204,29176 | 29177 | 29178 | 29179 | 29175 | 33541 | 33558 | 29431 | 29463 | 29193 | 33542 | 29196 | 29197 | 33454 | 29199 | 29200 | 29181 | 29182 | 29231 | 29229 | 29240 | 29241 | 29242 | 29243 | 29244 | 29232 | 29238 | 29239 | 33505 | 29468 | 29469 | 29245 | 29246 | 28950 | 29433 | 29449 | 29451 | 29452 | 29453 | 29166 | 29167 | 29168 | 29180 | 29455 | 29413 | 29409 | 29410 | 29412 | 29201 | 29247 | 29237 | 28941 | 28943 | 28940,"$10,000 USHJA UF Vet Hunter Derby 3' Open | $10,000 USHJA National Hunter Derby 3' Jr/Am | $10,000 Golden Ocala Hunter Derby 3'6/3'9"
10391,1,26,853,29100,$5000 NAL 1.35m Prestige Italia Jr/Am Classic II.2b
10394,3,72,633 | 634 | 635,29164 | 29165 | 29402,1.15m Jumper II.1 | 1.15m Jumper II.2d | 1.15m Jumper II.2b
10397,3,67,606 | 607 | 608,29391 | 29392 | 29393,.75m Jumper Open IV.1
10398,3,69,609 | 610 | 611,29397 | 29398 | 29399,.75m Jumper Junior/Amateur IV.1
10399,1,23,624,29394,.95m Jumper II.1
10410,3,34,734 | 735 | 810,29122 | 29123 | 29124,$150 .90m Novice Amateur Jumper II.1 | $150 .90m Novice Amateur Jumper II.2d | $500 .95m Novice Amateur Classic II.2b
10412,5,24,330 | 331 | 332 | 333 | 334,29036 | 29037 | 29038 | 29039 | 29040,"$100 Low Adult Hunter 55+ 2'6"" | $100 Low Adult Hunter 55+ (1st rnd Classic) 2'6' | $50 Low Adult Hunter 55+ U/S"
10413,5,40,325 | 326 | 327 | 328 | 329,29030 | 29031 | 29032 | 29034 | 29035,"$100 Low Adult Hunter 36-54 2'6"" | $100 Low Adult Hunter 36-54 (1st rnd Classic) 2'6' | $50 Low Adult Hunter 36-54 U/S"
10414,4,95,627 | 628 | 629a | 629b,29159 | 29160 | 29401 | 33506,1.00m Jumper II.1 | 1.00m Jumper II.2d | 1.00m Jumper II.2b
10415,3,92,630 | 631 | 632,29161 | 29162 | 29163,1.10m Jumper II.1 | 1.10m Jumper II.2d | 1.10m Jumper II.2b
10418,3,37,600 | 601 | 602,29140 | 29141 | 29142,$100 .65m Jumper Open IV.1
10419,3,49,603 | 604 | 605,29143 | 29144 | 29145,$100 .65m Jumper Long Creek Farm Junior/Amateur IV.1
10422,3,96,618 | 619 | 620,29152 | 29153 | 29154,.85m Jumper Open II.2d
10423,3,91,621 | 622 | 623,29156 | 29157 | 29158,.85m Jumper Junior/Amateur II.2d
10431,5,0,315 | 316 | 317 | 318 | 319,29020 | 29021 | 29022 | 29023 | 29024,$100 Low Children's Pony Hunter 2' | $50 Low Children's Pony Hunter U/S
10435,3,5,695 | 696 | 697,29125 | 29126 | 29127,$100 1.0m Thoroughbred Jumper II.1 | $100 1.0m Thoroughbred Jumper II.2d | $100 1.0m Thoroughbred Jumper II.2b
10436,3,76,757 | 758 | 816,29104 | 29105 | 29106,$600 1.15m Junior/Amateur Jumper II.1 | $600 1.15m Junior/Amateur Jumper II.2d | $3000 1.15m Junior/Amateur Classic II.2b
10438,5,65,245 | 246 | 247 | 248 | 249,29071 | 29072 | 29074 | 29075 | 29076,"USHJA Hunter 3'3"" | USHJA Hunter 3'3"" U/S"
10440,3,9,500 | 501 | 502,29202 | 29203 | 29204,Equitation 11/U 2' | Equitation 11/U Flat
10441,5,47,260 | 261 | 262 | 263 | 264,29056 | 29057 | 29058 | 29059 | 29060,"USHJA Hunter 2'3"" | USHJA Hunter 2'3"" U/S"
10444,3,12,503 | 504 | 505,29205 | 29206 | 29207,Equitation 12-14 2'9' | Equitation 12-14 Flat
10447,3,15,506 | 507 | 508,29208 | 29209 | 29210,"Equitation 15-17 3'3"" | Equitation 15-17 Flat"
10452,5,52,43 | 44 | 45 | 46 | 47,29327 | 29328 | 29329 | 29330 | 29331,"$350 Performance Hunter 3'3"" | $350 Performance Hunter 3'3""-Handy | $150 Performance Hunter 3'3"" U/S"
10458,3,30,781 | 782 | 855,29095 | 29096 | 29097,"$2500 1.40m Jr/Am Jumper II.1 | $2500 1.40m Jr/Am Jumper II.2d | $10,000 1.45m Junior/Amateur Classic II.2b"
10459,3,16,509 | 510 | 511,29211 | 29212 | 29213,Adult Equitation 3' | Adult Equitation Flat
10460,3,18,512 | 513 | 514,29214 | 29215 | 29216,Children's Equitation 3' | Children's Equitation Flat
10461,5,42,33 | 34 | 35 | 36 | 37,29302 | 29303 | 29304 | 29305 | 29306,"$350 Green Hunter 3'0"" | $350 Green Hunter 3'0"" (Incentive Score) | $150 Green Hunter 3'0"" U/S"
10462,3,21,515 | 516 | 517,29217 | 29218 | 29219,"Low Children's Equitation 2'6"" | Low Children's Equitation Flat"
10464,3,16,518 | 519 | 520,29220 | 29221 | 29222,"Low Adult Equitation 2'6"" | Low Adult Equitation 2'6' | Low Adult Equitation Flat"
10465,5,38,28 | 29 | 30 | 31 | 32,29297 | 29298 | 29299 | 29300 | 29301,"$350 Green Hunter 3'3"" | $350 Green Hunter 3'3"" (Incentive Score) | $150 Green Hunter 3'3"" U/S"
10470,5,44,927 | 928 | 929 | 930 | 931,29248 | 29249 | 29250 | 29251 | 29252,Walk Trot Equitation Ground Rails | Walk Trot Equitation Ground Rails Flat
10474,5,20,48 | 49 | 50 | 51 | 52,29312 | 29313 | 29314 | 29315 | 29316,"$350 Young Hunter 2'9"" | $150 Young Hunter 2'9"" U/S"
10475,3,57,749 | 750 | 813,29107 | 29108 | 29109,$500 1.10m Junior Jumper II.1 | $500 1.10m Junior Jumper II.2d | $2500 1.10m NAL/WIHS Junior Classic II.2b
10476,3,92,755 | 756 | 815,29110 | 29111 | 29112,$500 1.10m Amateur Jumper II.1 | $500 1.10m Amateur Jumper II.2d | $2500 1.10m NAL/WIHS Amateur Classic II.2b
10480,3,61,689 | 690 | 691,29169 | 29170 | 29171,$250 1.20m Young Jumper II.1 | $250 1.20m Young Jumper II.2d | $250 1.20m Young Jumper II.2b
10481,3,77,692 | 693 | 694,29172 | 29173 | 29174,$250 1.30m Young Jumper II.1 | $250 1.30m Young Jumper II.2d | $250 1.30m Young Jumper II.2b
10483,3,63,731 | 732 | 809,29119 | 29120 | 29121,$150 .90m Novice Junior Jumper II.1 | $150 .90m Novice Junior Jumper II.2d | $500 .95m Novice Junior Classic II.2b
10484,3,38,737a | 738a | 811a,29113 | 29114 | 29115,$200 1.00m Junior Jumper II.1 | $200 1.00m Junior Jumper II.2d | $750 1.05m Junior Classic II.2b
10485,3,26,740a | 741a | 812a,29116 | 29117 | 29118,$200 1.00m Amateur Jumper II.1 | $200 1.00m Amateur Jumper II.2d | $750 1.05m Amateur Classic II.2b
10488,3,71,642 | 643 | 644,29131 | 29132 | 29133,$1000 1.30m Jumper II.1 | $1000 1.30m Jumper II.2d | $1000 1.30m Jumper II.2b
10490,3,118,645 | 646 | 647,29134 | 29135 | 29136,$1000 1.35m Jumper II.1 | $1000 1.35m Jumper II.2d | $1000 1.35m Jumper II.2b
10491,3,33,648 | 649 | 856,29137 | 29138 | 29139,$1500 1.40m Jumper II.1 | $1500 1.40m Jumper II.2d | $7500 1.40m ARIAT Jumper Classic II.2b
10492,5,20,90 | 91 | 92 | 93 | 94,29340 | 29341 | 29342 | 29343 | 29344,"$400 Amateur Owner Hunter 3'3"" 18-35 | $400 Amateur Owner Hunter 3'3"" 18-35 Years (1st rnd Classic | $400 Amateur Owner Hunter 3'3"" 18-35 Years-Handy"
10493,3,124,636 | 637 | 638,29128 | 29129 | 29130,$500 1.20m Jumper II.1 | $500 1.20m Jumper II.2d | $500 1.20m Jumper II.2b
10494,5,20,95 | 96 | 97 | 98 | 99,29345 | 29346 | 29347 | 29348 | 29349,"$400 Amateur Owner Hunter 3'3"" 36+ | $400 Amateur Owner Hunter 3'3"" 36+ (1st rnd Classic) | $400 Amateur Owner Hunter 3'3"" 36+-Handy"
10509,5,25,182 | 183 | 184 | 185 | 186,28970 | 28971 | 28972 | 28973 | 28974,"$375 Pony Conf Hunter- Lg 2'9"" | $375 Pony Hunter Lg 2'9"" (1st rnd Classic) | $375 Pony Hunter Lg 2'9"""
10512,5,20,162 | 163 | 164 | 165 | 166,28954 | 28955 | 28956 | 28957 | 28958,"$250 Green Pony Conf Hunter- Lg 2'9"" | $250 Green Pony Hunter Lg 2'9"" (1st rnd Classic) | $250 Green Pony Hunter Lg 2'9"""
10515,5,43,200 | 201 | 202 | 203 | 204,28984 | 28985 | 28986 | 28987 | 28988,$300 Child Hunter 14/U 3' | $300 Child Hunter 14/U (1st rnd Classic) 3' | $200 Child Hunter 14/U U/S 3'
10516,5,20,205 | 206 | 207 | 208 | 209,28989 | 28990 | 28991 | 28992 | 28993,$300 Child Hunter 15-17 3' | $300 Child Hunter 15-17 (1st rnd Classic) 3' | $200 Child Hunter 15-17 U/S 3'
10519,5,68,220 | 221 | 222 | 223 | 224,28994 | 28995 | 28996 | 28998 | 28999,$300 Adult Hunter 18-35 3' | $300 Adult Hunter 18-35 (1st rnd Classic) 3' | $200 Adult Hunter 18-35 U/S 3'
10521,5,18,225 | 226 | 227 | 228 | 229,29000 | 29001 | 29002 | 29003 | 29004,$300 Adult Hunter 36-54 3' | $300 Adult Hunter 36-54(1st rnd Classic) 3' | $200 Adult Hunter 36-54 U/S 3'
10522,5,25,230 | 231 | 232 | 233 | 234,29005 | 29006 | 29007 | 29008 | 29009,$300 Adult Hunter 55+ 3' | $300 Adult Hunter 55+ (1st rnd Classic) 3' | $200 Adult Hunter 55+ U/S 3'
10526,5,25,280 | 281 | 282 | 283 | 284,29046 | 29047 | 29048 | 29049 | 29050,"Baby Green Hunter 2'6"" | Baby Green Hunter 2'6' | Baby Green Hunter U/S"
10528,5,45,320 | 321 | 322 | 323 | 324,29025 | 29026 | 29027 | 29028 | 29029,"$100 Low Adult Hunter 18-35 2'6"" | $100 Low Adult Hunter 18-35 (1st rnd Classic) 2'6"" | $50 Low Adult Hunter 18-35 U/S"
10531,5,63,275 | 276 | 277 | 278 | 279,29066 | 29067 | 29068 | 29069 | 29070,USHJA Hunter 3' | USHJA Hunter 3'' U/S
10532,5,51,270 | 271 | 272 | 273 | 274,29264 | 29263 | 29262 | 29261 | 29260,"USHJA Hunter 2'9"" | USHJA Hunter 2'9"" U/S"
10533,5,91,265 | 266 | 267 | 268 | 269,29061 | 29062 | 29063 | 29064 | 29065,"USHJA Hunter 2'6"" | USHJA Hunter 2'6"" U/S"
10534,5,87,255 | 256 | 257 | 258 | 259,29051 | 29052 | 29053 | 29054 | 29055,USHJA Hunter 2' | USHJA Hunter 2 U/S
10535,5,31,250 | 251 | 252 | 253 | 254,29041 | 29042 | 29043 | 29044 | 29045,Future Hunter 2' | Future Hunter 2' U/S
10538,5,78,900 | 901 | 902 | 903 | 904,29470 | 29471 | 29472 | 29473 | 29474,Short/Long Stirrup Hunter 2' | Short/Long Stirrup Hunter (1st rnd Classic)) 2' | Short/Long Stirrup Hunter U/S
10539,3,85,768 | 769 | 851,29477 | 29478 | 29479,$1500 1.20m Junior/Amateur Jumper II.1 | $1500 1.20m Junior/Amateur Jumper II.2d | $5000 NAL 1.25m FreeRide Equestrian Jr/Am Classic II.2b
10540,3,9,524 | 525 | 526,29490 | 29491 | 29492,"Children's Pony Equitation 2'/2'6"" | Children's Pony Equitation Flat"
10541,3,10,521 | 522 | 523,29493 | 29494 | 29495,"Pony Equitation 2'3""/2'6""/2'9"" | Pony Equitation Flat"
10542,3,27,910 | 911 | 912,29496 | 29497 | 29498,Short/Long Stirrup Equitation 2' | Short/Long Stirrup Equitation Flat
11984,5,70,916 | 917 | 918 | 919 | 920,33455 | 33456 | 33457 | 33458 | 33459,"Crossrails 18"" | Crossrails Flat"
11986,2,49,775 | 776,33465 | 33466,$2000 1.30m JR/AM Jumper II.1 | $2000 1.30m JR/AM Jumper II.2d
11990,5,33,13 | 14 | 15 | 16 | 17,33493 | 33494 | 33495 | 33496 | 33497,"$400 High Perf 4'/Perf Hunter 3'6"" | $400 High Perf 4' / Perf Hunter-Handy 3'6"" | $150 High Perf 4'/Perf Hunter 3'6"" U/S"
11991,5,27,53 | 54 | 55 | 56 | 57,33500 | 33501 | 33502 | 33503 | 33504,"$350 Young Hunter 3'/3'3"" | $150 Young Hunter 3'/3'3"" U/S"
12012,3,37,740b | 741b | 812b,33507 | 33509 | 33512,$200 1.00m Amateur Jumper II.1 | $200 1.00m Amateur Jumper II.2d | $750 1.05m Amateur Classic II.2b
12039,3,62,737b | 738b | 811b,33508 | 33510 | 33513,$200 1.00m Junior Jumper II.1 | $200 1.00m Junior Jumper II.2d | $750 1.05m Junior Classic II.2b
12046,5,25,80 | 81 | 82 | 83 | 84,33516 | 33517 | 33518 | 33519 | 33520,"$600 AO Hunter 3'6"" | $600 AO Hunter 3'6"" (1st rnd Classic) | $600 AO Hunter 3'6"" Handy"
12047,4,16,100 | 102 | 103 | 104,33521 | 33523 | 33524 | 33525,"$600 Junior Hunter 3'6"" | $600 Junior Hunter 3'6"" Handy | $350 Junior Hunter 3'6"" U/S"
12048,5,33,120 | 121 | 122 | 123 | 124,33526 | 33527 | 33528 | 33529 | 33530,"$400 Junior Hunter 3'3"" | $400 Junior Hunter 3'3"" (1st rnd Classic) | $400 Junior Hunter 3'3"" - Handy"
12049,5,35,210 | 211 | 212 | 213 | 214,33531 | 33532 | 33533 | 33534 | 33535,"$100 Child Pony Hunter 2'/2'6"" | $100 Child Pony Hunter 2'/2'6"" (1st rnd Classic) | $50 Child Pony Hunter 2'/2'6"" U/S"
12050,5,23,150 | 151 | 152 | 153 | 154,33536 | 33537 | 33538 | 33539 | 33540,"$250 Green Pony Conf Hunter- Med/Sm 2'6""/2'3"" | $250 Green Pony Hunter Med/Sm 2'6""/2'3"" (1st rnd Classic) | $250 Green Pony Hunter Med/Sm 2'6""/2'3"""
12051,5,58,305 | 306 | 307 | 308 | 309,33543 | 33544 | 33545 | 33546 | 33547,"$100 Low Children's Hunter 2'/6' | $100 Low Children's Hunter (1st rnd Classic) 2'6"" | $50 Low Children's Hunter 2'/6' U/S"
12052,5,26,170 | 171 | 172 | 173 | 174,33548 | 33549 | 33550 | 33551 | 33552,"$375 Pony Conf Hunter- Sm/Med 2'3""/2'6"" | $375 Pony Hunter Sm/Med 2'3""/2'6"" (1st rnd Classic) | $375 Pony Hunter Sm/Med 2'3""/2'6"""
