class_label,class_number,class_name,result_entry_count,class_no,sect_no,has_score,has_prize
"13) $400 High Perf 4'/Perf Hunter 3'6""",13,"$400 High Perf 4'/Perf Hunter 3'6""",5,33493,11990,true,true
"14) $400 High Perf 4'/Perf Hunter 3'6""",14,"$400 High Perf 4'/Perf Hunter 3'6""",5,33494,11990,true,true
"15) $400 High Perf 4'/Perf Hunter 3'6""",15,"$400 High Perf 4'/Perf Hunter 3'6""",10,33495,11990,true,true
"16) $400 High Perf 4' / Perf Hunter-Handy 3'6""",16,"$400 High Perf 4' / Perf Hunter-Handy 3'6""",9,33496,11990,true,true
"17) $150 High Perf 4'/Perf Hunter 3'6"" U/S",17,"$150 High Perf 4'/Perf Hunter 3'6"" U/S",4,33497,11990,true,true
"28) $350 Green Hunter 3'3""",28,"$350 Green Hunter 3'3""",8,29297,10465,true,true
"29) $350 Green Hunter 3'3""",29,"$350 Green Hunter 3'3""",8,29298,10465,true,true
"30) $350 Green Hunter 3'3"" (Incentive Score)",30,"$350 Green Hunter 3'3"" (Incentive Score)",8,29299,10465,true,true
"31) $350 Green Hunter 3'3""",31,"$350 Green Hunter 3'3""",8,29300,10465,true,true
"32) $150 Green Hunter 3'3"" U/S",32,"$150 Green Hunter 3'3"" U/S",6,29301,10465,true,true
"33) $350 Green Hunter 3'0""",33,"$350 Green Hunter 3'0""",8,29302,10461,false,true
"34) $350 Green Hunter 3'0""",34,"$350 Green Hunter 3'0""",8,29303,10461,false,true
"35) $350 Green Hunter 3'0"" (Incentive Score)",35,"$350 Green Hunter 3'0"" (Incentive Score)",9,29304,10461,false,true
"36) $350 Green Hunter 3'0""",36,"$350 Green Hunter 3'0""",9,29305,10461,false,true
"37) $150 Green Hunter 3'0"" U/S",37,"$150 Green Hunter 3'0"" U/S",8,29306,10461,false,true
"43) $350 Performance Hunter 3'3""",43,"$350 Performance Hunter 3'3""",12,29327,10452,true,true
"44) $350 Performance Hunter 3'3""",44,"$350 Performance Hunter 3'3""",11,29328,10452,true,true
"45) $350 Performance Hunter 3'3""",45,"$350 Performance Hunter 3'3""",13,29329,10452,true,true
"46) $350 Performance Hunter 3'3""-Handy",46,"$350 Performance Hunter 3'3""-Handy",11,29330,10452,true,true
"47) $150 Performance Hunter 3'3"" U/S",47,"$150 Performance Hunter 3'3"" U/S",5,29331,10452,true,true
"48) $350 Young Hunter 2'9""",48,"$350 Young Hunter 2'9""",4,29312,10474,false,true
"49) $350 Young Hunter 2'9""",49,"$350 Young Hunter 2'9""",4,29313,10474,false,true
"50) $350 Young Hunter 2'9""",50,"$350 Young Hunter 2'9""",4,29314,10474,false,true
"51) $350 Young Hunter 2'9""",51,"$350 Young Hunter 2'9""",4,29315,10474,false,true
"52) $150 Young Hunter 2'9"" U/S",52,"$150 Young Hunter 2'9"" U/S",4,29316,10474,false,true
"53) $350 Young Hunter 3'/3'3""",53,"$350 Young Hunter 3'/3'3""",6,33500,11991,false,true
"54) $350 Young Hunter 3'/3'3""",54,"$350 Young Hunter 3'/3'3""",6,33501,11991,false,true
"55) $350 Young Hunter 3'/3'3""",55,"$350 Young Hunter 3'/3'3""",5,33502,11991,false,true
"56) $350 Young Hunter 3'/3'3""",56,"$350 Young Hunter 3'/3'3""",5,33503,11991,false,true
"57) $150 Young Hunter 3'/3'3"" U/S",57,"$150 Young Hunter 3'/3'3"" U/S",5,33504,11991,false,true
"80) $600 AO Hunter 3'6""",80,"$600 AO Hunter 3'6""",5,33516,12046,true,true
"81) $600 AO Hunter 3'6"" (1st rnd Classic)",81,"$600 AO Hunter 3'6"" (1st rnd Classic)",5,33517,12046,true,true
"82) $600 AO Hunter 3'6""",82,"$600 AO Hunter 3'6""",5,33518,12046,true,true
"83) $600 AO Hunter 3'6"" Handy",83,"$600 AO Hunter 3'6"" Handy",5,33519,12046,true,true
"84) $350 AO Hunter 3'6"" U/S",84,"$350 AO Hunter 3'6"" U/S",5,33520,12046,true,true
"90) $400 Amateur Owner Hunter 3'3"" 18-35",90,"$400 Amateur Owner Hunter 3'3"" 18-35",4,29340,10492,true,true
"91) $400 Amateur Owner Hunter 3'3"" 18-35 Years (1st rnd Classic",91,"$400 Amateur Owner Hunter 3'3"" 18-35 Years (1st rnd Classic",4,29341,10492,true,true
"92) $400 Amateur Owner Hunter 3'3"" 18-35",92,"$400 Amateur Owner Hunter 3'3"" 18-35",4,29342,10492,true,true
"93) $400 Amateur Owner Hunter 3'3"" 18-35 Years-Handy",93,"$400 Amateur Owner Hunter 3'3"" 18-35 Years-Handy",4,29343,10492,true,true
"94) $200 Amateur Owner Hunter 3'3"" 18-35 Years U/S",94,"$200 Amateur Owner Hunter 3'3"" 18-35 Years U/S",4,29344,10492,true,true
"95) $400 Amateur Owner Hunter 3'3"" 36+",95,"$400 Amateur Owner Hunter 3'3"" 36+",4,29345,10494,true,true
"96) $400 Amateur Owner Hunter 3'3"" 36+ (1st rnd Classic)",96,"$400 Amateur Owner Hunter 3'3"" 36+ (1st rnd Classic)",4,29346,10494,true,true
"97) $400 Amateur Owner Hunter 3'3"" 36+",97,"$400 Amateur Owner Hunter 3'3"" 36+",4,29347,10494,true,true
"98) $400 Amateur Owner Hunter 3'3"" 36+-Handy",98,"$400 Amateur Owner Hunter 3'3"" 36+-Handy",4,29348,10494,true,true
"99) $200 Amateur Owner Hunter 3'3"" 36+ U/S",99,"$200 Amateur Owner Hunter 3'3"" 36+ U/S",4,29349,10494,true,true
"100) $600 Junior Hunter 3'6""",100,"$600 Junior Hunter 3'6""",4,33521,12047,true,true
"102) $600 Junior Hunter 3'6""",102,"$600 Junior Hunter 3'6""",4,33523,12047,true,true
"103) $600 Junior Hunter 3'6"" Handy",103,"$600 Junior Hunter 3'6"" Handy",4,33524,12047,true,true
"104) $350 Junior Hunter 3'6"" U/S",104,"$350 Junior Hunter 3'6"" U/S",4,33525,12047,true,true
"120) $400 Junior Hunter 3'3""",120,"$400 Junior Hunter 3'3""",7,33526,12048,true,true
"121) $400 Junior Hunter 3'3"" (1st rnd Classic)",121,"$400 Junior Hunter 3'3"" (1st rnd Classic)",7,33527,12048,true,true
"122) $400 Junior Hunter 3'3""",122,"$400 Junior Hunter 3'3""",6,33528,12048,true,true
"123) $400 Junior Hunter 3'3"" - Handy",123,"$400 Junior Hunter 3'3"" - Handy",6,33529,12048,true,true
"124) $200 Junior Hunter 3'3"" - U/S",124,"$200 Junior Hunter 3'3"" - U/S",7,33530,12048,true,true
"150) $250 Green Pony Conf Hunter- Med/Sm 2'6""/2'3""",150,"$250 Green Pony Conf Hunter- Med/Sm 2'6""/2'3""",5,33536,12050,false,true
"151) $250 Green Pony Hunter Med/Sm 2'6""/2'3"" (1st rnd Classic)",151,"$250 Green Pony Hunter Med/Sm 2'6""/2'3"" (1st rnd Classic)",5,33537,12050,false,true
"152) $250 Green Pony Hunter Med/Sm 2'6""/2'3""",152,"$250 Green Pony Hunter Med/Sm 2'6""/2'3""",4,33538,12050,false,true
"153) $250 Green Pony Hunter Med/Sm 2'6""/2'3""",153,"$250 Green Pony Hunter Med/Sm 2'6""/2'3""",4,33539,12050,false,true
"154) $100 Green Pony Hunter Med/Sm 2'6""/2'3"" U/S",154,"$100 Green Pony Hunter Med/Sm 2'6""/2'3"" U/S",5,33540,12050,false,true
"162) $250 Green Pony Conf Hunter- Lg 2'9""",162,"$250 Green Pony Conf Hunter- Lg 2'9""",4,28954,10512,false,true
"163) $250 Green Pony Hunter Lg 2'9"" (1st rnd Classic)",163,"$250 Green Pony Hunter Lg 2'9"" (1st rnd Classic)",4,28955,10512,false,true
"164) $250 Green Pony Hunter Lg 2'9""",164,"$250 Green Pony Hunter Lg 2'9""",4,28956,10512,false,true
"165) $250 Green Pony Hunter Lg 2'9""",165,"$250 Green Pony Hunter Lg 2'9""",4,28957,10512,false,true
"166) $100 Green Pony Hunter Lg 2'9"" U/S",166,"$100 Green Pony Hunter Lg 2'9"" U/S",4,28958,10512,false,true
"170) $375 Pony Conf Hunter- Sm/Med 2'3""/2'6""",170,"$375 Pony Conf Hunter- Sm/Med 2'3""/2'6""",6,33548,12052,false,true
"171) $375 Pony Hunter Sm/Med 2'3""/2'6"" (1st rnd Classic)",171,"$375 Pony Hunter Sm/Med 2'3""/2'6"" (1st rnd Classic)",6,33549,12052,false,true
"172) $375 Pony Hunter Sm/Med 2'3""/2'6""",172,"$375 Pony Hunter Sm/Med 2'3""/2'6""",5,33550,12052,false,true
"173) $375 Pony Hunter Sm/Med 2'3""/2'6"" Handy",173,"$375 Pony Hunter Sm/Med 2'3""/2'6"" Handy",3,33551,12052,false,true
"174) $150 Pony Hunter Sm/Med 2'3""/2'6"" U/S",174,"$150 Pony Hunter Sm/Med 2'3""/2'6"" U/S",6,33552,12052,false,true
"182) $375 Pony Conf Hunter- Lg 2'9""",182,"$375 Pony Conf Hunter- Lg 2'9""",5,28970,10509,false,true
"183) $375 Pony Hunter Lg 2'9"" (1st rnd Classic)",183,"$375 Pony Hunter Lg 2'9"" (1st rnd Classic)",5,28971,10509,false,true
"184) $375 Pony Hunter Lg 2'9""",184,"$375 Pony Hunter Lg 2'9""",5,28972,10509,false,true
"185) $375 Pony Hunter Lg 2'9""-Handy",185,"$375 Pony Hunter Lg 2'9""-Handy",5,28973,10509,false,true
"186) $150 Pony Hunter Lg 2'9"" U/S",186,"$150 Pony Hunter Lg 2'9"" U/S",5,28974,10509,false,true
200) $300 Child Hunter 14/U 3',200,$300 Child Hunter 14/U 3',9,28984,10515,true,true
201) $300 Child Hunter 14/U (1st rnd Classic) 3',201,$300 Child Hunter 14/U (1st rnd Classic) 3',9,28985,10515,true,true
202) $300 Child Hunter 14/U 3',202,$300 Child Hunter 14/U 3',8,28986,10515,false,true
203) $300 Child Hunter 14/U 3',203,$300 Child Hunter 14/U 3',8,28987,10515,false,true
204) $200 Child Hunter 14/U U/S 3',204,$200 Child Hunter 14/U U/S 3',9,28988,10515,true,true
205) $300 Child Hunter 15-17 3',205,$300 Child Hunter 15-17 3',4,28989,10516,true,true
206) $300 Child Hunter 15-17 (1st rnd Classic) 3',206,$300 Child Hunter 15-17 (1st rnd Classic) 3',4,28990,10516,true,true
207) $300 Child Hunter 15-17 3',207,$300 Child Hunter 15-17 3',4,28991,10516,true,true
208) $300 Child Hunter 15-17 3',208,$300 Child Hunter 15-17 3',4,28992,10516,true,true
209) $200 Child Hunter 15-17 U/S 3',209,$200 Child Hunter 15-17 U/S 3',4,28993,10516,true,true
"210) $100 Child Pony Hunter 2'/2'6""",210,"$100 Child Pony Hunter 2'/2'6""",7,33531,12049,false,true
"211) $100 Child Pony Hunter 2'/2'6"" (1st rnd Classic)",211,"$100 Child Pony Hunter 2'/2'6"" (1st rnd Classic)",7,33532,12049,false,true
"212) $100 Child Pony Hunter 2'/2'6""",212,"$100 Child Pony Hunter 2'/2'6""",7,33533,12049,true,true
"213) $100 Child Pony Hunter 2'/2'6""",213,"$100 Child Pony Hunter 2'/2'6""",7,33534,12049,true,true
"214) $50 Child Pony Hunter 2'/2'6"" U/S",214,"$50 Child Pony Hunter 2'/2'6"" U/S",7,33535,12049,false,true
220) $300 Adult Hunter 18-35 3',220,$300 Adult Hunter 18-35 3',14,28994,10519,true,true
221) $300 Adult Hunter 18-35 (1st rnd Classic) 3',221,$300 Adult Hunter 18-35 (1st rnd Classic) 3',14,28995,10519,true,true
222) $300 Adult Hunter 18-35 3',222,$300 Adult Hunter 18-35 3',14,28996,10519,true,true
223) $300 Adult Hunter 18-35 3',223,$300 Adult Hunter 18-35 3',14,28998,10519,true,true
224) $200 Adult Hunter 18-35 U/S 3',224,$200 Adult Hunter 18-35 U/S 3',12,28999,10519,true,true
225) $300 Adult Hunter 36-54 3',225,$300 Adult Hunter 36-54 3',4,29000,10521,true,true
226) $300 Adult Hunter 36-54(1st rnd Classic) 3',226,$300 Adult Hunter 36-54(1st rnd Classic) 3',4,29001,10521,true,true
227) $300 Adult Hunter 36-54 3',227,$300 Adult Hunter 36-54 3',3,29002,10521,true,true
228) $300 Adult Hunter 36-54 3',228,$300 Adult Hunter 36-54 3',3,29003,10521,true,true
229) $200 Adult Hunter 36-54 U/S 3',229,$200 Adult Hunter 36-54 U/S 3',4,29004,10521,true,true
230) $300 Adult Hunter 55+ 3',230,$300 Adult Hunter 55+ 3',5,29005,10522,true,true
231) $300 Adult Hunter 55+ (1st rnd Classic) 3',231,$300 Adult Hunter 55+ (1st rnd Classic) 3',5,29006,10522,true,true
232) $300 Adult Hunter 55+ 3',232,$300 Adult Hunter 55+ 3',5,29007,10522,true,true
233) $300 Adult Hunter 55+ 3',233,$300 Adult Hunter 55+ 3',5,29008,10522,true,true
234) $200 Adult Hunter 55+ U/S 3',234,$200 Adult Hunter 55+ U/S 3',5,29009,10522,true,true
"245) USHJA Hunter 3'3""",245,"USHJA Hunter 3'3""",13,29071,10438,true,false
"246) USHJA Hunter 3'3""",246,"USHJA Hunter 3'3""",11,29072,10438,true,false
"247) USHJA Hunter 3'3""",247,"USHJA Hunter 3'3""",20,29074,10438,true,false
"248) USHJA Hunter 3'3""",248,"USHJA Hunter 3'3""",17,29075,10438,true,false
"249) USHJA Hunter 3'3"" U/S",249,"USHJA Hunter 3'3"" U/S",4,29076,10438,true,false
250) Future Hunter 2',250,Future Hunter 2',6,29041,10535,false,false
251) Future Hunter 2',251,Future Hunter 2',6,29042,10535,false,false
252) Future Hunter 2',252,Future Hunter 2',7,29043,10535,false,false
253) Future Hunter 2',253,Future Hunter 2',7,29044,10535,false,false
254) Future Hunter 2' U/S,254,Future Hunter 2' U/S,5,29045,10535,false,false
255) USHJA Hunter 2',255,USHJA Hunter 2',16,29051,10534,false,false
256) USHJA Hunter 2',256,USHJA Hunter 2',13,29052,10534,false,false
257) USHJA Hunter 2',257,USHJA Hunter 2',24,29053,10534,false,false
258) USHJA Hunter 2',258,USHJA Hunter 2',20,29054,10534,false,false
259) USHJA Hunter 2 U/S,259,USHJA Hunter 2 U/S,14,29055,10534,false,false
"260) USHJA Hunter 2'3""",260,"USHJA Hunter 2'3""",11,29056,10441,false,false
"261) USHJA Hunter 2'3""",261,"USHJA Hunter 2'3""",10,29057,10441,false,false
"262) USHJA Hunter 2'3""",262,"USHJA Hunter 2'3""",10,29058,10441,false,false
"263) USHJA Hunter 2'3""",263,"USHJA Hunter 2'3""",9,29059,10441,false,false
"264) USHJA Hunter 2'3"" U/S",264,"USHJA Hunter 2'3"" U/S",7,29060,10441,false,false
"265) USHJA Hunter 2'6""",265,"USHJA Hunter 2'6""",20,29061,10533,false,false
"266) USHJA Hunter 2'6""",266,"USHJA Hunter 2'6""",17,29062,10533,false,false
"267) USHJA Hunter 2'6""",267,"USHJA Hunter 2'6""",23,29063,10533,false,false
"268) USHJA Hunter 2'6""",268,"USHJA Hunter 2'6""",20,29064,10533,false,false
"269) USHJA Hunter 2'6"" U/S",269,"USHJA Hunter 2'6"" U/S",11,29065,10533,false,false
"270) USHJA Hunter 2'9""",270,"USHJA Hunter 2'9""",14,29264,10532,false,false
"271) USHJA Hunter 2'9""",271,"USHJA Hunter 2'9""",14,29263,10532,false,false
"272) USHJA Hunter 2'9""",272,"USHJA Hunter 2'9""",10,29262,10532,false,false
"273) USHJA Hunter 2'9""",273,"USHJA Hunter 2'9""",7,29261,10532,false,false
"274) USHJA Hunter 2'9"" U/S",274,"USHJA Hunter 2'9"" U/S",6,29260,10532,false,false
275) USHJA Hunter 3',275,USHJA Hunter 3',11,29066,10531,false,false
276) USHJA Hunter 3',276,USHJA Hunter 3',8,29067,10531,false,false
277) USHJA Hunter 3',277,USHJA Hunter 3',21,29068,10531,false,false
278) USHJA Hunter 3',278,USHJA Hunter 3',16,29069,10531,false,false
279) USHJA Hunter 3'' U/S,279,USHJA Hunter 3'' U/S,7,29070,10531,false,false
"280) Baby Green Hunter 2'6""",280,"Baby Green Hunter 2'6""",6,29046,10526,false,false
281) Baby Green Hunter 2'6',281,Baby Green Hunter 2'6',6,29047,10526,false,false
282) Baby Green Hunter 2'6',282,Baby Green Hunter 2'6',5,29048,10526,false,false
"283) Baby Green Hunter 2'6""",283,"Baby Green Hunter 2'6""",5,29049,10526,false,false
284) Baby Green Hunter U/S,284,Baby Green Hunter U/S,3,29050,10526,false,false
305) $100 Low Children's Hunter 2'/6',305,$100 Low Children's Hunter 2'/6',12,33543,12051,false,true
"306) $100 Low Children's Hunter (1st rnd Classic) 2'6""",306,"$100 Low Children's Hunter (1st rnd Classic) 2'6""",12,33544,12051,false,true
307) $100 Low Children's Hunter 2'/6',307,$100 Low Children's Hunter 2'/6',11,33545,12051,false,true
308) $100 Low Children's Hunter 2'/6',308,$100 Low Children's Hunter 2'/6',11,33546,12051,false,true
309) $50 Low Children's Hunter 2'/6' U/S,309,$50 Low Children's Hunter 2'/6' U/S,12,33547,12051,false,true
315) $100 Low Children's Pony Hunter 2',315,$100 Low Children's Pony Hunter 2',0,29020,10431,false,false
316) $100 Low Children's Pony Hunter 2',316,$100 Low Children's Pony Hunter 2',0,29021,10431,false,false
317) $100 Low Children's Pony Hunter 2',317,$100 Low Children's Pony Hunter 2',0,29022,10431,false,false
318) $100 Low Children's Pony Hunter 2',318,$100 Low Children's Pony Hunter 2',0,29023,10431,false,false
319) $50 Low Children's Pony Hunter U/S,319,$50 Low Children's Pony Hunter U/S,0,29024,10431,false,false
"320) $100 Low Adult Hunter 18-35 2'6""",320,"$100 Low Adult Hunter 18-35 2'6""",10,29025,10528,false,true
"321) $100 Low Adult Hunter 18-35 (1st rnd Classic) 2'6""",321,"$100 Low Adult Hunter 18-35 (1st rnd Classic) 2'6""",10,29026,10528,false,true
"322) $100 Low Adult Hunter 18-35 2'6""",322,"$100 Low Adult Hunter 18-35 2'6""",9,29027,10528,false,true
"323) $100 Low Adult Hunter 18-35 2'6""",323,"$100 Low Adult Hunter 18-35 2'6""",8,29028,10528,false,true
324) $50 Low Adult Hunter 18-35 U/S,324,$50 Low Adult Hunter 18-35 U/S,8,29029,10528,false,true
"325) $100 Low Adult Hunter 36-54 2'6""",325,"$100 Low Adult Hunter 36-54 2'6""",8,29030,10413,false,true
326) $100 Low Adult Hunter 36-54 (1st rnd Classic) 2'6',326,$100 Low Adult Hunter 36-54 (1st rnd Classic) 2'6',8,29031,10413,false,true
"327) $100 Low Adult Hunter 36-54 2'6""",327,"$100 Low Adult Hunter 36-54 2'6""",8,29032,10413,false,true
"328) $100 Low Adult Hunter 36-54 2'6""",328,"$100 Low Adult Hunter 36-54 2'6""",8,29034,10413,false,true
329) $50 Low Adult Hunter 36-54 U/S,329,$50 Low Adult Hunter 36-54 U/S,8,29035,10413,false,true
"330) $100 Low Adult Hunter 55+ 2'6""",330,"$100 Low Adult Hunter 55+ 2'6""",5,29036,10412,false,true
331) $100 Low Adult Hunter 55+ (1st rnd Classic) 2'6',331,$100 Low Adult Hunter 55+ (1st rnd Classic) 2'6',5,29037,10412,false,true
"332) $100 Low Adult Hunter 55+ 2'6""",332,"$100 Low Adult Hunter 55+ 2'6""",5,29038,10412,false,true
"333) $100 Low Adult Hunter 55+ 2'6""",333,"$100 Low Adult Hunter 55+ 2'6""",5,29039,10412,false,true
334) $50 Low Adult Hunter 55+ U/S,334,$50 Low Adult Hunter 55+ U/S,4,29040,10412,false,true
"404) $10,000 USHJA UF Vet Hunter Derby 3' Open",404,"$10,000 USHJA UF Vet Hunter Derby 3' Open",13,29176,0,true,true
"405) $10,000 USHJA National Hunter Derby 3' Jr/Am",405,"$10,000 USHJA National Hunter Derby 3' Jr/Am",22,29177,0,true,true
"406) $10,000 Golden Ocala Hunter Derby 3'6/3'9",406,"$10,000 Golden Ocala Hunter Derby 3'6/3'9",11,29178,0,true,true
"407) $2,000 USHJA Pony Hunt & Go Derby 2'3""/2'6""/2'9""",407,"$2,000 USHJA Pony Hunt & Go Derby 2'3""/2'6""/2'9""",7,29179,0,true,true
408) $2500 WEC NonPro Hunt & Go Derby 2'6,408,$2500 WEC NonPro Hunt & Go Derby 2'6,8,29175,0,true,true
"412) $3500 Junior Hunter Classic 3'6""/3'6""",412,"$3500 Junior Hunter Classic 3'6""/3'6""",9,33541,0,true,true
"416) $3500 Amateur Owner Hunter Classic 3'6""/3'3""",416,"$3500 Amateur Owner Hunter Classic 3'6""/3'3""",11,33558,0,true,true
"418) $2500 Pony Hunter Classic 2'3/2'6""/2'9""",418,"$2500 Pony Hunter Classic 2'3/2'6""/2'9""",10,29431,0,true,true
"419) $1500 Green Pony Hunter Classic 2'9""/2'6""/2'3""",419,"$1500 Green Pony Hunter Classic 2'9""/2'6""/2'3""",7,29463,0,true,true
420) $1000 Children's Pony Hunter Classic 2'/2'6',420,$1000 Children's Pony Hunter Classic 2'/2'6',6,29193,0,true,true
421) $1500 NAL/WIHS Children's Hunter Classic 3',421,$1500 NAL/WIHS Children's Hunter Classic 3',9,33542,0,true,true
423) $1500 NAL/WIHS Adult Hunter Classic 18-35 3',423,$1500 NAL/WIHS Adult Hunter Classic 18-35 3',11,29196,0,true,true
424) $1500 NAL/WIHS Adult Hunter Classic 36+ 3',424,$1500 NAL/WIHS Adult Hunter Classic 36+ 3',7,29197,0,true,true
"425) $1250 Low Children's Hunter Classic 2'6""",425,"$1250 Low Children's Hunter Classic 2'6""",11,33454,0,true,true
427) $1250 Low Adult Hunter Classic 18-35 2'6',427,$1250 Low Adult Hunter Classic 18-35 2'6',7,29199,0,true,true
428) $1250 Low Adult Hunter Classic 36+ 2'6',428,$1250 Low Adult Hunter Classic 36+ 2'6',9,29200,0,true,true
430) $1000 USHJA Green Hunter Incentive 3',430,$1000 USHJA Green Hunter Incentive 3',1,29181,0,true,true
"431) $1000 USHJA Green Hunter Incentive 3'3""",431,"$1000 USHJA Green Hunter Incentive 3'3""",4,29182,0,true,true
500) Equitation 11/U 2',500,Equitation 11/U 2',3,29202,10440,false,false
501) Equitation 11/U 2',501,Equitation 11/U 2',3,29203,10440,false,false
502) Equitation 11/U Flat,502,Equitation 11/U Flat,3,29204,10440,false,false
503) Equitation 12-14 2'9',503,Equitation 12-14 2'9',4,29205,10444,false,false
504) Equitation 12-14 2'9',504,Equitation 12-14 2'9',4,29206,10444,false,false
505) Equitation 12-14 Flat,505,Equitation 12-14 Flat,4,29207,10444,false,false
"506) Equitation 15-17 3'3""",506,"Equitation 15-17 3'3""",5,29208,10447,false,false
"507) Equitation 15-17 3'3""",507,"Equitation 15-17 3'3""",5,29209,10447,false,false
508) Equitation 15-17 Flat,508,Equitation 15-17 Flat,5,29210,10447,false,false
509) Adult Equitation 3',509,Adult Equitation 3',6,29211,10459,false,false
510) Adult Equitation 3',510,Adult Equitation 3',5,29212,10459,false,false
511) Adult Equitation Flat,511,Adult Equitation Flat,5,29213,10459,false,false
512) Children's Equitation 3',512,Children's Equitation 3',6,29214,10460,false,false
513) Children's Equitation 3',513,Children's Equitation 3',6,29215,10460,false,false
514) Children's Equitation Flat,514,Children's Equitation Flat,6,29216,10460,false,false
"515) Low Children's Equitation 2'6""",515,"Low Children's Equitation 2'6""",7,29217,10462,false,false
"516) Low Children's Equitation 2'6""",516,"Low Children's Equitation 2'6""",7,29218,10462,false,false
517) Low Children's Equitation Flat,517,Low Children's Equitation Flat,7,29219,10462,false,false
"518) Low Adult Equitation 2'6""",518,"Low Adult Equitation 2'6""",6,29220,10464,false,false
519) Low Adult Equitation 2'6',519,Low Adult Equitation 2'6',6,29221,10464,false,false
520) Low Adult Equitation Flat,520,Low Adult Equitation Flat,4,29222,10464,false,false
"521) Pony Equitation 2'3""/2'6""/2'9""",521,"Pony Equitation 2'3""/2'6""/2'9""",4,29493,10541,false,false
"522) Pony Equitation 2'3""/2'6""/2'9""",522,"Pony Equitation 2'3""/2'6""/2'9""",2,29494,10541,false,false
523) Pony Equitation Flat,523,Pony Equitation Flat,4,29495,10541,false,false
"524) Children's Pony Equitation 2'/2'6""",524,"Children's Pony Equitation 2'/2'6""",3,29490,10540,false,false
"525) Children's Pony Equitation 2'/2'6""",525,"Children's Pony Equitation 2'/2'6""",3,29491,10540,false,false
526) Children's Pony Equitation Flat,526,Children's Pony Equitation Flat,3,29492,10540,false,false
527) Platinum Performance USEF Talent Search 3'9',527,Platinum Performance USEF Talent Search 3'9',5,29231,0,false,false
"528) USEF Hunter Seat Medal 3'6""",528,"USEF Hunter Seat Medal 3'6""",3,29229,0,false,false
"529) WIHS Equitation Hunter Phase 3'6""",529,"WIHS Equitation Hunter Phase 3'6""",3,29240,0,true,false
"530) WIHS Equitation Jumper Phase 3'6""",530,"WIHS Equitation Jumper Phase 3'6""",4,29241,0,false,false
"531) WIHS Equitation Overall 3'6""",531,"WIHS Equitation Overall 3'6""",3,29242,0,false,false
"532) ASPCA Maclay 3'6""",532,"ASPCA Maclay 3'6""",3,29243,0,false,false
"533) NHS Medal 3'3""",533,"NHS Medal 3'3""",5,29244,0,false,false
534) Ariat Adult Medal 3',534,Ariat Adult Medal 3',5,29232,0,true,false
535) THIS Children's Medal 14/U 3',535,THIS Children's Medal 14/U 3',7,29238,0,true,false
536) THIS Children's Medal 15-17 3',536,THIS Children's Medal 15-17 3',4,29239,0,true,false
"537) USHJA Jumping Seat Medal 3'3""",537,"USHJA Jumping Seat Medal 3'3""",6,33505,0,false,false
"545) USEF Pony Medal (Open Card) 2'9""/2'6""/2'3""",545,"USEF Pony Medal (Open Card) 2'9""/2'6""/2'3""",6,29468,0,false,false
"546) WIHS Pony Equitation (Open Card) 2'9""/2'6""/2'3""",546,"WIHS Pony Equitation (Open Card) 2'9""/2'6""/2'3""",4,29469,0,false,false
547) THIS Adult Medal 3',547,THIS Adult Medal 3',3,29245,0,false,false
"548) World Equestrian Center Premier Cup 3'6""",548,"World Equestrian Center Premier Cup 3'6""",4,29246,0,false,false
"549) NCEA Medal 3'3""",549,"NCEA Medal 3'3""",4,28950,0,false,false
600) $100 .65m Jumper Open IV.1,600,$100 .65m Jumper Open IV.1,14,29140,10418,false,true
601) $100 .65m Jumper Open IV.1,601,$100 .65m Jumper Open IV.1,14,29141,10418,false,true
602) $100 .65m Jumper Open IV.1,602,$100 .65m Jumper Open IV.1,9,29142,10418,false,true
603) $100 .65m Jumper Long Creek Farm Junior/Amateur IV.1,603,$100 .65m Jumper Long Creek Farm Junior/Amateur IV.1,16,29143,10419,false,true
604) $100 .65m Jumper Long Creek Farm Junior/Amateur IV.1,604,$100 .65m Jumper Long Creek Farm Junior/Amateur IV.1,16,29144,10419,false,true
605) $100 .65m Jumper Long Creek Farm Junior/Amateur IV.1,605,$100 .65m Jumper Long Creek Farm Junior/Amateur IV.1,17,29145,10419,false,true
606) .75m Jumper Open IV.1,606,.75m Jumper Open IV.1,22,29391,10397,false,false
607) .75m Jumper Open IV.1,607,.75m Jumper Open IV.1,18,29392,10397,false,false
608) .75m Jumper Open IV.1,608,.75m Jumper Open IV.1,27,29393,10397,false,false
609) .75m Jumper Junior/Amateur IV.1,609,.75m Jumper Junior/Amateur IV.1,22,29397,10398,false,false
610) .75m Jumper Junior/Amateur IV.1,610,.75m Jumper Junior/Amateur IV.1,19,29398,10398,false,false
611) .75m Jumper Junior/Amateur IV.1,611,.75m Jumper Junior/Amateur IV.1,28,29399,10398,false,false
618) .85m Jumper Open II.2d,618,.85m Jumper Open II.2d,42,29152,10422,false,false
619) .85m Jumper Open II.2d,619,.85m Jumper Open II.2d,31,29153,10422,false,false
620) .85m Jumper Open II.2d,620,.85m Jumper Open II.2d,23,29154,10422,false,false
621) .85m Jumper Junior/Amateur II.2d,621,.85m Jumper Junior/Amateur II.2d,30,29156,10423,false,false
622) .85m Jumper Junior/Amateur II.2d,622,.85m Jumper Junior/Amateur II.2d,31,29157,10423,false,false
623) .85m Jumper Junior/Amateur II.2d,623,.85m Jumper Junior/Amateur II.2d,30,29158,10423,false,false
624) .95m Jumper II.1,624,.95m Jumper II.1,23,29394,10399,false,false
627) 1.00m Jumper II.1,627,1.00m Jumper II.1,43,29159,10414,false,false
628) 1.00m Jumper II.2d,628,1.00m Jumper II.2d,33,29160,10414,false,false
630) 1.10m Jumper II.1,630,1.10m Jumper II.1,24,29161,10415,false,false
631) 1.10m Jumper II.2d,631,1.10m Jumper II.2d,45,29162,10415,false,false
632) 1.10m Jumper II.2b,632,1.10m Jumper II.2b,23,29163,10415,false,false
633) 1.15m Jumper II.1,633,1.15m Jumper II.1,44,29164,10394,false,false
634) 1.15m Jumper II.2d,634,1.15m Jumper II.2d,27,29165,10394,false,false
635) 1.15m Jumper II.2b,635,1.15m Jumper II.2b,1,29402,10394,false,false
636) $500 1.20m Jumper II.1,636,$500 1.20m Jumper II.1,57,29128,10493,false,true
637) $500 1.20m Jumper II.2d,637,$500 1.20m Jumper II.2d,40,29129,10493,false,true
638) $500 1.20m Jumper II.2b,638,$500 1.20m Jumper II.2b,27,29130,10493,false,true
642) $1000 1.30m Jumper II.1,642,$1000 1.30m Jumper II.1,17,29131,10488,false,true
643) $1000 1.30m Jumper II.2d,643,$1000 1.30m Jumper II.2d,17,29132,10488,false,true
644) $1000 1.30m Jumper II.2b,644,$1000 1.30m Jumper II.2b,37,29133,10488,false,true
645) $1000 1.35m Jumper II.1,645,$1000 1.35m Jumper II.1,68,29134,10490,false,true
646) $1000 1.35m Jumper II.2d,646,$1000 1.35m Jumper II.2d,32,29135,10490,false,true
647) $1000 1.35m Jumper II.2b,647,$1000 1.35m Jumper II.2b,18,29136,10490,false,true
648) $1500 1.40m Jumper II.1,648,$1500 1.40m Jumper II.1,9,29137,10491,false,true
649) $1500 1.40m Jumper II.2d,649,$1500 1.40m Jumper II.2d,11,29138,10491,false,true
680) .90m Young Jumpers II,680,.90m Young Jumpers II,12,29433,0,false,false
681) .90m Young Jumpers II,681,.90m Young Jumpers II,4,29449,0,false,false
683) 1.0m Young Jumpers II,683,1.0m Young Jumpers II,7,29451,0,false,false
684) 1.0m Young Jumpers II,684,1.0m Young Jumpers II,12,29452,0,false,false
685) 1.0m Young Jumpers II,685,1.0m Young Jumpers II,7,29453,0,false,false
686) 1.10m Young Jumper II,686,1.10m Young Jumper II,21,29166,0,false,false
687) 1.10m Young Jumper II,687,1.10m Young Jumper II,17,29167,0,false,false
688) 1.10m Young Jumper II,688,1.10m Young Jumper II,12,29168,0,false,false
689) $250 1.20m Young Jumper II.1,689,$250 1.20m Young Jumper II.1,17,29169,10480,false,true
690) $250 1.20m Young Jumper II.2d,690,$250 1.20m Young Jumper II.2d,20,29170,10480,false,true
691) $250 1.20m Young Jumper II.2b,691,$250 1.20m Young Jumper II.2b,24,29171,10480,false,true
692) $250 1.30m Young Jumper II.1,692,$250 1.30m Young Jumper II.1,28,29172,10481,false,true
693) $250 1.30m Young Jumper II.2d,693,$250 1.30m Young Jumper II.2d,25,29173,10481,false,true
694) $250 1.30m Young Jumper II.2b,694,$250 1.30m Young Jumper II.2b,24,29174,10481,false,true
695) $100 1.0m Thoroughbred Jumper II.1,695,$100 1.0m Thoroughbred Jumper II.1,2,29125,10435,false,true
696) $100 1.0m Thoroughbred Jumper II.2d,696,$100 1.0m Thoroughbred Jumper II.2d,2,29126,10435,false,true
697) $100 1.0m Thoroughbred Jumper II.2b,697,$100 1.0m Thoroughbred Jumper II.2b,1,29127,10435,false,true
731) $150 .90m Novice Junior Jumper II.1,731,$150 .90m Novice Junior Jumper II.1,20,29119,10483,false,true
732) $150 .90m Novice Junior Jumper II.2d,732,$150 .90m Novice Junior Jumper II.2d,19,29120,10483,false,true
734) $150 .90m Novice Amateur Jumper II.1,734,$150 .90m Novice Amateur Jumper II.1,14,29122,10410,false,true
735) $150 .90m Novice Amateur Jumper II.2d,735,$150 .90m Novice Amateur Jumper II.2d,9,29123,10410,false,true
749) $500 1.10m Junior Jumper II.1,749,$500 1.10m Junior Jumper II.1,20,29107,10475,false,true
750) $500 1.10m Junior Jumper II.2d,750,$500 1.10m Junior Jumper II.2d,19,29108,10475,false,true
755) $500 1.10m Amateur Jumper II.1,755,$500 1.10m Amateur Jumper II.1,25,29110,10476,false,true
756) $500 1.10m Amateur Jumper II.2d,756,$500 1.10m Amateur Jumper II.2d,33,29111,10476,false,true
757) $600 1.15m Junior/Amateur Jumper II.1,757,$600 1.15m Junior/Amateur Jumper II.1,25,29104,10436,false,true
758) $600 1.15m Junior/Amateur Jumper II.2d,758,$600 1.15m Junior/Amateur Jumper II.2d,25,29105,10436,false,true
768) $1500 1.20m Junior/Amateur Jumper II.1,768,$1500 1.20m Junior/Amateur Jumper II.1,26,29477,10539,false,true
769) $1500 1.20m Junior/Amateur Jumper II.2d,769,$1500 1.20m Junior/Amateur Jumper II.2d,25,29478,10539,false,true
775) $2000 1.30m JR/AM Jumper II.1,775,$2000 1.30m JR/AM Jumper II.1,28,33465,11986,false,true
776) $2000 1.30m JR/AM Jumper II.2d,776,$2000 1.30m JR/AM Jumper II.2d,21,33466,11986,false,true
781) $2500 1.40m Jr/Am Jumper II.1,781,$2500 1.40m Jr/Am Jumper II.1,11,29095,10458,false,true
782) $2500 1.40m Jr/Am Jumper II.2d,782,$2500 1.40m Jr/Am Jumper II.2d,11,29096,10458,false,true
"803) $10,000 Buckeye Nutrition Futures Prix 1.40m II.2b",803,"$10,000 Buckeye Nutrition Futures Prix 1.40m II.2b",23,29180,0,false,true
"804) $15,000 C. Jarvis Insurance Welcome Prix 1.40m II.2b",804,"$15,000 C. Jarvis Insurance Welcome Prix 1.40m II.2b",33,29455,0,false,true
"805) $50,000 First Equestrian Grand Prix 1.45m II.2a Am Std",805,"$50,000 First Equestrian Grand Prix 1.45m II.2a Am Std",23,29413,0,false,true
809) $500 .95m Novice Junior Classic II.2b,809,$500 .95m Novice Junior Classic II.2b,24,29121,10483,false,true
810) $500 .95m Novice Amateur Classic II.2b,810,$500 .95m Novice Amateur Classic II.2b,11,29124,10410,false,true
813) $2500 1.10m NAL/WIHS Junior Classic II.2b,813,$2500 1.10m NAL/WIHS Junior Classic II.2b,18,29109,10475,false,true
815) $2500 1.10m NAL/WIHS Amateur Classic II.2b,815,$2500 1.10m NAL/WIHS Amateur Classic II.2b,34,29112,10476,false,true
816) $3000 1.15m Junior/Amateur Classic II.2b,816,$3000 1.15m Junior/Amateur Classic II.2b,26,29106,10436,false,true
817) $500 .65m Long Creek Farm Junior/Amateur Classic II.2b,817,$500 .65m Long Creek Farm Junior/Amateur Classic II.2b,15,29409,0,false,true
818) $500 .75m Junior/Amateur Classic II.2b,818,$500 .75m Junior/Amateur Classic II.2b,24,29410,0,false,true
820) $500 .85m Junior/Amateur Classic II.2b,820,$500 .85m Junior/Amateur Classic II.2b,27,29412,0,false,true
851) $5000 NAL 1.25m FreeRide Equestrian Jr/Am Classic II.2b,851,$5000 NAL 1.25m FreeRide Equestrian Jr/Am Classic II.2b,34,29479,10539,false,true
853) $5000 NAL 1.35m Prestige Italia Jr/Am Classic II.2b,853,$5000 NAL 1.35m Prestige Italia Jr/Am Classic II.2b,26,29100,10391,false,true
"855) $10,000 1.45m Junior/Amateur Classic II.2b",855,"$10,000 1.45m Junior/Amateur Classic II.2b",8,29097,10458,false,true
856) $7500 1.40m ARIAT Jumper Classic II.2b,856,$7500 1.40m ARIAT Jumper Classic II.2b,13,29139,10491,false,true
900) Short/Long Stirrup Hunter 2',900,Short/Long Stirrup Hunter 2',16,29470,10538,false,false
901) Short/Long Stirrup Hunter (1st rnd Classic)) 2',901,Short/Long Stirrup Hunter (1st rnd Classic)) 2',15,29471,10538,false,false
902) Short/Long Stirrup Hunter 2',902,Short/Long Stirrup Hunter 2',16,29472,10538,false,false
903) Short/Long Stirrup Hunter 2',903,Short/Long Stirrup Hunter 2',15,29473,10538,false,false
904) Short/Long Stirrup Hunter U/S,904,Short/Long Stirrup Hunter U/S,16,29474,10538,false,false
910) Short/Long Stirrup Equitation 2',910,Short/Long Stirrup Equitation 2',9,29496,10542,false,false
911) Short/Long Stirrup Equitation 2',911,Short/Long Stirrup Equitation 2',9,29497,10542,false,false
912) Short/Long Stirrup Equitation Flat,912,Short/Long Stirrup Equitation Flat,9,29498,10542,false,false
"916) Crossrails 18""",916,"Crossrails 18""",14,33455,11984,false,false
"917) Crossrails 18""",917,"Crossrails 18""",14,33456,11984,false,false
"918) Crossrails 18""",918,"Crossrails 18""",14,33457,11984,false,false
"919) Crossrails 18""",919,"Crossrails 18""",14,33458,11984,false,false
920) Crossrails Flat,920,Crossrails Flat,14,33459,11984,false,false
926) $500 Short Stirrup/Long Stirrup Classic 2',926,$500 Short Stirrup/Long Stirrup Classic 2',14,29201,0,true,true
927) Walk Trot Equitation Ground Rails,927,Walk Trot Equitation Ground Rails,9,29248,10470,false,false
928) Walk Trot Equitation Ground Rails,928,Walk Trot Equitation Ground Rails,9,29249,10470,false,false
929) Walk Trot Equitation Ground Rails,929,Walk Trot Equitation Ground Rails,9,29250,10470,false,false
930) Walk Trot Equitation Ground Rails,930,Walk Trot Equitation Ground Rails,9,29251,10470,false,false
931) Walk Trot Equitation Ground Rails Flat,931,Walk Trot Equitation Ground Rails Flat,8,29252,10470,false,false
2001) Leadline,2001,Leadline,6,29247,0,false,false
"2201) $4,000 4CYTE 1.40m CSI2* Two Phase 222.1.4.3",2201,"$4,000 4CYTE 1.40m CSI2* Two Phase 222.1.4.3",26,29237,0,false,true
"2202) $32,000 4CYTE 1.45m CSI2* Speed 220.2.1.1",2202,"$32,000 4CYTE 1.45m CSI2* Speed 220.2.1.1",23,28941,0,false,true
"2203) $32,000 4 CYTE Grand Prix Qualifier CSI2* 1.45m 220.2.1.2",2203,"$32,000 4 CYTE Grand Prix Qualifier CSI2* 1.45m 220.2.1.2",44,28943,0,false,true
"2204) $85,000 4CYTE Grand Prix FEI CSI2* 1.45m 220.2.1.2",2204,"$85,000 4CYTE Grand Prix FEI CSI2* 1.45m 220.2.1.2",40,28940,0,false,true
629a) 1.00m Jumper II.2b,,629a) 1.00m Jumper II.2b,10,29106,10436,false,false
629b) 1.00m Jumper II.2b,,629b) 1.00m Jumper II.2b,9,29409,0,false,false
737a) $200 1.00m Junior Jumper II.1,,737a) $200 1.00m Junior Jumper II.1,12,29410,0,false,true
737b) $200 1.00m Junior Jumper II.1,,737b) $200 1.00m Junior Jumper II.1,20,29412,0,false,false
738a) $200 1.00m Junior Jumper II.2d,,738a) $200 1.00m Junior Jumper II.2d,16,29479,10539,false,true
738b) $200 1.00m Junior Jumper II.2d,,738b) $200 1.00m Junior Jumper II.2d,22,29100,10391,false,true
740a) $200 1.00m Amateur Jumper II.1,,740a) $200 1.00m Amateur Jumper II.1,7,29097,10458,false,true
740b) $200 1.00m Amateur Jumper II.1,,740b) $200 1.00m Amateur Jumper II.1,13,29139,10491,false,false
741a) $200 1.00m Amateur Jumper II.2d,,741a) $200 1.00m Amateur Jumper II.2d,11,29470,10538,false,true
741b) $200 1.00m Amateur Jumper II.2d,,741b) $200 1.00m Amateur Jumper II.2d,15,29471,10538,false,true
811a) $750 1.05m Junior Classic II.2b,,811a) $750 1.05m Junior Classic II.2b,10,29472,10538,false,true
811b) $750 1.05m Junior Classic II.2b,,811b) $750 1.05m Junior Classic II.2b,20,29473,10538,false,true
812a) $750 1.05m Amateur Classic II.2b,,812a) $750 1.05m Amateur Classic II.2b,8,29474,10538,false,true
812b) $750 1.05m Amateur Classic II.2b,,812b) $750 1.05m Amateur Classic II.2b,9,29496,10542,false,true
