class_number,class_name,entry_count,class_no,sect_no
18,"$250 Green Hunter 3'3""/3'6""",3,33433,11980
19,"$250 Green Hunter 3'3""/3'6""",3,33434,11980
20,"$250 Green Hunter 3'3""/3'6""",3,33435,11980
21,"$250 Green Hunter 3'3""/3'6""",3,33436,11980
22,"Green Hunter 3'3""/3'6"" U/S",3,33437,11980
33,"$250 Green Hunter 3'0""",5,28358,10281
34,"$250 Green Hunter 3'0""",5,28359,10281
35,"$250 Green Hunter 3'0""",5,28360,10281
36,"$250 Green Hunter 3'0""",5,28361,10281
37,"Green Hunter 3'0"" U/S",5,28362,10281
38,"$200 Performance Hunter 3'6""/3'3""",10,33428,11979
39,"$200 Performance Hunter 3'6""/3'3""",9,33429,11979
40,"$200 Performance Hunter 3'6""/3'3""",6,33430,11979
41,"$200 Performance Hunter 3'6""/3'3""-Handy",5,33431,11979
42,"Performance Hunter 3'6""/3'3"" U/S",2,33432,11979
48,"Young Hunter 2'9""/3'",2,33438,11981
49,"Young Hunter 2'9""/3'",2,33439,11981
50,"Young Hunter 2'9""/3'",2,33440,11981
51,"Young Hunter 2'9""/3'",2,33441,11981
52,"Young Hunter 2'9""/3' U/S",0,33442,11981
58,"Young Hunter 3'3""",0,28379,10303
59,"Young Hunter 3'3""",0,28380,10303
60,"Young Hunter 3'3""",0,28381,10303
61,"Young Hunter 3'3""",0,28382,10303
62,"Young Hunter 3'3"" U/S",0,28383,10303
80,"$300 AO Hunter 3'6""/3'3""",3,33476,11988
81,"$300 AO Hunter 3'6""/3'3"" (1st rnd Classic)",3,33477,11988
82,"$300 AO Hunter 3'3""/3'6""",3,33478,11988
83,"$300 AO Hunter 3'3""/3'6"" 18-35-Handy/36+-Handy",3,33479,11988
84,"AO Hunter 3'3""/3'6"" U/S",3,33480,11988
100,"$300 Junior Hunter 3'6""",3,28760,10326
101,"$300 Junior Hunter 3'6"" (1st rnd Classic)",3,28761,10326
102,"$300 Junior Hunter 3'6""",1,28762,10326
103,"$300 Junior Hunter 3'6""-Handy",1,28763,10326
104,"Junior Hunter 3'6"" U/S",3,28764,10326
120,"$300 Junior Hunter 3'3""",6,28820,10333
121,"$300 Junior Hunter 3'3"" (1st rnd Classic)",6,28821,10333
122,"$300 Junior Hunter 3'3""",6,28822,10333
123,"$300 Junior Hunter 3'3"" -Handy",6,28823,10333
124,"Junior Hunter 3'3"" U/S",6,28824,10333
150,"Green Pony Conf Hunter- Sm 2'3""/Med 2'6""/Lg 2'9""",0,28774,10346
151,"Grn Pony Hunter Sm 2'3""/Med 2'6""/Lg 2'9"" (1st rnd Classic",0,28775,10346
152,"Green Pony Hunter Sm 2'3""/Med 2'6""/Lg 2'9""",0,28776,10346
153,"Green Pony Hunter Sm 2'3""/Med 2'6""/Lg 2'9""",0,28778,10346
154,"Green Pony Hunter Sm 2'3""/Med 2'6""/Lg 2'9"" U/S",0,28779,10346
182,"$200 Pony Conf Hunter 2'3""/2'6""/2'9""",3,28355,10338
183,"$200 Pony Hunter 2'3""/2'6""/2'9"" (1st rnd Cl)",3,28780,10338
184,"$200 Pony Hunter Sm2'3""/Med2'6""/Lg2'9""",3,28781,10338
185,"$200 Pony Hunter Sm2'3""/Med2'6""/Lg2'9""-Handy",3,28782,10338
186,"Pony Hunter Sm2'3""/Med2'6""/Lg2'9"" U/S",3,28783,10338
200,$175 Children's Hunter 3',9,28366,10348
201,$175 Children's Hunter (1st rnd Classic) 3',9,28367,10348
202,$175 Children's Hunter 3',9,28767,10348
203,$175 Children's Hunter 3',8,28768,10348
204,Children's Hunter U/S 3',8,28769,10348
210,"Low Child Pony/Child Hunter Pony 2'/2'6""",8,33471,11987
211,Low Child Pony/Child Hunter Pony (1st rnd Classic),8,33472,11987
212,"Low Child Pony/Child Hunter Pony 2'/2'6""",8,33473,11987
213,"Low Child Pony/Child Hunter Pony 2'/2'6""",8,33474,11987
214,"Low Child Pony/Child Hunter Pony 2'/2'6"" U/S",8,33475,11987
220,$175 Adult Amateur Hunter 3',9,28356,10354
221,$175 Adult Amateur Hunter (1st rnd Classic) 3',9,28357,10354
222,$175 Adult Amateur Hunter 3',11,28363,10354
223,$175 Adult Amateur Hunter 3',11,28364,10354
224,Adult Amateur Hunter U/S 3',10,28365,10354
235,Thoroughbred Hunter 3',0,28510,10366
236,Thoroughbred Hunter 3',0,28511,10366
237,Thoroughbred Hunter 3',0,28512,10366
238,Thoroughbred Hunter 3',0,28513,10366
239,Thoroughbred Hunter U/S 3',0,28514,10366
245,"USHJA Hunter 3'3""",3,28561,10258
246,"USHJA Hunter 3'3""",2,28562,10258
247,"USHJA Hunter 3'3""",4,28563,10258
248,"USHJA Hunter 3'3""",3,28564,10258
249,"USHJA Hunter 3'3"" U/S",0,28565,10258
250,Future Hunter 2',0,28810,10372
251,Future Hunter 2',0,28811,10372
252,Future Hunter 2',0,28812,10372
253,Future Hunter 2',0,28813,10372
254,Future Hunter 2' U/S,0,28814,10372
255,USHJA Hunter 2',5,28541,10371
256,USHJA Hunter 2',4,28542,10371
257,USHJA Hunter 2',5,28543,10371
258,USHJA Hunter 2',5,28544,10371
259,USHJA Hunter 2' U/S,5,28545,10371
260,"USHJA Hunter 2'3""",4,28546,10261
261,"USHJA Hunter 2'3""",4,28547,10261
262,"USHJA Hunter 2'3""",6,28548,10261
263,"USHJA Hunter 2'3""",5,28549,10261
264,"USHJA Hunter 2'3"" U/S",5,28550,10261
265,"USHJA Hunter 2'6""",17,28551,10370
266,"USHJA Hunter 2'6""",14,28552,10370
267,"USHJA Hunter 2'6""",19,28553,10370
268,"USHJA Hunter 2'6""",17,28554,10370
269,"USHJA Hunter 2'6"" U/S",8,28555,10370
270,"USHJA Hunter 2'9""",7,28734,10369
271,"USHJA Hunter 2'9""",7,28733,10369
272,"USHJA Hunter 2'9""",7,28732,10369
273,"USHJA Hunter 2'9""",7,28731,10369
274,"USHJA Hunter 2'9"" U/S",3,28730,10369
275,USHJA Hunter 3',18,28556,10368
276,USHJA Hunter 3',18,28557,10368
277,USHJA Hunter 3',15,28558,10368
278,USHJA Hunter 3',12,28559,10368
279,USHJA Hunter 3' U/S,5,28560,10368
280,"Baby Green Hunter 2'6""",7,28536,10361
281,"Baby Green Hunter 2'6""",7,28537,10361
282,"Baby Green Hunter 2'6""",7,28538,10361
283,"Baby Green Hunter 2'6""",6,28539,10361
284,"Baby Green Hunter U/S 2'6""",7,28540,10361
310,"Low Children's Hunter 2'6""",5,28840,10363
311,"Low Children's Hunter (1st rnd Classic) 2'6""",5,28841,10363
312,"Low Children's Hunter 2'6""",5,28842,10363
313,"Low Children's Hunter 2'6""",5,28843,10363
314,"Low Children's Hunter U/S/2'6""",5,28844,10363
315,"Low Adult Hunter 2'6""",22,28332,10365
316,"Low Adult Hunter (1st rnd Classic) 2'6""",21,28770,10365
317,"Low Adult Hunter 2'6""",18,28771,10365
318,"Low Adult Hunter 2'6""",18,28772,10365
319,"Low Adult Hunter U/S 2'6""",17,28773,10365
404,"$5,000 USHJA UF Vet Hunter Derby 3'",20,28659,0
408,"$750 WEC 2'6"" Hunt and Go Derby",9,28658,0
412,"$1500 AO/JR Hunter Classic 3'3""/3'6""",8,33482,0
418,"$750 Pony Hunter Classic 2'3""/2'6""/2'9""",0,28666,0
419,"$500 Green Pony Hunter Classic 2'3""/2'6""/2'9""",0,28665,0
420,"$350 Children's Pony Hunter Classic 2'6""/2'",6,28667,0
421,$1000 Children's Hunter Classic 3',9,28668,0
423,$1000 Adult Hunter Classic 3',7,28669,0
425,"$500 Low Adult/Child Hunter Classic 2'6""",21,33483,0
500,Equitation 11/U 2',0,28673,10260
501,Equitation 11/U 2',0,28674,10260
502,Equitation 11/U Flat,0,28675,10260
503,Equitation 12-14 2'9',4,28676,10264
504,Equitation 12-14 2'9',4,28677,10264
505,Equitation 12-14 Flat,4,28678,10264
506,"Equitation 15-17 3'3""",4,28679,10267
507,"Equitation 15-17 3'3""",4,28680,10267
508,Equitation 15-17 Flat,4,28681,10267
509,Adult/Child Equitation 3',6,33462,11985
510,Adult/Child Equitation 3',6,33463,11985
511,Adult/Child Equitation Flat,6,33464,11985
515,"Low Children's Equitation 2'6""",5,28688,10282
516,"Low Children's Equitation 2'6""",5,28689,10282
517,Low Children's Equitation Flat,5,28690,10282
518,"Low Adult Equitation 2'6""",8,28691,10284
519,"Low Adult Equitation 2'6""",7,28692,10284
520,Low Adult Equitation Flat,6,28693,10284
521,"Pony Equitation 2'3""/2'6""/2'9""",3,28694,10229
522,"Pony Equitation 2'3""/2'6""/2'9""",3,28695,10229
523,Pony Equitation Flat,2,28696,10229
524,"Children's Pony Equitation 2'/2'6""",3,28697,10286
525,"Children's Pony Equitation 2'/2'6""",3,28698,10286
526,Children's Pony Equitation Flat,3,28699,10286
527,"Platinum Performance USEF Talent Search 3'9""",1,28702,0
528,"USEF Hunter Seat Medal 3'6""",4,28700,0
529,"WIHS Equitation Hunter Phase 3'6""",1,28710,0
530,"WIHS Equitation Jumper Phase 3'6""",1,28711,0
531,"WIHS Equitation Overall 3'6""",0,28712,0
532,"ASPCA Maclay 3'6""",4,28713,0
533,"NHS Medal 3'3""",6,28714,0
534,Ariat Adult Medal 3',1,28703,0
535,THIS Children's Medal 3',6,28657,0
537,"USHJA 3'3"" Jumping Seat Medal",0,33481,0
539,"USHJA Hunter Seat Medal 3'3""",0,28706,0
545,"USEF Pony Medal (Open Card) 2'3""/2'6""/2'9""",0,28701,0
546,"WIHS Pony Equitation (Open Card) 2'3""/2'6""/2'9""",1,28707,0
547,THIS Adult Medal 3',0,28715,0
548,"World Equestrian Center Premier Cup 3'6""",4,28716,0
549,"NCEA Medal 3'3""",1,28451,0
600,.65m Jumper Open IV.1,10,28631,10238
601,.65m Jumper Open IV.1,8,28632,10238
602,.65m Jumper Open IV.1,8,28633,10238
603,.65m Jumper Jr/Am Long Creek Farms IV.1,4,28634,10239
604,.65m Jumper Jr/Am Long Creek Farms IV.1,6,28635,10239
605,.65m Jumper Jr/Am Long Creek Farms IV.1,7,28636,10239
606,.75m Jumper Open IV.1,9,28739,10217
607,.75m Jumper Open IV.1,9,28740,10217
608,.75m Jumper Open IV.1,9,28741,10217
609,.75m Jumper Jr/Am IV.1,7,28742,10218
610,.75m Jumper Jr/Am IV.1,8,28743,10218
611,.75m Jumper Jr/Am IV.1,8,28744,10218
618,.85m Jumper Open II.2d,9,28643,10242
619,.85m Jumper Open II.2d,14,28644,10242
620,.85m Jumper Open II.2b,9,28646,10242
621,.85m Jumper Jr/Am II.2d,6,28647,10243
622,.85m Jumper Jr/Am II.2d,9,28648,10243
623,.85m Jumper Jr/Am II.2b,12,28649,10243
624,.95m Jumper- II.1,4,28745,0
625,.95m Jumper- II.2d,3,28746,0
627,1.00m Jumper II.1,13,28650,10234
628,1.00m Jumper II.2d,18,28651,10234
629,1.00m Jumper II.2b,5,28749,10234
630,1.10m Jumper II.1,15,28652,10235
631,1.10m Jumper II.2d,16,28653,10235
632,1.10m Jumper II.2b,7,28654,10235
633,1.15m Jumper II.1,12,28655,10214
634,1.15m Jumper II.2d,11,28656,10214
635,1.15m Jumper II.2b,4,28750,10214
636,1.20m Jumper II.1,64,28619,10321
637,1.20m Jumper II.2d,24,28620,10321
638,1.20m Jumper II.2b,11,28621,10321
639,1.25m Jumper II.1,17,28333,10312
640,1.25m Jumper II.2d,14,28334,10312
641,1.25m Jumper II.2b,8,28335,10312
642,1.30m Jumper II.1,33,28622,10315
643,1.30m Jumper II.2d,26,28623,10315
644,1.30m Jumper II.2b,17,28624,10315
645,1.35m Jumper II.1,15,28625,10317
646,1.35m Jumper II.2d,11,28626,10317
647,1.35m Jumper II.2b,10,28627,10317
648,1.40m Jumper II.1,0,28628,10318
649,1.40m Jumper II.1,8,28629,10318
654,.80m Jumper Open IV.1,4,28637,0
655,.85m Jumper Open II.1,5,33427,0
680,.90m Young Jumpers II,7,28825,0
681,.90m Young Jumpers II,7,28826,0
682,.90m Young Jumpers II,2,28827,0
683,1.0m Young Jumpers II,5,28828,0
684,1.0m Young Jumpers II,2,28829,0
685,1.0m Young Jumpers II,6,28830,0
686,1.10m Young Jumpers II,11,28336,10302
687,1.10m Young Jumpers II,12,28337,10302
688,1.10m YoungJumpers II,12,28338,10302
689,1.20m Young Jumpers II.1,20,28339,10304
690,1.20m Young Jumpers II.2d,24,28340,10304
691,1.20m Young Jumpers II.2b,17,28341,10304
692,1.30m Young Jumper II.1,5,28342,10305
693,1.30m Young Jumper II.2d,6,28343,10305
694,1.30m Young Jumper II.2b,6,28344,10305
695,Thoroughbred Jumper 1.0m II.1,0,28616,10255
696,Thoroughbred Jumper 1.0m II.2d,0,28617,10255
697,Thoroughbred Jumper 1.0m II.2b,0,28618,10255
731,.90m Novice Junior/Amateur Jumper II.1,16,28798,10308
732,.90m Novice Junior/Amateur Jumper II.2d,11,28799,10308
737,1.00m Junior/Amateur Jumper II.1,19,28795,10310
738,1.00m Junior/Amateur Jumper II.2d,28,28796,10310
749,1.10m Junior/Amateur Jumper II.1,21,28784,10299
750,1.10m Junior/Amateur Jumper II.2d,28,28785,10299
757,1.15m Junior/Amateur Jumper II.1,7,28595,10256
758,1.15m Junior/Amateur Jumper II.2d,12,28596,10256
768,1.20m Junior/Amateur Jumper II.1,17,28787,10290
769,1.20m Junior/Amateur Jumper II.2d,15,28788,10290
775,1.30m Junior/Amateur Jumper II.1,8,28589,10283
776,1.30m Junior/Amateur Jumper II.2d,7,28590,10283
781,1.40m Junior/Amateur Jumper II.1,3,28586,10278
782,1.40m Junior/Amateur Jumper II.2d,2,28587,10278
804,$3500 C. Jarvis Insurance Welcome Prix 1.30m II.2b,42,28660,0
805,"$16,999 Golden Ocala Grand Prix 1.35/1.40m II.2a Reg Std",60,28661,0
809,.95m Novice Junior/Amateur Jumper Classic II.2b,12,28800,10308
811,$500 1.05m Junior/Amateur Jumper II.2b,21,28797,10310
813,$500 1.10m Jr/Am Classic II.2b,24,28786,10299
816,$500 1.15m Junior/Amateur Classic II.2b,12,28597,10256
817,.65m Jr/Am Long Creek Farm Jumper Classic II.2b,5,28578,0
818,.75m Jr/Am Jumper Classic II.2b,8,28581,0
820,.85m Jr/Am Jumper Classic II.2b,13,28754,0
851,$1000 FreeRide Equestrian 1.25m Jr/Am Jumper Classic II.2b,20,28789,10290
853,$1000 Prestige Italia 1.35m1.45m Jr/Am Classic II.2b,8,28591,10283
900,Short/Long Stirrup Hunter 2',13,28845,10374
901,Short/Long Stirrup Hunter 2' (1st rnd Classic) 2',12,28851,10374
902,Short/Long Stirrup Hunter 2',14,28852,10374
903,Short/Long Stirrup Hunter 2',13,28853,10374
904,Short/Long Stirrup Hunter 2' U/S,11,28854,10374
910,Short/Long Stirrup Equitation 2',11,28575,10295
911,Short/Long Stirrup Equitation 2',11,28630,10295
912,Short/Long Stirrup Equitation Flat,10,28645,10295
916,Opportunity Crossrails 18,0,33415,11978
917,"Opportunity Crossrails 18""",0,33416,11978
918,"Opportunity Crossrails 18""",0,33417,11978
919,"Opportunity Crossrails 18""",0,33418,11978
920,"Opportunity Crossrails 18"" U/S",0,33419,11978
926,Short Stirrup/Long Stirrup Classic 2',10,28672,0
927,Walk Trot Equitation Ground Rails,3,28718,10291
928,Walk Trot Equitation Ground Rails,3,28719,10291
929,Walk Trot Equitation Ground Rails,3,28720,10291
930,Walk Trot Equitation Ground Rails,3,28721,10291
931,Walk Trot Equitation Ground Rails Flat,3,33461,10291
2001,Leadline,4,28717,0
