record_id,show_no,entry_no,entry_display,horse,horse_display,rider,rider_display,trainer,trainer_display,active
rec01fcLz3gBaOuCk,14906,2961,2961,Evolene De Carles,Evolene De Carles,Vicente Guillen,Vicente,Vicente Guillen,Vicente Guillen,1
rec04G5QautLKroO5,14906,2535,2535,Lucky Lakota,Lucky Lakota,Audrey Price,Audrey Price,Wendy J. Hechler,Wendy J. Hechler,1
rec04dA4WFyLCjXNw,14906,1675,1675,L.v. Valdrumer,L.v. Valdrumer,Nicole Presa Tejada,Nicole Presa Tejada,Juan A. Rodriguez Silva,Juan A. Rodriguez Silva,1
rec05KksmIMbP4zEb,14906,3099,3099,Cartoon Sd Z,Cartoon Sd Z,Tanner Korotkin,Tanner Korotkin,Alan Korotkin,Alan Korotkin,1
rec07FCmE0osOA0Z0,14906,2128,2128,Changes In Latitude,Changes In Latitude,Clara Sipple,Clara Sipple,Maisie Wagner,Maisie Wagner,1
rec07T9tJS4DHWlU0,14906,1466,1466,Odaya,Odaya,Anna Mazor-Allhusen,Anna Mazor-Allhusen,Mario Garcia,Mario Garcia,1
rec08Bcdiirsd0shr,14906,1075,1075,Chris B,Chris B,Hector Florentino,Hector,Benjamin J. Meredith,Benjamin J. Meredith,1
rec0MpaYnNju2ExM0,14906,1457,1457,Kamilla,Kamilla,Olivia Planer,Olivia Planer,Wendy J. Hechler,Wendy J. Hechler,1
rec0NSJSySU5lKsqL,14906,2964,2964,Chillas Z,Chillas Z,Tanner Korotkin,Tanner Korotkin,Brooklyn Castellano,Brooklyn Castellano,1
rec0OvFLXfoZKvs15,14906,1251,1251,Spice Girl,Spice Girl,Bernadette Sobrino,Bernadette Sobrino,Erica Robson,Erica Robson,1
rec0oUzAUaAoWaLAO,14906,1247,1247,Captain Marvel CF,Captain Marvel CF,Erica Robson,Erica,Erica Robson,Erica Robson,1
rec0on3YwJxmy4UfE,14906,2803,2803,Kanai,Kanai,Addison Reed,Addison,Addison Reed,Addison Reed,1
rec0sEBbL6j23F5Gs,14906,154,154,Hagelin,Hagelin,Sharn L. Wordley,Sharn,Sharn L. Wordley,Sharn L. Wordley,1
rec0toyPx9achffXl,14906,2727,2727,Global Ph Cocofino,Global Ph Cocofino,Tyla Hackett,Tyla Hackett,David Cameron,David Cameron,1
rec0v0WJGnoB5pLrQ,14906,2874,2874,Dropshot Z,Dropshot Z,Jordan Petersen,Jordan,Jared P. Petersen,Jared P. Petersen,1
rec15E164n3x0AA8E,14906,1051,1051,Cajou Mm,Cajou Mm,Clara Vidal,Clara Vidal,Daniela Roy,Daniela Roy,1
rec1K7ICEFCibF2DT,14906,1589,1589,Kali,Kali,Mireya Godoy,Mireya,Juan M. Bolanos,Juan M. Bolanos,1
rec1RAmQjCfnJ2wyW,14906,2827,2827,Lord Carlino,Lord Carlino,Alexandra Hird,Alexandra Hird,August Torsilieri,August Torsilieri,1
rec1e77tZXkuTZTKx,14906,1525,1525,Checkmate,Checkmate,Jake Evans,Jake Evans,Jake Evans,Jake Evans,1
rec1eLaySOTVGfZvf,14906,1882,1882,Kara J D'alve Z,Kara J D'alve Z,Alexandria Beneson,Alexandria,Thea N. Stinnett,Thea N. Stinnett,1
rec1h9tikxncztApt,14906,1767,1767,Gotham De Chalusse,Gotham De Chalusse,Robert Mendoza,Robert,Robert Mendoza,Robert Mendoza,1
rec1jsiwNJbaqTry3,14906,2190,2190,Kennedy,Kennedy,Izabella Zourdos,Izabella Zourdos,Kathryn Delaney,Kathryn Delaney,1
rec1kzOSCYINSWMgd,14906,2385,2385,Casa Quo Vadis,Casa Quo Vadis,Grace Harrison,Grace Harrison,Lisa Hasenbeck,Lisa Hasenbeck,1
rec1oM5ee7kSk9If7,14906,1088,1088,Titan,Titan,Mckenzie Miller,Mckenzie,Conan Conway,Conan Conway,1
rec1v4wlYLNcNIVGe,14906,1441,1441,Princeton Mk,Princeton Mk,Matthew Le Master,Matthew,Matthew Le Master,Matthew Le Master,1
rec1zG5BsIopNkvgJ,14906,1679,1679,Tarzan Z,Tarzan Z,Ana Cristina Rodriguez,Ana,Juan A. Rodriguez Silva,Juan A. Rodriguez Silva,1
rec20ehq3ynW6QPW7,14906,2541,2541,Fireball,Fireball,Mario Garcia,Mario Garcia,Mario Garcia,Mario Garcia,1
rec26JITyiE4sJMw9,14906,2348,2348,Cupido De Jolie Z,Cupido De Jolie Z,Katlynn Butler,Katlynn,Katlynn Butler,Katlynn Butler,1
rec26u95qyoi4Zpdx,14906,2573,2573,Ballyforan,Ballyforan,Patrick R. Wilcher,Patrick,Patrick R. Wilcher,Patrick R. Wilcher,1
rec2C8xe0wSoPWTi8,14906,1092,1092,Over Ruled,Over Ruled,Isabella Keyman,Isabella Keyman,Alison Jones,Alison Jones,1
rec2LVSvJYCzH6ntu,14906,1021,1021,Rover,Rover,Kelly Prather,Kelly,Michael K. Kennedy,Michael K. Kennedy,1
rec2QkcnyX1waK5ev,14906,1591,1591,Irish Coffee Vhl,Coffee,Iliana Palumbo,Iliana,Alan Korotkin,CWF,1
rec2SnUDTF5XK7afR,14906,2294,2294,Onetta Vd Fruitkorf Z,Onetta Vd Fruitkorf Z,Declan Egan,Declan,Declan Egan,Declan Egan,1
rec2alpWgee7dQAmr,14906,2393,2393,United's Choice,United's Choice,Dana Ventrice,Dana,Dana Ventrice,Dana Ventrice,1
rec2baIfOEJG63TMM,14906,2720,2720,Espresso,Espresso,Molly Frei,Molly,Sven Frei,Sven Frei,1
rec2c2MFlF74J1ChD,14906,1072,1072,Volodia D'argouges,Volodia D'argouges,Clara Vidal,Clara Vidal,Daniela Roy,Daniela Roy,1
rec2cDkWFGecuTXv5,14906,1933,1933,Caligua,Caligua,Jamie Reinheimer,Jamie Reinheimer,Jamie Reinheimer,Jamie Reinheimer,1
rec2hsK2SEMEvJsQF,14906,3039,3039,Billy Adorable,Billy Adorable,Sophie Smith,Sophie,Morgan Taylor,Morgan Taylor,1
rec2ycsr5WvP5uEld,14906,1101,1101,Quido,Quido,Reya Popat,Reya Popat,Morgan Taylor,Morgan Taylor,1
rec32qsqLuGDJ9aQ7,14906,1766,1766,Diatendra,Diatendra,Robert Mendoza,Robert,Robert Mendoza,Robert Mendoza,1
rec36l8EG5RpAgroN,14906,1109,1109,Odilon,Odilon,Soleil Katsur,Soleil,Jessica Cross,Jessica Cross,1
rec3Ajj0at5slKfYA,14906,2736,2736,Olimpink Melloni,Olimpink Melloni,Timothy Maddrix,Timothy,Timothy Maddrix,Timothy Maddrix,1
rec3DpKWemv7a6IRn,14906,2173,2173,Danilo Khr,Danilo Khr,Megan Gardiner,Megan,Megan Gardiner,Megan Gardiner,1
rec3FAchzIv5xBucH,14906,1707,1707,Ally Z,Ally Z,Anne L. Bingler,Anne,Anne L. Bingler,Anne L. Bingler,1
rec3K75aukCEzb49g,14906,1682,1682,Allegra Van Het Eikenhof Z,Allegra Van Het Eikenhof Z,Aria Collins,Aria,Jessica Collins,Jessica Collins,1
rec3MT7xCq5XAhkoB,14906,1916,1916,Hhf Levison's Pride,Hhf Levison's Pride,Bryce P. Richardson,Bryce,Bryce P. Richardson,Bryce P. Richardson,1
rec3Uv3yOB4Q5NwZf,14906,2954,2954,Dropshot Z,Dropshot Z,Paige Jones,Paige,Dominique H. Damico,Dominique H. Damico,1
rec3W1m1CRMqKtOku,14906,2383,2383,A La Quattro S,A La Quattro S,Vivian Heyer,Vivian,August Torsilieri,August Torsilieri,1
rec3YkBAt3T7g2M9W,14906,1187,1187,Phantom,Phantom,Adelyn Miller,Adelyn Miller,Stephanie Free,Stephanie Free,1
rec3Z99UEZL8sSNY7,14906,1095,1095,Cabana Boy,Cabana Boy,Isaac Leffkowitz,Isaac,Isaac Leffkowitz,Isaac Leffkowitz,1
rec3bLIGAk2dqZnDe,14906,3034,3034,Napoleon,Napoleon,Robert P. Stucky,Robert,Robert P. Stucky,Robert P. Stucky,1
rec3d5aE12ySM19YR,14906,1984,1984,Olli Van De Zuuthoeve,Olli Van De Zuuthoeve,Dana Narayanappa,Dana Narayanappa,Natalie Johnson Russell,Natalie Johnson Russell,1
rec3wby7DWIiWanEq,14906,1879,1879,Salute To You,Salute To You,Clara Vidal,Clara Vidal,Daniela Roy,Daniela Roy,1
rec3wfvjfMjQ9sCII,14906,1249,1249,Colombiana,Colombiana,Erica Robson,Erica,Erica Robson,Erica Robson,1
rec3zr0DE8MzOsdpK,14906,1221,1221,Kobalt Des Vk,Kobalt Des Vk,Megan Wexler,Megan,Megan Wexler,Megan Wexler,1
rec3zyMPoFyldLxW3,14906,107,107,Conthalando Ps,Conthalando Ps,Manuel G. Torres,Manuel,Manuel G. Torres,Manuel G. Torres,1
rec43Xr9hCD3oLh2g,14906,2926,2926,Clever,Clever,Jake Evans,Jake Evans,Jake Evans,Jake Evans,1
rec45GpYeI1KYllF5,14906,1027,1027,Fort Knox,Knox,Lainey Posa,Lainey,Alan Korotkin,CWF,1
rec4BWUfDhA6ovO4X,14906,2664,2664,Callisto,Callisto,Angela Gais,Angela,Angela Gais,Angela Gais,1
rec4HtfJmwxwrcJYO,14906,1428,1428,Insightful,Insightful,Lanie Nash,Lanie,Dawn Hersey,Dawn Hersey,1
rec4ITFSuRzNz24pL,14906,2934,2934,Jalanne,Jalanne,Jelmer Hoekstra,Jelmer,Jelmer Hoekstra,Jelmer Hoekstra,1
rec4V1tpPt3wiEnbN,14906,2137,2137,Falling Moon Front Page,Falling Moon Front Page,Kennedy Kluber,Kennedy Kluber,Terrie E. Shibley,Terrie E. Shibley,1
rec4X25T8c5jnS9aX,14906,1666,1666,F.ellouette,F.ellouette,Sebastian Presa Tejada,Sebastian,Juan A. Rodriguez Silva,Juan A. Rodriguez Silva,1
rec4aCCXiT3ZzSW5s,14906,2170,2170,Greigiau Spring Johnson,Greigiau Spring Johnson,Ella Sasso,Ella Sasso,Juliann W. Cunningham,Juliann W. Cunningham,1
rec4dXlqCDnn7yZkr,14906,1459,1459,Voyageur,Voyageur,Marie Lawlor,Marie Lawlor,Wendy J. Hechler,Wendy J. Hechler,1
rec4g5rjcJW2YzDAg,14906,1106,1106,Naomi Hpf,Naomi Hpf,Hector Florentino,Hector,Benjamin J. Meredith,Benjamin J. Meredith,1
rec4pOaYgAZalZMzo,14906,1341,1341,Modena Lc,Modena Lc,Juan J. Bancalari,Juan,Juan J. Bancalari,Juan J. Bancalari,1
rec4qUOGVJAGUZqnw,14906,143,143,Pmf Inventiv,Pmf Inventiv,Angela Swanson,Angela,Angela Swanson,Angela Swanson,1
rec4xJM8MrD8yzusL,14906,1488,1488,Crown,Crown,Katherine Addington,Katherine Addington,Bibby F. Hill,Bibby F. Hill,1
rec50DCvX5MF21Jf5,14906,1241,1241,Balou Blue Z,Balou Blue Z,Brittni A. Raflowitz,Brittni,Brittni A. Raflowitz,Brittni A. Raflowitz,1
rec514OUjwldYovtn,14906,1768,1768,Mistigrise Du Seigneur,Mistigrise Du Seigneur,Robert Mendoza,Robert,Robert Mendoza,Robert Mendoza,1
rec54726T3NJ6SoIz,14906,1785,1785,Vdl Adancha Z,Vdl Adancha Z,Stella Stinnett,Stella Stinnett,Thea N. Stinnett,Thea N. Stinnett,1
rec5BCZ11djG4ijhg,14906,2796,2796,Santa Rosa Fiona,Santa Rosa Fiona,Priscilla Broger,Priscilla,Priscilla Broger,Priscilla Broger,1
rec5HRwfgu8Db9W27,14906,1108,1108,Cali Blue Ps,Cali Blue Ps,Jessica Cross,Jessica,Jessica Cross,Jessica Cross,1
rec5OBdFACbnwaG76,14906,2966,2966,Beast Mode,Beast Mode,Addison Benio,Addison Benio,Addison Benio,Addison Benio,1
rec5SupXeyjWTgAbz,14906,2732,2732,Leroy Brown,Leroy Brown,Amanda Majewski,Amanda Majewski,Terrie E. Shibley,Terrie E. Shibley,1
rec5U7pN8TJHOvcg6,14906,2029,2029,Cobalto,Cobalto,Anne L. Bingler,Anne,Anne L. Bingler,Anne L. Bingler,1
rec5WKbSvvNAIspHS,14906,2132,2132,Goliath,Goliath,Addison Reed,Addison,Addison Reed,Addison Reed,1
rec5WQl0Uwyt03T0k,14906,1098,1098,Royal Mark,Royal Mark,Isaac Leffkowitz,Isaac,Isaac Leffkowitz,Isaac Leffkowitz,1
rec5pQtQGSG9uVcTL,14906,2930,2930,Miracle Van De Beiaard Z,Miracle Van De Beiaard Z,Declan Egan,Declan,Declan Egan,Declan Egan,1
rec5pU13zfWM743CN,14906,2292,2292,Icarus,Icarus,Declan Egan,Declan,Declan Egan,Declan Egan,1
rec5pmCjObhKYYuY4,14906,2197,2197,King William,King William,Sharn L. Wordley,Sharn,Sharn L. Wordley,Sharn L. Wordley,1
rec5ppXd3Vi3V3PUp,14906,1878,1878,Futur Du Pomiez,Futur Du Pomiez,Jelmer Hoekstra,Jelmer,Tara G. Bostwick,Tara G. Bostwick,1
rec5ygHvQHdrPqVbK,14906,2928,2928,Cypress,Cypress,Declan Egan,Declan Egan,Declan Egan,Declan Egan,1
rec5zBhR4G8UOqWRu,14906,1628,1628,Milas D,Milas D,Jennifer Strickland,Jennifer Strickland,Jennifer Strickland,Jennifer Strickland,1
rec6M1TTc7umBP1As,14906,1065,1065,Lord Cageman,Lord Cageman,Clara Vidal,Clara Vidal,Daniela Roy,Daniela Roy,1
rec6QjeebNQzoD5RS,14906,1791,1791,Kalahari Na,Kalahari Na,Katie Drummond,Katie Drummond,Jared P. Petersen,Jared P. Petersen,1
rec6ZGNosqNhhZYIP,14906,1064,1064,Locinthe Vdl,Locinthe Vdl,Clara Vidal,Clara,Daniela Roy,Daniela Roy,1
rec6b9get1DuDSNzS,14906,2612,2612,Marshall,Marshall,Timothy Maddrix,Timothy Maddrix,Timothy Maddrix,Timothy Maddrix,1
rec6hj42NmyzUpTvg,14906,2880,2880,Valentine Car,Valentine Car,Sharn L. Wordley,Sharn,Sharn L. Wordley,Sharn L. Wordley,1
rec6iwnGhNhMivPK5,14906,1062,1062,Kalibra S,Kalibra S,Clara Vidal,Clara Vidal,Daniela Roy,Daniela Roy,1
rec6qEkb6JtyJio2I,14906,2293,2293,Miss Cranny Sarco,Miss Cranny Sarco,Declan Egan,Declan,Declan Egan,Declan Egan,1
rec6u2HTz330ZyOm3,14906,1293,1293,Getthe Muny Bernie,Getthe Muny Bernie,Carrie Riddle,Carrie,Lindsay Barrack,Lindsay Barrack,1
rec6uUStMesh3znm5,14906,1907,1907,Wild Kat,Wild Kat,Jamie Alnwick,Jamie,Scott Keach,Scott Keach,1
rec6wNQ8qnyhIyKnM,14906,3037,3037,Malmo 54,Malmo 54,Tom Monaghan,Tom,Tom Monaghan,Tom Monaghan,1
rec74jz5MQsVEZGqt,14906,1826,1826,Emi Initia,Emi Initia,Sara Lent,Sara Lent,Lia Screnci,Lia Screnci,1
rec79GI4KSUnzcxKK,14906,1263,1263,Eliott Dz,Eliott Dz,Aaron Vale,Aaron,Ben Taylor,Ben Taylor,1
rec7BwCKMRQDMQgx2,14906,1662,1662,Miles Ahead,Miles Ahead,Katherine F. Dewar,Katherine F. Dewar,Kyle Dewar,Kyle Dewar,1
rec7HGhhxy0VcsvHr,14906,2945,2945,Koletta,Koletta,Stephanie Frey,Stephanie,Stephanie Frey,Stephanie Frey,1
rec7IRQCJhcQjYSyL,14906,158,158,Icare Chavannais,Icare Chavannais,Priscilla Broger,Priscilla,Priscilla Broger,Priscilla Broger,1
rec7Op9ou8Hbrpp8I,14906,2304,2304,Camden Street,Camden Street,Phillipa Greenberg,Phillipa,Wendy J. Hechler,Wendy J. Hechler,1
rec7X3x2xYM9fNfws,14906,1790,1790,Cataumet,Cataumet,Lauren Schweppe,Lauren,Lauren Schweppe,Lauren Schweppe,1
rec7Xhy1diC2mfn1j,14906,161,161,Jason Brown,Jason Brown,Flavio Montenegro,Flavio,Ben Taylor,Ben Taylor,1
rec7azKaPKmD2cx7o,14906,2712,2712,Il Vole Du Park,Il Vole Du Park,Juan E. Hidalgo,Juan,Juan E. Hidalgo,Juan E. Hidalgo,1
rec7enZTdsncgJQcM,14906,2094,2094,Gold Du Rouet,Gold Du Rouet,Taylor St Jacques,Taylor,Andrew C. Welles,Andrew C. Welles,1
rec7oPU2U47Im0jah,14906,1025,1025,Dodicci,Dottie,Tanner Korotkin,Tanner,Alan Korotkin,CWF,1
rec7pZYSTNNmPkyu6,14906,2561,2561,Indiscreet,Indiscreet,Spencer Brittan,Spencer Brittan,Spencer Brittan,Spencer Brittan,1
rec7vnyr2tVcM6JKv,14906,2361,2361,Casuall,Casuall,John Michael Durr,John,John Michael Durr,John Michael Durr,1
rec7xtG00LNziiwOy,14906,1936,1936,Sf Old Fashioned,Sf Old Fashioned,Jamie Reinheimer,Jamie Reinheimer,Jamie Reinheimer,Jamie Reinheimer,1
rec81sUUNYt18WiAO,14906,1864,1864,La India Catania,La India Catania,Celso Ariani,Celso Ariani,Celso Ariani,Celso Ariani,1
rec88WmrE0gSWXFHr,14906,2968,2968,Anthem L.a. Z,Anthem L.a. Z,Luciano Dome,Luciano,Luciano Dome,Luciano Dome,1
rec8BkNjJAu1oqLly,14906,2157,2157,Streya,Streya,Jacqueline Steffens Daly,Jacqueline,Jacqueline Steffens Daly,Jacqueline Steffens Daly,1
rec8LsoJURKHZ44D2,14906,1843,1843,Accelerator,Accelerator,Fabian Herrera,Fabian,Fabian Herrera,Fabian Herrera,1
rec8P7VE4xrhSr8iw,14906,2867,2867,Chef Special,Chef Special,Tracy Fenney,Tracy,Michael J. Mccormick,Michael J. Mccormick,1
rec8PR9MnLxkUXfAc,14906,1037,1037,Insider Bh,Insider,Victoria Rotsaert,Victoria,Alan Korotkin,CWF,1
rec8UGAUAUJ780m3N,14906,1947,1947,Playboy Blue Vh Z,Playboy Blue Vh Z,Riley Delbecq,Riley Delbecq,Casey M. Millis,Casey M. Millis,1
rec8bEkXQ121XUPro,14906,1823,1823,Aperture Vf,Aperture Vf,Lia Screnci,Lia,Lia Screnci,Lia Screnci,1
rec8dMmNDSdG203Mw,14906,2188,2188,Excel Star Herald,Excel Star Herald,Danielle Platt,Danielle Platt,Danielle Platt,Danielle Platt,1
rec8djTKCR8X4DavJ,14906,2667,2667,Calypso,Calypso,Josephine Demmo,Josephine,Alan Korotkin,CWF,1
rec8nbieTHlNYfAzC,14906,2534,2534,Callisto De Fetan Z,Callisto De Fetan Z,Robert Mendoza,Robert,Robert Mendoza,Robert Mendoza,1
rec8qHQrDItvdlQoL,14906,1028,1028,Forte,Forte,Carsyn Korotkin,Carsyn Korotkin,Alan Korotkin,Alan Korotkin,1
rec8sI9fvIMgzRWtl,14906,3005,3005,Kilmastulla Quality Touch,Kilmastulla Quality Touch,Seanna Reser,Seanna,Stacey L. Reser,Stacey L. Reser,1
rec93QEULmoP9lVQ5,14906,3014,3014,Hazelberg's Opium Dve,Hazelberg's Opium Dve,,,,,1
rec97QFWtimduyHuB,14906,1283,1283,Calais,Calais,Kole Floyd,Kole Floyd,Katie Moniz Floyd,Katie Moniz Floyd,1
rec9GEPDxYugGa9EC,14906,1261,1261,Com'on Kylie M,Com'on Kylie M,Sophia Ayers,Sophia,Ben Taylor,Ben Taylor,1
rec9HeW9WlmtzBC08,14906,2368,2368,Cheque,Cheque,Jake Evans,Jake,Jake Evans,Jake Evans,1
rec9JEZc89Tnnz4bF,14906,2604,2604,Hand Painted,Hand Painted,Jasmine Walsh,Jasmine,Jasmine Walsh,Jasmine Walsh,1
rec9JhcjVE6MzwKwQ,14906,2367,2367,Khadiri,Khadiri,Jake Evans,Jake,Jake Evans,Jake Evans,1
rec9N1Ti4a8Q38uHS,14906,2618,2618,Quina Blue Ps,Quina Blue Ps,Timothy Maddrix,Timothy,Timothy Maddrix,Timothy Maddrix,1
rec9OpY0lz1fUBcMR,14906,2876,2876,Ewsz Omega,Ewsz Omega,Gonzalo Guevara,Gonzalo,Gonzalo Guevara,Gonzalo Guevara,1
rec9YY2VQtUbQheE9,14906,2927,2927,Dexter,Dexter,Jake Evans,Jake,Jake Evans,Jake Evans,1
rec9d2oNX6g2NauFw,14906,1041,1041,Luminosity Class,Elliot,Tanner Korotkin,Tanner,Alan Korotkin,CWF,1
rec9eOiAQ8imcv9Oj,14906,104,104,Helia Ffh,Helia Ffh,Kyle Dewar,Kyle,Kyle Dewar,Kyle Dewar,1
rec9f7ogvI5AiZGXT,14906,1046,1046,Rimini Du Printemps,Rimini Du Printemps,Tanner Korotkin,Tanner Korotkin,Alan Korotkin,Alan Korotkin,1
rec9frvWzFMf9c8Kj,14906,1319,1319,High Time,High Time,Anne C. Hormel,Anne,Camille Maynard,Camille Maynard,1
rec9g3cCnYaJqzg5B,14906,2543,2543,Billy Snowdonia,Billy Snowdonia,Camille Maynard,Camille,Camille Maynard,Camille Maynard,1
rec9nDSYoFWGwzGAh,14906,2303,2303,Nielson Wh,Nielson Wh,Margaret L. Swanson,Margaret L. Swanson,Mike Holtkamp,Mike Holtkamp,1
rec9rHx6aDDm4lD8r,14906,1096,1096,Cold Play,Cold Play,Isaac Leffkowitz,Isaac,Isaac Leffkowitz,Isaac Leffkowitz,1
recA6Nqh637ic9n2z,14906,2037,2037,Fernhill Touch Of Grandeur,Fernhill Touch Of Grandeur,Kendall Stephens,Kendall,Maya Denis,Maya Denis,1
recA9WN5yyh58eP0i,14906,2365,2365,Qiana,Qiana,Marcus Gruenthal,Marcus,Marcus Gruenthal,Marcus Gruenthal,1
recAAbnrLYYBRf9jM,14906,2943,2943,Gladrags,Gladrags,Stephanie Frey,Stephanie,Stephanie Frey,Stephanie Frey,1
recAEIaYalYre2llI,14906,2709,2709,Cfh Ricardo Two You,Cfh Ricardo Two You,Juan E. Hidalgo,Juan,Juan E. Hidalgo,Juan E. Hidalgo,1
recAGLH2rzPGwpBsz,14906,3022,3022,Netezwiggy Vd Watermolen,Netezwiggy Vd Watermolen,Dorothy Douglas,Dorothy,Jelmer Hoekstra,Jelmer Hoekstra,1
recARRtM6on1LSMRP,14906,2994,2994,Stapleton Asha,Stapleton Asha,Lilly Mack,Lilly,Dennis Mitchell,Dennis Mitchell,1
recAUNBS3GXlJCmZj,14906,1430,1430,Karlotta Cl,Karlotta Cl,Alejandra Ortiz Orozco,Alejandra Ortiz Orozco,Manuel G. Torres,Manuel G. Torres,1
recAZNrHFA3dH55Rq,14906,1795,1795,Mazatlan Ps,Mazatlan Ps,Violetta Bergonzoli,Violetta,Morgan Taylor,Morgan Taylor,1
recAaq5pWLL9bFKdl,14906,1439,1439,Il Dolce,Il Dolce,Lauren Flesher,Lauren,Matthew Le Master,Matthew Le Master,1
recAh6G3L98CK7aqL,14906,1728,1728,Simpatico,Simpatico,Stephanie Frey,Stephanie,Stephanie Frey,Stephanie Frey,1
recAj54jGkp8UD0u9,14906,2797,2797,Jolita,Jolita,Rob Billings,Rob Billings,Rob Billings,Rob Billings,1
recAlA8aDSqItWKLd,14906,1918,1918,The Flying Dutchman,The Flying Dutchman,Bryce P. Richardson,Bryce,Bryce P. Richardson,Bryce P. Richardson,1
recAqDdmBqy3B5hH6,14906,1567,1567,Octavius Scf,Octavius Scf,Antonio J. Martinez,Antonio,Antonio J. Martinez,Antonio J. Martinez,1
recBPLymAty28jZIq,14906,1572,1572,Unica Z,Unica Z,Antonio J. Martinez,Antonio J. Martinez,Antonio J. Martinez,Antonio J. Martinez,1
recBc8B5JwLXimn9V,14906,3003,3003,Leporsche Th,Leporsche Th,Ella Saidi,Ella Saidi,Raishun Burch,Raishun Burch,1
recBfBZQnclsaJ7hC,14906,1048,1048,Specialist,Specialist,Kate Marisch,Kate Marisch,Alan Korotkin,Alan Korotkin,1
recBrlPfyzwPNCO75,14906,125,125,Conthinder,Conthinder,Sophia Ayers,Sophia,Ben Taylor,Ben Taylor,1
recBsU2Jj6yCwEiMr,14906,1052,1052,Captain Morgan,Captain Morgan,Gabriel Zampieri,Gabriel Zampieri,Daniela Roy,Daniela Roy,1
recCB9HyG6Q3UySnn,14906,2963,2963,Diadora,Diadora,Jordan Petersen,Jordan,Jared P. Petersen,Jared P. Petersen,1
recCBxxMJ1CtUSSZR,14906,2735,2735,Newcomer Z,Newcomer Z,Xavier 5. Gomez,Xavier 5. Gomez,Dana Kurrle,Dana Kurrle,1
recCGHfmjgSEuux59,14906,2984,2984,Vdl Escape Z,Vdl Escape Z,Savannah Groselle,Savannah,Savannah Groselle,Savannah Groselle,1
recCHDzOJSCmcfF8D,14906,1047,1047,Sandenal,Snoop,Tanner Korotkin,Tanner,Alan Korotkin,CWF,1
recCK9Bbw2Ctvpst0,14906,1347,1347,Oscars Afterparty,Oscars Afterparty,Cullen Drescher,Cullen,Derek Reed,Derek Reed,1
recCKsDYIvnhxHHYi,14906,114,114,Mestizo Ls,Mestizo Ls,Lukene Arenas,Lukene,Lukene Arenas,Lukene Arenas,1
recCPYDQqze5U10UO,14906,1456,1456,Best Kept Secret,Best Kept Secret,Audrey Price,Audrey Price,Wendy J. Hechler,Wendy J. Hechler,1
recCWibIx9ZSSHJwS,14906,1555,1555,Katch Can-Do,Katch Can-Do,Olivia Israel,Olivia,Jenny Miller,Jenny Miller,1
recCWzEeFLRL2YGDr,14906,1563,1563,Herlich,Herlich,Bowers A. Cone,Bowers,Stephen Dicarlo,Stephen Dicarlo,1
recCXnGJSdTBJQL6t,14906,1300,1300,Helium De La Virée Au Vent,Helium De La Virée Au Vent,Emma J Lopez,Emma J Lopez,Daniela Roy,Daniela Roy,1
recCcWOumf0LuMidU,14906,2882,2882,Crush,Crush,Scott Diffey,Scott,Scott Diffey,Scott Diffey,1
recCke5DtPAUI7Pty,14906,1708,1708,Glamour Van De Kakebeek,Glamour Van De Kakebeek,Annalise Kapsokavathis,Annalise Kapsokavathis,Anne L. Bingler,Anne L. Bingler,1
recCnnePf7K82RFVC,14906,2974,2974,St. Nick,St. Nick,Kalli Core,Kalli,Bobby Boulger,Bobby Boulger,1
recCq52WuubpC3gZ0,14906,2802,2802,Conchita Blue Ps,Conchita Blue Ps,Jasmine Walsh,Jasmine Walsh,Jasmine Walsh,Jasmine Walsh,1
recCsSwjsbcad6kVC,14906,2120,2120,Freeman,Freeman,Caroline Willard Briles,Caroline,Caroline Willard Briles,Caroline Willard Briles,1
recDg97u6E8ueRkPR,14906,1508,1508,Guerrera,Guerrera,Dakota Sheikh,Dakota,Mario Garcia,Mario Garcia,1
recDwDMZvyoaSoh3B,14906,1278,1278,Remus Van't Merelsnest,Remus Van't Merelsnest,Sophia Ayers,Sophia,Ben Taylor,Ben Taylor,1
recDwpje2NX8oFmje,14906,1448,1448,Cattrepel,Cattrepel,Elle Bassion,Elle Bassion,Taylor St Jacques,Taylor St Jacques,1
recDzMHWC9M9N2YQB,14906,2631,2631,Zhardas Kil,Zhardas Kil,Ashlynn Meuchel,Ashlynn,Ashlynn Meuchel,Ashlynn Meuchel,1
recE1MaNADKY9B2V1,14906,131,131,Mtm Pablo,Mtm Pablo,Tracy Fenney,Tracy,Michael J. Mccormick,Michael J. Mccormick,1
recE3kUkNcZeNsPCh,14906,2089,2089,Under The Sea,Under The Sea,Anslee Bell,Anslee Bell,Madison Daughdrill,Madison Daughdrill,1
recE62RogZyu0j9w7,14906,1582,1582,Harmony De Muze,Harmony De Muze,Jake Evans,Jake,Jake Evans,Jake Evans,1
recE6rTI9nxl3ddcz,14906,1285,1285,Rock Bottom,Rock Bottom,Farrah Whiddon,Farrah Whiddon,Katie Moniz Floyd,Katie Moniz Floyd,1
recEDxqpF2gZV7nU1,14906,1323,1323,Uncle John’s Band,Uncle John’s Band,Camille Maynard,Camille,Camille Maynard,Camille Maynard,1
recEI0YkmBLtGklD6,14906,1848,1848,Mystery Man,Mystery Man,Schuyler Dayner,Schuyler,Heather Dayner,Heather Dayner,1
recEYzAWJtKTMKxhT,14906,1569,1569,Rondalla Ls,Rondalla Ls,Antonio J. Martinez,Antonio,Antonio J. Martinez,Antonio J. Martinez,1
recEZqAaLXIqWFEM1,14906,1462,1462,Pavarotti Van De Schutskooi,Pavarotti Van De Schutskooi,Cormac Hanley,Cormac,Thea N. Stinnett,Thea N. Stinnett,1
recEffmo1q5bLQKId,14906,2131,2131,Unbridled Bond,Unbridled Bond,Ainsley Colvin,Ainsley Colvin,Maisie Wagner,Maisie Wagner,1
recEiVFckiGl6vosq,14906,2114,2114,Picture Me,Picture Me,Marli Scott,Marli Scott,Katie Rudnick,Katie Rudnick,1
recEkFqamrTfpSxMi,14906,1744,1744,Diatoon Blue Ps,Diatoon Blue Ps,Madison Rose,Madison,Madison Rose,Madison Rose,1
recEmcKd7RW2NEeOK,14906,2726,2726,Lightning Pj,Lightning Pj,Chloe Mouton,Chloe Mouton,Chloe Mouton,Chloe Mouton,1
recEoFwhtXkzQI3E6,14906,1082,1082,Skat 15,Skat 15,Laura Linback,Laura,Troy Linback,Troy Linback,1
recEowePriWsC8ik3,14906,1778,1778,Lisdeen Lady Kvj,Lisdeen Lady Kvj,Antonio J. Martinez,Antonio,Antonio J. Martinez,Antonio J. Martinez,1
recEqZqbeLMd1XiVB,14906,126,126,Hendrick Des Forets,Hendrick Des Forets,Jodie Camberg,Jodie,Megan Wexler,Megan Wexler,1
recF0W8eoTTbrb02f,14906,1181,1181,Kentucky N,Kentucky N,Wilton J. Porter,Wilton,Wilton J. Porter,Wilton J. Porter,1
recF2g68sPDG6VP8g,14906,2074,2074,Carlina,Carlina,,,,,1
recF4cj2RXKDMSliP,14906,2998,2998,Granslam De Lezellec,Granslam De Lezellec,Lilly Mack,Lilly,Dennis Mitchell,Dennis Mitchell,1
recF8OUcyPZuRkfxm,14906,1440,1440,Maeberry,Maeberry,Matthew Le Master,Matthew,Matthew Le Master,Matthew Le Master,1
recFErNmkCCvUfXDw,14906,1719,1719,Harthill Magician,Harthill Magician,Justine L. Dutton Barnard,Justine L. Dutton Barnard,Justine L. Dutton Barnard,Justine L. Dutton Barnard,1
recFHbfpKiKSr9rgq,14906,1779,1779,Lowie Van De Opstal,Lowie Van De Opstal,Athena Lekkas,Athena Lekkas,Antonio J. Martinez,Antonio J. Martinez,1
recFIql8NQczd9Ery,14906,1426,1426,Orchidee Vd Bisschop,Orchidee Vd Bisschop,Devin A. Seek,Devin A. Seek,Stefano Baruzzo,Stefano Baruzzo,1
recFIucAwqNnrCEri,14906,1743,1743,Tillman,Tillman,Aidan Murphy,Aidan,Candice King,Candice King,1
recFPompwNuUcxVJg,14906,1576,1576,Cadenza,Cadenza,Kelsey Duffy,Kelsey,Kelsey Duffy,Kelsey Duffy,1
recFWVWeiAyXXNZ1q,14906,1753,1753,Cecilija,Cecilija,Tyra Cleary,Tyra Cleary,Terry Gonzalez,Terry Gonzalez,1
recFZqfjjBg2iwfJO,14906,2725,2725,Coeur D'honneur,Coeur D'honneur,Jennifer Phethean,Jennifer,Jennifer Phethean,Jennifer Phethean,1
recFa588ULfAZelY7,14906,1742,1742,Mason,Mason,Aidan Murphy,Aidan,Candice King,Candice King,1
recFb6XxY2PYTnFAi,14906,2879,2879,Mick Jagger,Mick Jagger,Sharn L. Wordley,Sharn,Sharn L. Wordley,Sharn L. Wordley,1
recFfJUbnQtbefgoX,14906,1509,1509,Amuze Bouche,Amuze Bouche,Wendy J. Hechler,Wendy,Wendy J. Hechler,Wendy J. Hechler,1
recFilGQOdQJWtF4n,14906,1698,1698,Orchard Hills Best Dressed,Orchard Hills Best Dressed,Ryan Haselden,Ryan,Lindsay Haselden,Lindsay Haselden,1
recFn1mUqnRymx1oy,14906,1908,1908,Gosset Rose,Gosset Rose,Evana Somareddy,Evana Somareddy,Heather Dayner,Heather Dayner,1
recG0ObOIx4SWYBfZ,14906,3040,3040,Olivia Ve,Olivia Ve,Anthony Sauriol,Anthony,Anthony Sauriol,Anthony Sauriol,1
recG2OVyitHn9s0Ns,14906,1595,1595,Levano,Levano,Sarah E. Turner,Sarah,Ben Taylor,Ben Taylor,1
recG4NPYs6LUAyjtd,14906,1458,1458,Sweeter Than Fiction,Sweeter Than Fiction,Addy Dewalt,Addy,Wendy J. Hechler,Wendy J. Hechler,1
recG7ZESHapLjzCLG,14906,2398,2398,Zenith Casall You Got,Zenith Casall You Got,Molly Adams,Molly Adams,David Cameron,David Cameron,1
recGFiJ6cMzhPin8q,14906,1003,1003,Daizi De Beaufour,Daizi De Beaufour,Rita de Goes,Rita,Juan Benítez,Juan Benítez,1
recGKqV4V8wQLmIO4,14906,2011,2011,Fpf First Edition,Fpf First Edition,Jenny Miller,Jenny Miller,Jenny Miller,Jenny Miller,1
recGRczw4eXlBMkK6,14906,2846,2846,KS Barbie,KS Barbie,Maleah Lang Mcmahon,Maleah,Maleah Lang Mcmahon,Maleah Lang Mcmahon,1
recGS7VKuqwRHs47B,14906,2164,2164,Bellagio,Bellagio,Jenelle Branom,Jenelle Branom,Jenelle Branom,Jenelle Branom,1
recGUgEWq3kKZIevT,14906,2939,2939,Luke Skywalker,Luke Skywalker,Ariane Harris,Ariane Harris,Marissa Creviston,Marissa Creviston,1
recGdLYbzVtS8Q2ji,14906,1649,1649,Chacoons Gisa Blue Z,Chacoons Gisa Blue Z,Kyle Dewar,Kyle,Kyle Dewar,Kyle Dewar,1
recHFLwyRYGy4cKNa,14906,1763,1763,Dominic Toretto,Dominic Toretto,Ashlee Bond,Ashlee,Ashlee Bond,Ashlee Bond,1
recHI4yrp2NFdPoy4,14906,2982,2982,Cylano,Cylano,Savannah Groselle,Savannah,Savannah Groselle,Savannah Groselle,1
recHRio76gkDwcBrS,14906,1340,1340,Light Blue Mystic Rose,Light Blue Mystic Rose,Juan M. Bolanos,Juan,Juan M. Bolanos,Juan M. Bolanos,1
recHX5P9TK4TYXgVf,14906,2069,2069,Bizzy Sh,Bizzy Sh,Jordan Petersen,Jordan,Jared P. Petersen,Jared P. Petersen,1
recHZbJYccRY2KuMe,14906,1931,1931,Cotentin Des Roques,Cotentin Des Roques,Windsor Ryan,Windsor Ryan,Traci A. Weston,Traci A. Weston,1
recHazRoKQXJgpW96,14906,2717,2717,Catoki's Fly Girl,Catoki's Fly Girl,Campbell Lear,Campbell,Pamela Gomez,Pamela Gomez,1
recHb7nYCyxL0yEEM,14906,2564,2564,Larcelo,Larcelo,Spencer Brittan,Spencer,Spencer Brittan,Spencer Brittan,1
recHdfTDJcesQMSdN,14906,1880,1880,Poliana Van Op De Berg,Poliana Van Op De Berg,Alberto Sarmiento,Alberto,Juan M. Bolanos,Juan M. Bolanos,1
recHs8RP528qvk0N3,14906,2715,2715,Living The Dream,Living The Dream,Aidan Murphy,Aidan,Candice King,Candice King,1
recHty4PZ51DfdrOL,14906,2098,2098,James Bond,James Bond,Isaac Leffkowitz,Isaac Leffkowitz,Isaac Leffkowitz,Isaac Leffkowitz,1
recHy72LAvDJQ6toq,14906,1695,1695,I Jump D'authuit,I Jump D'authuit,Declan Egan,Declan,Declan Egan,Declan Egan,1
recHyHhVdVkhcmkRB,14906,2938,2938,Grand Colbert Rtg,Grand Colbert Rtg,Ariane Harris,Ariane Harris,Ariane Harris,Ariane Harris,1
recHyN19AKl4BWiCZ,14906,2836,2836,Forseti,Forseti,Ben Taylor,Ben,Ben Taylor,Ben Taylor,1
recI8Aeh6KyBGtUTc,14906,1837,1837,Os Quincy,Os Quincy,Rebecca Warth,Rebecca,Rebecca Warth,Rebecca Warth,1
recIILOTkzdwkPqea,14906,2713,2713,Superman Eh,Superman Eh,Juan E. Hidalgo,Juan,Juan E. Hidalgo,Juan E. Hidalgo,1
recILcoLqiRnvt23v,14906,1672,1672,Isadora S,Isadora S,Kamal Gabrie,Kamal Gabrie,Juan A. Rodriguez Silva,Juan A. Rodriguez Silva,1
recIM5iX7O0l4QqCT,14906,2969,2969,Kismet,Kismet,Joshua Tabor,Joshua,Joshua Tabor,Joshua Tabor,1
recINCGddD6yZMriD,14906,2521,2521,Excel Star Fair Play,Excel Star Fair Play,Alexandra Hird,Alexandra,August Torsilieri,August Torsilieri,1
recIQVgKeN2LNZnrj,14906,1684,1684,Gelano,Gelano,Jessica Collins,Jessica,Jessica Collins,Jessica Collins,1
recISqJY9P7QLFTtw,14906,2290,2290,Castello Z,Castello Z,Declan Egan,Declan,Declan Egan,Declan Egan,1
recIZlv5njbVi0Nxl,14906,2168,2168,Alejandro Fcf,Alejandro Fcf,Averie Foss,Averie Foss,Matthias Hollberg,Matthias Hollberg,1
recIcH8Q9JMVfQglf,14906,2722,2722,de Lisle Apollo,de Lisle Apollo,Mia Smith,Mia,David Cameron,David Cameron,1
recIem3eXtuwqkBpL,14906,1288,1288,Cash The First Des Rosiers Z,Cash The First Des Rosiers Z,Angela Swanson,Angela,Angela Swanson,Angela Swanson,1
recIhMfEjFOm4OBbI,14906,1592,1592,Oakland,Oakland,Belen Guarderas,Belen,Juan M. Bolanos,Juan M. Bolanos,1
recIi4MEO7GyvJqKG,14906,2626,2626,Quicksilver Hercules,Quicksilver Hercules,,,,,1
recIknyTzybO0tSwd,14906,2956,2956,Cornetta Lazar,Cornetta Lazar,Kirk Webby,Kirk,Kirk Webby,Kirk Webby,1
recIlgMW1ejpGgIE3,14906,2182,2182,Outlaw,Outlaw,Isabella Agliano,Isabella,Robert P. Stucky,Robert P. Stucky,1
recIsgyCC9k8b5fCm,14906,2106,2106,Levitate Fw Z,Levitate Fw Z,Isaac Leffkowitz,Isaac Leffkowitz,Isaac Leffkowitz,Isaac Leffkowitz,1
recIypiFssfzPh7qm,14906,1326,1326,The Getaway Car,The Getaway Car,Lanie Nash,Lanie,Dawn Hersey,Dawn Hersey,1
recIzehtQuF1GS1Mz,14906,1277,1277,Reelz,Reelz,Mallory Vale,Mallory,Ben Taylor,Ben Taylor,1
recJ2N6GUDzAQ66R5,14906,1919,1919,Carla,Carla,Selcuk Koksalan,Selcuk,Selcuk Koksalan,Selcuk Koksalan,1
recJ3UqDyllaCAglQ,14906,1867,1867,Orindus W,Orindus W,Celso Ariani,Celso,Celso Ariani,Celso Ariani,1
recJ4NWtwjlgWB5Zp,14906,2394,2394,Bambina,Bambina,Elin Mossberg,Elin,Patrick R. Wilcher,Patrick R. Wilcher,1
recJHYRElkwolfSEq,14906,2141,2141,So Dashing,So Dashing,Jane C. Ehrhart,Jane,Jane C. Ehrhart,Jane C. Ehrhart,1
recJJuRLOBAHL5kcg,14906,1961,1961,Fernhill Athletico Z,Fernhill Athletico Z,Lauren E. Hough,Lauren,Lauren E. Hough,Lauren E. Hough,1
recJK0GVhpxF0XD36,14906,2020,2020,Kannador,Kannador,Clark Montgomery,Clark,Molly A. Kenney,Molly A. Kenney,1
recJQOMHixtKzkxGz,14906,2047,2047,Bangkok,Bangkok,Ana Sofia Rodriguez,Ana Sofia Rodriguez,Juan A. Rodriguez Silva,Juan A. Rodriguez Silva,1
recJT9v8bWD7VMxpO,14906,1038,1038,Kindly,Bee,Tanner Korotkin,Tanner,Alan Korotkin,CWF,1
recJfg4wJMkdEpx9m,14906,160,160,The Golden Road,The Golden Road,Camille Maynard,Camille,Camille Maynard,Camille Maynard,1
recJuDUOmFVaMsUEd,14906,141,141,Sternmarke 3,Sternmarke 3,Wilton J. Porter,Wilton,Wilton J. Porter,Wilton J. Porter,1
recK4fk5IS1EPZ4z1,14906,2313,2313,Mtm Bubba,Mtm Bubba,Ellham Memari,Ellham,Michael J. Mccormick,Michael J. Mccormick,1
recKBQJJB72VmxEj9,14906,2942,2942,Ten Pin Ally,Ten Pin Ally,Windsor Ryan,Windsor Ryan,Traci A. Weston,Traci A. Weston,1
recKPimrHjDSJCbJW,14906,1030,1030,Hermes D'armanville,Hermes D'armanville,Tanner Korotkin,Tanner Korotkin,Alan Korotkin,Alan Korotkin,1
recKQc8FIWEv0zD7f,14906,2149,2149,Ferris Bueller,Ferris Bueller,Kimberly Tobias,Kimberly,Abby Strohmeyer,Abby Strohmeyer,1
recKW4U4oeowAzAG0,14906,1568,1568,Picobella De Pot,Picobella De Pot,Antonio J. Martinez,Antonio,Antonio J. Martinez,Antonio J. Martinez,1
recKZtBqdXWSfdJP3,14906,1854,1854,Keira Usa,Keira Usa,Madison Wayda Smith,Madison,Kyle Dewar,Kyle Dewar,1
recKahgfXa7xbeZ1t,14906,2027,2027,Lagegonda Fz,Lagegonda Fz,Clark Montgomery,Clark,Clark Montgomery,Clark Montgomery,1
recKcYv5A7peie9dW,14906,2794,2794,Joylon Gb,Joylon Gb,Eva Bernstein,Eva,Matt Martin,Matt Martin,1
recKf9uorI8nw0z5l,14906,1279,1279,Samba Do Brasil,Samba Do Brasil,Aaron Vale,Aaron,Ben Taylor,Ben Taylor,1
recKi6qUvYh12cWYj,14906,2718,2718,Lucas 274,Lucas 274,Valeska Furlong,Valeska,Pamela Gomez,Pamela Gomez,1
recKmuCb4PkIDdbvP,14906,1301,1301,Quatro,Quatro,Lanie Nash,Lanie,Dawn Hersey,Dawn Hersey,1
recKnpes6SEjkV7pz,14906,1865,1865,Libera Lux Di Alma Terra,Libera Lux Di Alma Terra,Celso Ariani,Celso Ariani,Celso Ariani,Celso Ariani,1
recKqQzhbfKxF94HK,14906,2977,2977,Dialey Ak,Dialey Ak,Helen Goddard,Helen,Helen Goddard,Helen Goddard,1
recKudLyrLWKeNdxA,14906,1741,1741,Ralvero Vdl,Ralvero Vdl,Mike Holtkamp,Mike Holtkamp,Mike Holtkamp,Mike Holtkamp,1
recKvCPQXpkZxHALi,14906,2823,2823,Conlando 55,Conlando 55,John M. Struzzieri,John,Ryan Michael Genn,Ryan Michael Genn,1
recKvJQ41PmPPNBFi,14906,1911,1911,Quick Moon,Quick Moon,Evana Somareddy,Evana Somareddy,Heather Dayner,Heather Dayner,1
recKz5mZ1p6WVaQrA,14906,2835,2835,Gladstone,Gladstone,Shelby Heyer,Shelby Heyer,Lauren Schweppe,Lauren Schweppe,1
recKzDfntCx1MMtAY,14906,3001,3001,Kilenka Gl,Kilenka Gl,Alyssa Amberge,Alyssa,Alyssa Amberge,Alyssa Amberge,1
recL1SsZsFHnzYjRl,14906,2142,2142,Bellefleur Z,Bellefleur Z,Carson L. Ruff,Carson,Carson L. Ruff,Carson L. Ruff,1
recL4jKm0eoF4WCaH,14906,1866,1866,Mckenzie Z,Mckenzie Z,Celso Ariani,Celso,Celso Ariani,Celso Ariani,1
recL5WOVEUlD6bwan,14906,2079,2079,Orange Blossom Na,Orange Blossom Na,Sarah Kerins,Sarah,Darragh Kerins,Darragh Kerins,1
recL79rQFdXMiytEa,14906,1671,1671,Il Etait Une Fois A Rivereuille,Il Etait Une Fois A Rivereuille,Ana Sofia Rodriguez,Ana Sofia Rodriguez,Juan A. Rodriguez Silva,Juan A. Rodriguez Silva,1
recLBWor6xkC0nJOx,14906,139,139,Etonemoi Del Cabalero,Etonemoi Del Cabalero,Tanner Korotkin,Tanner Korotkin,Alan Korotkin,Alan Korotkin,1
recLJrOuDzuNMTQCU,14906,2805,2805,Dorien,Dorien,Leslie Taylor,Leslie Taylor,Derek Van Der Burgh,Derek Van Der Burgh,1
recLT7QRZdjY1XWGU,14906,1932,1932,Florian,Florian,Windsor Ryan,Windsor,Traci A. Weston,Traci A. Weston,1
recLTmLCPw5lgjbVj,14906,1694,1694,Hector Du Gue,Hector Du Gue,Ryan Haselden,Ryan,Declan Egan,Declan Egan,1
recLe5HKdO4Ch1uW8,14906,2386,2386,Marvick,Marvick,Sierra Montgomery,Sierra,Lisa Hasenbeck,Lisa Hasenbeck,1
recLeXGaasG5rMb5L,14906,1692,1692,Cruise Mor,Cruise Mor,Lindsay Haselden,Lindsay,Lindsay Haselden,Lindsay Haselden,1
recLjMKKG4rDvPOy3,14906,1004,1004,Don Diego Hdd II,Don Diego Hdd II,Rita de Goes,Rita de Goes,Juan Benítez,Juan Benítez,1
recLruOIbdzzznMUu,14906,1573,1573,Vaillant Fz Rwb,Vaillant Fz Rwb,Antonio J. Martinez,Antonio J. Martinez,Antonio J. Martinez,Antonio J. Martinez,1
recLvWuP2J8cSVcb4,14906,155,155,Nimbus Rfb,Nimbus Rfb,Aaron Vale,Aaron,Ben Taylor,Ben Taylor,1
recLzsSI5ImoRFuuv,14906,1648,1648,Cerveza De Barril,Cerveza De Barril,Riley Hilliard,Riley Hilliard,Kyle Dewar,Kyle Dewar,1
recM1V8ZmP1ZDK5fp,14906,1029,1029,Halo,Paisley,Carsyn Korotkin,Carsyn,Alan Korotkin,CWF,1
recM1mGbDxboroFgQ,14906,1297,1297,La La Land,LaLa,Christina Faninger,Christina,Alan Korotkin,CWF,1
recM4F3aWl3O07VeU,14906,159,159,S&l Protector,S&l Protector,Ciaran Flynn,Ciaran,Michael J. Mccormick,Michael J. Mccormick,1
recMDcq9uN5X1rDjh,14906,3031,3031,Ozone Vdl,Ozone Vdl,Patrick R. Wilcher,Patrick R. Wilcher,Patrick R. Wilcher,Patrick R. Wilcher,1
recMGucKzTW2VvRV4,14906,1988,1988,Uphoria Di June,Uphoria Di June,Sarah Gordon,Sarah Gordon,Sarah Gordon,Sarah Gordon,1
recMHkHP94rBg1MfE,14906,2973,2973,Khan Of Ballmore,Khan Of Ballmore,Mari Gromkowski,Mari,Mari Gromkowski,Mari Gromkowski,1
recMR6m9Bk1EksRAk,14906,1497,1497,True Love's Kiss,True Love's Kiss,Katherine Addington,Katherine Addington,Bibby F. Hill,Bibby F. Hill,1
recMVxMSrs3FRRYBF,14906,105,105,Hopefull Menjoulet,Hopefull Menjoulet,Taylor St Jacques,Taylor,Taylor St Jacques,Taylor St Jacques,1
recMWVCsnuFxNS8t1,14906,1514,1514,Glamour Des Forets,Glamour Des Forets,Bowers A. Cone,Bowers,Stephen Dicarlo,Stephen Dicarlo,1
recMhBycg7yN8Y4g2,14906,1017,1017,Défi De La Roque,Défi De La Roque,Juan Benítez,Juan,Juan Benítez,Juan Benítez,1
recMk2zeczItF2s3g,14906,1883,1883,Untouchable's Unique,Untouchable's Unique,Dominic Arnold,Dominic,Alyssa Venn,Alyssa Venn,1
recMl7T8npEco3A2D,14906,1876,1876,Churchill Blue,Churchill Blue,Dorothy Douglas,Dorothy,Tara G. Bostwick,Tara G. Bostwick,1
recMlcP9J5BfsR5Nh,14906,1294,1294,The Real Slim Shady,The Real Slim Shady,Elleana Bender,Elleana Bender,Lindsay Barrack,Lindsay Barrack,1
recMw3vZvAvTFLYOW,14906,1774,1774,Endeavor In His Name,Endeavor In His Name,Alyson Jones,Alyson,Kim Taylor,Kim Taylor,1
recN0sT2reQTFi1Da,14906,1460,1460,Cognac Vh Gebergte Z,Cognac Vh Gebergte Z,Cormac Hanley,Cormac,Thea N. Stinnett,Thea N. Stinnett,1
recNKgqZa5hxOLbfq,14906,2396,2396,Psj Hana 6,Psj Hana 6,Elin Mossberg,Elin Mossberg,Patrick R. Wilcher,Patrick R. Wilcher,1
recNMq45IIW6vAlQY,14906,1002,1002,Balou's Paul Ps,Balou's Paul Ps,Diego Gaspar De Goes,Diego,Juan Benítez,Juan Benítez,1
recNSanExf7hcOBoM,14906,1700,1700,Chacoons Bellis Z,Chacoons Bellis Z,Todd D. Minikus,Todd,Todd D. Minikus,Todd D. Minikus,1
recNSqR2GLBH1gzvl,14906,2177,2177,Ata Fe Dulce,Ata Fe Dulce,Lyla Roberts,Lyla,Mario Garcia,Mario Garcia,1
recNVaEWSnFbWs024,14906,2529,2529,Kascaya Z,Kascaya Z,Miranda Gabrielli,Miranda Gabrielli,Gianni Gabrielli,Gianni Gabrielli,1
recNfeoH2LrS54hVE,14906,3043,3043,Playground,Playground,Dorothy Douglas,Dorothy,Jelmer Hoekstra,Jelmer Hoekstra,1
recNgH57AAv2QuVR2,14906,1217,1217,Dream Boat,Dream Boat,Megan Wexler,Megan,Megan Wexler,Megan Wexler,1
recNhGu8Ypiw7ym9f,14906,1083,1083,Col De Knolton,Col De Knolton,Harper Conway,Harper Conway,Conan Conway,Conan Conway,1
recNjbOAcTg809hYR,14906,1827,1827,Frosty Hd,Frosty Hd,Lia Screnci,Lia Screnci,Lia Screnci,Lia Screnci,1
recNmPji96bx60SCQ,14906,2308,2308,Sunset's Pirouette,Sunset's Pirouette,Ada Rose Walker,Ada Rose Walker,Darragh Kerins,Darragh Kerins,1
recNuQZgLFZzx6m0C,14906,133,133,My Diamant,My Diamant,Laura Gaither,Laura,Laura Gaither,Laura Gaither,1
recNuRyQtxfcZtq8r,14906,3100,3100,Navigator,Navigator,Lainey Posa,Lainey Posa,Alan Korotkin,Alan Korotkin,1
recNx8OaYNInxl0xh,14906,2527,2527,Charme Z,Charme Z,Melanie Mendoza,Melanie Mendoza,Gianni Gabrielli,Gianni Gabrielli,1
recO3sBM1Ej8rFE5M,14906,2199,2199,Tobias Van Kreyel Mc,Tobias Van Kreyel Mc,Lauren Balcomb,Lauren,Sharn L. Wordley,Sharn L. Wordley,1
recO6KU4WirqGei7w,14906,1586,1586,Castlefield Dream,Castlefield Dream,Captain Brian Cournane,Captain Brian Cournane,Captain Brian Cournane,Captain Brian Cournane,1
recOAX1RDtyWEjryg,14906,1071,1071,Tolu,Tolu,,,,,1
recOMmK8MSH3g7A94,14906,2002,2002,Lolita Z,Lolita Z,Sienna Jones,Sienna Jones,Raishun Burch,Raishun Burch,1
recOQJY6MEQg7VRgJ,14906,2162,2162,Paulownia,Paulownia,Josh Dolan,Josh,Josh Dolan,Josh Dolan,1
recOfLdHsiYbcIuT8,14906,1455,1455,Phoenix Air,Phoenix Air,Lanie Nash,Lanie,Dawn Hersey,Dawn Hersey,1
recOj7oe5IWRqLGu4,14906,1327,1327,Online,Online,Clark Montgomery,Clark,Clark Montgomery,Clark Montgomery,1
recOlHBWITPhZK4g5,14906,1735,1735,Cachaca Pitu Lhf,Cachaca Pitu Lhf,Marcus Gruenthal,Marcus,Marcus Gruenthal,Marcus Gruenthal,1
recOpcMSGzNAaHJ87,14906,2733,2733,Balisto,Balisto,Maya Denis,Maya,Joachim Englert,Joachim Englert,1
recOpmNMHcQpdCtC9,14906,1522,1522,Calid 3,Calid 3,Jake Evans,Jake,Jake Evans,Jake Evans,1
recOrQbqhd52tVKex,14906,2004,2004,Apollo,Apollo,Ashley Romano,Ashley Romano,Ashley Romano,Ashley Romano,1
recOy3ctcaxKys2cW,14906,2840,2840,Gabriella T,Gabriella T,Mary Collier Pope,Mary,Andras Szieberth,Andras Szieberth,1
recP069o09wRfHVzl,14906,2609,2609,Numero Dos,Numero Dos,Peyton Krumin,Peyton Krumin,Jasmine Walsh,Jasmine Walsh,1
recP6lQmxUMAGVJMs,14906,2885,2885,Official First Hj Z,Official First Hj Z,Ryan Michael Genn,Ryan,Ryan Michael Genn,Ryan Michael Genn,1
recPO0LJIpCgiyGYx,14906,146,146,Tulara Cascara,Tulara Cascara,Aaron Vale,Aaron,Ben Taylor,Ben Taylor,1
recPT54BMP2hZ2LYD,14906,1959,1959,Neisha,Neisha,Sarah Kraemer,Sarah Kraemer,Luciano Dome,Luciano Dome,1
recPerTCQD2I9qkKg,14906,1086,1086,It Is West,It Is West,Rebecca Conway,Rebecca,Conan Conway,Conan Conway,1
recPiy0rzjsL2Rsre,14906,1336,1336,Dorothea Mystic Rose,Dorothea Mystic Rose,Juan M. Bolanos,Juan,Juan M. Bolanos,Juan M. Bolanos,1
recPkDXCz5fooby5m,14906,2072,2072,O'Quality Z,O'Quality Z,Kyle Dewar,Kyle,Kyle Dewar,Kyle Dewar,1
recPmzZUk6IzAwcX0,14906,2571,2571,Snap Chat,Snap Chat,Taylor St Jacques,Taylor St Jacques,Taylor St Jacques,Taylor St Jacques,1
recPqk1gcpeR3OmWa,14906,123,123,Cordis Totalis Z,Cordis Totalis Z,Selcuk Koksalan,Selcuk,Selcuk Koksalan,Selcuk Koksalan,1
recPs89Jz6WyzBvdm,14906,1058,1058,Face The Stars,Face The Stars,Clara Vidal,Clara Vidal,Daniela Roy,Daniela Roy,1
recPtjIrAj2aGAHxY,14906,1184,1184,Cumulonimbus,Cumulonimbus,Reagan Brown,Reagan Brown,Stephanie Free,Stephanie Free,1
recQ08GxtyZiioC8f,14906,2078,2078,Lissino,Lissino,Khloe Kerins,Khloe,Darragh Kerins,Darragh Kerins,1
recQ1Kstofjb9fnXH,14906,1479,1479,Jajadiva,Jajadiva,Lesley Grant-Law,Lesley Grant-Law,Lesley Grant-Law,Lesley Grant-Law,1
recQ7HnsEnibn4AGr,14906,2985,2985,Vdl Masque-Unea,Vdl Masque-Unea,Savannah Groselle,Savannah,Savannah Groselle,Savannah Groselle,1
recQBQoJ1XqG7D9zR,14906,2834,2834,Hercules,Hercules,Maya Allhusen,Maya,Mario Garcia,Mario Garcia,1
recQCUi9gMth3vZD2,14906,1587,1587,Dominance Z,Dominance Z,Captain Brian Cournane,Captain,Captain Brian Cournane,Captain Brian Cournane,1
recQIGIc8cE2pgwWI,14906,1771,1771,Bona Fide,Bona Fide,Brooke Eddy,Brooke Eddy,Brooke Eddy,Brooke Eddy,1
recQKRRPsv4UmJwLN,14906,2090,2090,Boozeman Na,Boozeman Na,Andrew C. Welles,Andrew,Andrew C. Welles,Andrew C. Welles,1
recQQNSRvgx8fEVqj,14906,1036,1036,Indigo Van De Muggenhoek,Indigo Van De Muggenhoek,Carsyn Korotkin,Carsyn Korotkin,Alan Korotkin,Alan Korotkin,1
recQUJzVTnwF3CiJW,14906,1054,1054,Celine Db Z,Celine Db Z,Mia Felipe,Mia Felipe,Daniela Roy,Daniela Roy,1
recQUhxttilVTEAXi,14906,2705,2705,Nitemoves,Nitemoves,Hayley G. Waters Wear,Hayley G. Waters Wear,Dana G. Waters,Dana G. Waters,1
recQadhnwp62oGhc1,14906,1668,1668,Goodgraf,Goodgraf,Lenir Perez,Lenir Perez,Juan A. Rodriguez Silva,Juan A. Rodriguez Silva,1
recQefzWA7zkHVhfY,14906,2360,2360,Cassaderra Na,Cassaderra Na,Taryn M. Adamy,Taryn,Taryn M. Adamy,Taryn M. Adamy,1
recQgzW00V8UL9jDG,14906,2822,2822,Chabluevara Ps,Chabluevara Ps,Ryan Michael Genn,Ryan,Ryan Michael Genn,Ryan Michael Genn,1
recQiGG8bUwdhs9Th,14906,2189,2189,Indianapolis,Indianapolis,Ivy Nyberg,Ivy,Ivy Nyberg,Ivy Nyberg,1
recQisO5xtuWBm2O6,14906,2824,2824,Dame Bruchetta Z,Dame Bruchetta Z,Kitt Ritter,Kitt,Ryan Michael Genn,Ryan Michael Genn,1
recQoysjcAG0qyHVc,14906,2800,2800,Watchusayin,Watchusayin,Grayson Moore,Grayson Moore,Rob Billings,Rob Billings,1
recQtqCuhjUD3zjO6,14906,1264,1264,,,,,,,1
recQvAK9J6jkpyCVI,14906,2978,2978,Toussant,Toussant,Helen Goddard,Helen,Helen Goddard,Helen Goddard,1
recRJcobFH0FGTx45,14906,3018,3018,Corzico Melloni Z,Corzico Melloni Z,Dorothy Douglas,Dorothy,Jelmer Hoekstra,Jelmer Hoekstra,1
recRNP3eMAyRJEFMu,14906,1190,1190,Talk To Me,Talk To Me,Kendall King,Kendall King,Stephanie Free,Stephanie Free,1
recRPfRo59FcQb68k,14906,1216,1216,Crimson Tide,Crimson Tide,Lucy Wexler,Lucy Wexler,Megan Wexler,Megan Wexler,1
recRPs1ydxqIDjEOg,14906,152,152,Gradje O,Gradje O,Samuel Parot,Samuel,Samuel Parot,Samuel Parot,1
recRUmhoOe0gPinCh,14906,119,119,Diamond Rbc Z,Diamond Rbc Z,Jenna P. Friedman-Lopez,Jenna,Jenna P. Friedman-Lopez,Jenna P. Friedman-Lopez,1
recRg11BQ0Q6CMESR,14906,2095,2095,Nexstar-Lh,Nexstar-Lh,Chandler Robinson,Chandler Robinson,Andrew C. Welles,Andrew C. Welles,1
recRhFjbDRMY2A7QM,14906,1049,1049,Vote For Pedro,Pedro,Carsyn Korotkin,Carsyn,Alan Korotkin,CWF,1
recRwYDAB03ykBYId,14906,1645,1645,Comedian Of Picobello Z,Comedian Of Picobello Z,Sebastian Presa Tejada,Sebastian,Juan A. Rodriguez Silva,Juan A. Rodriguez Silva,1
recRwcC3j4fTkRYts,14906,2175,2175,Ravina 22,Ravina 22,Antonio J. Martinez,Antonio J. Martinez,Antonio J. Martinez,Antonio J. Martinez,1
recRzK78bR4xQ8ovU,14906,2154,2154,Enzo Ferrari,Enzo Ferrari,Andres A. Correa,Andres,Andres A. Correa,Andres A. Correa,1
recS0Uh8pIAsXEauR,14906,1960,1960,Candeux,Candeux,Lauren E. Hough,Lauren E. Hough,Lauren E. Hough,Lauren E. Hough,1
recS99fXzDcO0MRWs,14906,1334,1334,Classical Touch,Classical Touch,Juan M. Bolanos,Juan,Juan M. Bolanos,Juan M. Bolanos,1
recSAF0IdEdEUFC1d,14906,2661,2661,Ustina,Ustina,Isaac Leffkowitz,Isaac Leffkowitz,Isaac Leffkowitz,Isaac Leffkowitz,1
recSEYXiZxQFGbHXq,14906,1094,1094,Bella Vida,Bella Vida,Isaac Leffkowitz,Isaac Leffkowitz,Isaac Leffkowitz,Isaac Leffkowitz,1
recSISgiC5t0suxEY,14906,128,128,Daytona S.e,Daytona S.e,Hanna R. Egan,Hanna R. Egan,Hanna R. Egan,Hanna R. Egan,1
recSJLnuRigTEuee6,14906,1066,1066,Lufrieda Vdl,Lufrieda Vdl,Clara Vidal,Clara,Daniela Roy,Daniela Roy,1
recSL9HbNYEgGrSQz,14906,102,102,Okidoki Van De Renthoeve,Okidoki Van De Renthoeve,Lucia Rivas,Lucia Rivas,Lucia Rivas,Lucia Rivas,1
recSO5TNcUacuQlT1,14906,103,103,Hutin De L'abbaye,Hutin De L'abbaye,Kyle Dewar,Kyle,Kyle Dewar,Kyle Dewar,1
recSOPFK4Hu983pbP,14906,2832,2832,Lindy Hop,Lindy Hop,Clark Montgomery,Clark,Clark Montgomery,Clark Montgomery,1
recSQWPXrhPWXzxAt,14906,2187,2187,En Vogue,En Vogue,Maddison Stephen,Maddison,David Cameron,David Cameron,1
recSQzHuz4JIZFsuE,14906,1506,1506,W.e.c. High Dollar Lad,W.e.c. High Dollar Lad,Clementine Lidsky,Clementine Lidsky,Morgan Taylor,Morgan Taylor,1
recSRTctssQmFt5Zq,14906,3007,3007,Del’arkan,Del’arkan,Ryan Baldwin,Ryan,Debbie L. Mccarthy-Connor,Debbie L. Mccarthy-Connor,1
recSUHXG1aUOdU7eF,14906,100,100,Facundo De La Nutria,Facundo De La Nutria,Celso Ariani,Celso Ariani,Celso Ariani,Celso Ariani,1
recSagAG8IFRylsx2,14906,1902,1902,Born To Be Wild,Born To Be Wild,Jamie Alnwick,Jamie,Scott Keach,Scott Keach,1
recSpXIJ25DfqTbXv,14906,1769,1769,Nevada Vdl,Nevada Vdl,Robert Mendoza,Robert,Robert Mendoza,Robert Mendoza,1
recSpoDIMbZJaCFQg,14906,1786,1786,Lyonheart,Lyonheart,Robert Mendoza,Robert,Hanna Pieri,Hanna Pieri,1
recSq8P0NfinWRF3k,14906,1838,1838,Pursuit Of Honor,Pursuit Of Honor,Josh Dolan,Josh Dolan,Rebecca Warth,Rebecca Warth,1
recSreSDbd6p6RAsb,14906,1223,1223,Ledoux,Ledoux,Megan Wexler,Megan,Megan Wexler,Megan Wexler,1
recSu8KzOmYJDg4Em,14906,1877,1877,Daham,Daham,Jelmer Hoekstra,Jelmer,Tara G. Bostwick,Tara G. Bostwick,1
recSza5wPNL92sOLn,14906,2544,2544,Tutti Fruitti Van De Fruitkorf,Tutti Fruitti Van De Fruitkorf,Vivian Heyer,Vivian Heyer,August Torsilieri,August Torsilieri,1
recT9pmUhPadagTou,14906,106,106,Kadar Hbc,Kadar Hbc,Simon Arango,Simon,Juan M. Bolanos,Juan M. Bolanos,1
recTA1ZVZrvwdBJPz,14906,2337,2337,Cassina,Cassina,Maleah Lang Mcmahon,Maleah Lang Mcmahon,Maleah Lang Mcmahon,Maleah Lang Mcmahon,1
recTB2sMib3ga8Eu6,14906,1549,1549,Ezin Rk,Ezin Rk,Alexa Riccio,Alexa Riccio,Stephanie Frey,Stephanie Frey,1
recTBFm0ySysqGw0a,14906,1495,1495,Parade,Parade,Devin A. Seek,Devin,Bibby F. Hill,Bibby F. Hill,1
recTBGxYqTMhlMCuV,14906,1268,1268,Invictus,Invictus,Aaron Vale,Aaron,Ben Taylor,Ben Taylor,1
recTUSzO5pmuIHeoZ,14906,2375,2375,Sylvester Ter Linden,Sylvester Ter Linden,Lynde Johnson,Lynde,August Torsilieri,August Torsilieri,1
recTYuCuVNfUvncak,14906,118,118,Comme Ci Comme Ca,Comme Ci Comme Ca,Ashlee Bond,Ashlee,Ashlee Bond,Ashlee Bond,1
recTayOSJm4BUxgZ6,14906,1647,1647,Dionte Van’t Merelsnest Z,Dionte Van’t Merelsnest Z,Juan A. Rodriguez Silva,Juan,Juan A. Rodriguez Silva,Juan A. Rodriguez Silva,1
recTls64pZq4X5EVG,14906,2148,2148,Elle Woods,Elle Woods,Kimberly Tobias,Kimberly,Abby Strohmeyer,Abby Strohmeyer,1
recToI8ktnABOD4rJ,14906,2972,2972,Cartier De Muze,Cartier De Muze,Lincoln Russell,Lincoln,Lincoln Russell,Lincoln Russell,1
recTqHtUA7a1azoGY,14906,2946,2946,Calderon T,Calderon T,Andras Szieberth,Andras,Andras Szieberth,Andras Szieberth,1
recU0Bf1mF8h8yM7G,14906,2955,2955,Cameron 38,Cameron 38,Jamie M. Stryker,Jamie,Kirk Webby,Kirk Webby,1
recU702x9XlGPM9j0,14906,2099,2099,Loire,Loire,Isaac Leffkowitz,Isaac,Isaac Leffkowitz,Isaac Leffkowitz,1
recU9FdSfOVPTyxvg,14906,2179,2179,Nice Cool De Virton,Nice Cool De Virton,Paul O'Shea,Paul,Kaileigh Brandt,Kaileigh Brandt,1
recURpiT91CHk3NR8,14906,1737,1737,Vienna Van't Kiezelhof Lhf,Vienna Van't Kiezelhof Lhf,Marcus Gruenthal,Marcus,Marcus Gruenthal,Marcus Gruenthal,1
recUqU7pPcDCKpVrj,14906,2710,2710,Elwen M' Aurea,Elwen M' Aurea,Juan E. Hidalgo,Juan,Juan E. Hidalgo,Juan E. Hidalgo,1
recUtlg8od1chADBZ,14906,3010,3010,Rianthe Van 'T Merelsnest,Rianthe Van 'T Merelsnest,Jenna P. Friedman-Lopez,Jenna P. Friedman-Lopez,Jenna P. Friedman-Lopez,Jenna P. Friedman-Lopez,1
recUxyV5yb4LFF1EB,14906,2865,2865,Ewsz Chardonnay,Ewsz Chardonnay,Kalli Core,Kalli,Bobby Boulger,Bobby Boulger,1
recV6W9xPPlc1hmiJ,14906,2339,2339,KS Emperor,KS Emperor,Maleah Lang Mcmahon,Maleah Lang Mcmahon,Maleah Lang Mcmahon,Maleah Lang Mcmahon,1
recVDOlZqvn378Rhs,14906,2042,2042,Frozie,Frozie,Claire Doran,Claire Doran,Tony Doran,Tony Doran,1
recVEJVQOCfivJpff,14906,1600,1600,Carlo 546,Carlo 546,Clara Vidal,Clara Vidal,Daniela Roy,Daniela Roy,1
recVEMvy0QLo2P805,14906,3098,3098,Unairo,Unairo,Juan Carlos Arriaga Radilla,Juan Carlos Arriaga Radilla,Carlos Aguirre,Carlos Aguirre,1
recVIe471MSnlYhTy,14906,1577,1577,Game Day,Game Day,Audrey Haywood,Audrey Haywood,Kelsey Duffy,Kelsey Duffy,1
recVOGkNENJbP9Xxb,14906,1421,1421,Liverpool 56,Liverpool 56,Liza Guettler,Liza Guettler,Meghan Green,Meghan Green,1
recVUmGO6khwmUVT2,14906,2992,2992,Riverstown Flamenco Cruise,Riverstown Flamenco Cruise,Jenny Walker,Jenny Walker,Darragh Kerins,Darragh Kerins,1
recVWFdI1DsDCkv3m,14906,1480,1480,Ameko Chaccord,Ameko Chaccord,Taylor Manning,Taylor,Taylor Manning,Taylor Manning,1
recVZOhdcpfeBfzV8,14906,1521,1521,Ziggy Stardust,Ziggy Stardust,Bowers A. Cone,Stephen,Stephen Dicarlo,Stephen Dicarlo,1
recVa3Ph0uD7GFNQy,14906,1185,1185,Macallan,Macallan,Reagan Brown,Reagan Brown,Stephanie Free,Stephanie Free,1
recVbTvLpQcgnDCW8,14906,124,124,Montecristo,Montecristo,Selcuk Koksalan,Selcuk,Selcuk Koksalan,Selcuk Koksalan,1
recViExca4G5K4I8d,14906,2610,2610,Starridor,Starridor,Charlotte H. Wiese,Charlotte,Jasmine Walsh,Jasmine Walsh,1
recVoPNyQWvqU4tMF,14906,132,132,Hop Mouche,Hop Mouche,Laura Gaither,Laura,Laura Gaither,Laura Gaither,1
recVscUeLQRzogBzv,14906,1299,1299,Smilla's Sense Of Snow,Smilla's Sense Of Snow,Scarlett Hamaoui,Scarlett Hamaoui,Morgan Taylor,Morgan Taylor,1
recVtBbwobTXncVAO,14906,1018,1018,Flint T.s. Et,Flint T.s. Et,Camille Pacheco,Camille Pacheco,Juan Benítez,Juan Benítez,1
recVys8qg27M44Naf,14906,1565,1565,Diabolo De La Roque,Diabolo De La Roque,Antonio J. Martinez,Antonio,Antonio J. Martinez,Antonio J. Martinez,1
recW3ACUzfPxwrYxR,14906,2174,2174,Komet 306,Komet 306,Antonio J. Martinez,Antonio,Antonio J. Martinez,Antonio J. Martinez,1
recW4W2Sd7UGjIZJk,14906,2320,2320,Mtm Good Question,Mtm Good Question,Tracy Fenney,Tracy,Michael J. Mccormick,Michael J. Mccormick,1
recWHpJIOYcFDetXH,14906,3038,3038,Scarlett O'hara,Scarlett O'hara,Katherine Addington,Katherine Addington,Bibby F. Hill,Bibby F. Hill,1
recWOHzb2SxrbXnLA,14906,1910,1910,Mtm Cascadela,Mtm Cascadela,Evana Somareddy,Evana,Heather Dayner,Heather Dayner,1
recWPdGVFI6Qz09or,14906,2542,2542,Sunkist,Sunkist,Timothy Maddrix,Timothy,Terry L. Brown,Terry L. Brown,1
recWUrpDr1kPZ7RMM,14906,2728,2728,Wingardium Leviosa KS,Wingardium Leviosa KS,Dominic Arnold,Dominic,Alyssa Venn,Alyssa Venn,1
recWXO4ts3p4Au4to,14906,109,109,Elalisa,Elalisa,Maleah Lang Mcmahon,Maleah,Maleah Lang Mcmahon,Maleah Lang Mcmahon,1
recWZYPesnF1w0ZOc,14906,3016,3016,Dorado Sdn,Dorado Sdn,Cooper Beisel,Cooper,Ben Taylor,Ben Taylor,1
recWktbRAlMADqRYM,14906,2204,2204,5o1 Stakkatol's Dream,5o1 Stakkatol's Dream,Jacob Fletcher,Jacob,Jacob Fletcher,Jacob Fletcher,1
recWl9xEhrRDshUkR,14906,1477,1477,Bp Exchange,Bp Exchange,Lesley Grant-Law,Lesley Grant-Law,Lesley Grant-Law,Lesley Grant-Law,1
recWnEvzuG97LP2dX,14906,2397,2397,Renkum Corsair,Renkum Corsair,Molly Adams,Molly Adams,David Cameron,David Cameron,1
recWnwuX7YEpOVN6X,14906,130,130,Mtm Myrbalia O,Mtm Myrbalia O,Tracy Fenney,Tracy Fenney,Michael J. Mccormick,Michael J. Mccormick,1
recWv5cRARoLwBg6g,14906,1487,1487,Annandale Sherlock,Annandale Sherlock,Katherine Addington,Katherine Addington,Bibby F. Hill,Bibby F. Hill,1
recWxE5xbvlhuQSg2,14906,1776,1776,Lavei,Lavei,Alyson Jones,Alyson,Kim Taylor,Kim Taylor,1
recWzBOkxZD3KE8v5,14906,1968,1968,Rocketman,Rocketman,Samantha Brooks,Samantha Brooks,Kim E. Burnette,Kim E. Burnette,1
recX5qWot6Av0Z3oy,14906,2140,2140,So Dapper,So Dapper,Jane C. Ehrhart,Jane,Jane C. Ehrhart,Jane C. Ehrhart,1
recX78rajRi4FZjoP,14906,1056,1056,Costacalvo,Costacalvo,Emma Ecarius,Emma Ecarius,Daniela Roy,Daniela Roy,1
recX7ZLMmQ0SEzHLB,14906,2340,2340,Penelope De La Fresnière,Penelope De La Fresnière,Luke Sassi,Luke,Luke Sassi,Luke Sassi,1
recXBVUKO7zxFbwbX,14906,1292,1292,Caans Navy Blues,Caans Navy Blues,Maddie Yarborough,Maddie Yarborough,Lindsay Barrack,Lindsay Barrack,1
recXEXzWgxgc1AjBl,14906,1483,1483,Thunder Shark,Thunder Shark,Fabian Herrera,Fabian,Fabian Herrera,Fabian Herrera,1
recXhFNIq8ga5um2X,14906,1570,1570,Rustica Ls La Silla,Rustica Ls La Silla,Antonio J. Martinez,Antonio J. Martinez,Antonio J. Martinez,Antonio J. Martinez,1
recXhnw9jzNNP3Ri9,14906,2950,2950,Denison Park Combat,Denison Park Combat,Elizabeth Schumann,Elizabeth,Brian Murphy,Brian Murphy,1
recXng0ma9MdJcCCB,14906,2569,2569,Night Light,Night Light,Hanna R. Egan,Hanna,Hanna R. Egan,Hanna R. Egan,1
recXz6aFV8UtHxxo5,14906,1748,1748,Center Stage,Center Stage,Kirsten L. Malacarne,Kirsten,George J. Bessette,George J. Bessette,1
recY1yX8JfuDCrmCx,14906,1498,1498,Untitled,Untitled,Katherine Addington,Katherine,Bibby F. Hill,Bibby F. Hill,1
recY5sI1UZ86CydL8,14906,2533,2533,Unstoppable,Unstoppable,Brielle Watkins,Brielle Watkins,Gianni Gabrielli,Gianni Gabrielli,1
recY76HaZ6xNxQMVd,14906,1660,1660,Luau Cove Csf,Luau Cove Csf,Kyle Dewar,Kyle,Kyle Dewar,Kyle Dewar,1
recYHW3mL96UcmZy3,14906,157,157,Verdini D'houtveld Z,Verdini D'houtveld Z,Lauren Balcomb,Lauren,Sharn L. Wordley,Sharn L. Wordley,1
recYMjXkeMz3isTBm,14906,3036,3036,Luttoria,Luttoria,Tom Monaghan,Tom Monaghan,Tom Monaghan,Tom Monaghan,1
recYPwPcWiti4adUl,14906,134,134,Hollywood V,Hollywood V,Amanda Gomez,Amanda,Pamela Gomez,Pamela Gomez,1
recYeQd4oCVSWM9nf,14906,1924,1924,Argento 2,Argento 2,Aubrey Frank,Aubrey,Derek Van Der Burgh,Derek Van Der Burgh,1
recYgMJVcEQNPuJOv,14906,3015,3015,6-7,6-7,Kinser Vale,Kinser,Ben Taylor,Ben Taylor,1
recYt2bS3S9KPlmzG,14906,1117,1117,Harley De Youguette,Harley De Youguette,Madelyn Stillwell,Madelyn Stillwell,Kathryn Delaney,Kathryn Delaney,1
recZ6ePCGKjsNz47Y,14906,2628,2628,Eiffel,Eiffel,Heidi Paulsen,Heidi Paulsen,John Paulsen,John Paulsen,1
recZ969Ndb9cj3ytT,14906,2623,2623,Sophistakkato,Sophistakkato,Katherine Nunez,Katherine,Debra L. Ward,Debra L. Ward,1
recZDAxAONTYwOS6n,14906,1296,1296,Calou Us,Calou,Tanner Korotkin,Tanner,Alan Korotkin,CWF,1
recZEWnkjgpa4OQns,14906,1777,1777,Bz Cancara,Bz Cancara,Antonio J. Martinez,Antonio,Antonio J. Martinez,Antonio J. Martinez,1
recZH5LJ6exgReT0B,14906,2127,2127,Yalambi’s Jingle Bell,Yalambi’s Jingle Bell,Zara Adnams,Zara Adnams,Scott Keach,Scott Keach,1
recZHr1YLaKCu8owF,14906,1566,1566,Itos S,Itos S,Antonio J. Martinez,Antonio,Antonio J. Martinez,Antonio J. Martinez,1
recZJzNfAeLstAbSR,14906,1793,1793,Comme Il Hero Z,Comme Il Hero Z,Matthew Le Master,Matthew,Matthew Le Master,Matthew Le Master,1
recZNJ7ALepjMkTD7,14906,1198,1198,Luau,Luau,Victoria Free Knott,Victoria Free Knott,Stephanie Free,Stephanie Free,1
recZNJ9sLZjsWr4Mc,14906,1945,1945,Action Girl Z,Action Girl Z,Riley Delbecq,Riley Delbecq,Casey M. Millis,Casey M. Millis,1
recZeRDlzip5lxPtT,14906,2702,2702,For Jens Z,For Jens Z,Patrick R. Wilcher,Hayley,Dana G. Waters,Dana G. Waters,1
recZf5JilxOykAhlL,14906,2987,2987,Million's Crack Ki,Million's Crack Ki,Ana Elena Armas,Ana,Luciano Dome,Luciano Dome,1
recZjVJhvDeW8E4h6,14906,2633,2633,Dimazzo,Dimazzo,Leah Lang-Gluscic,Leah,Leah Lang-Gluscic,Leah Lang-Gluscic,1
recZnssMwPiGKbLvF,14906,1435,1435,Hellcat,Hellcat,Megan O'Brien,Megan,Megan O'Brien,Megan O'Brien,1
recZpqPhNHYT2KGLP,14906,2155,2155,La Luciole,La Luciole,Jacqueline Steffens Daly,Jacqueline,Jacqueline Steffens Daly,Jacqueline Steffens Daly,1
recZrqsPurBAf5Ep8,14906,1772,1772,Harbor Boy,Harbor Boy,Fallon Badini,Fallon Badini,Brooke Eddy,Brooke Eddy,1
recZu88uJonIdPVyP,14906,1927,1927,Hicorino,Hicorino,Brooke Borges,Brooke Borges,Derek Van Der Burgh,Derek Van Der Burgh,1
recZzqcKYNFbxV7Pp,14906,2152,2152,Bluebelle,Bluebelle,Andres A. Correa,Andrea,Andres A. Correa,Andres A. Correa,1
reca0h4RLbgEQB1f6,14906,1543,1543,Ironclad's Fairmont,Ironclad's Fairmont,Randi Callahan,Randi Callahan,Dominique H. Damico,Dominique H. Damico,1
recaDBKCxqYv7GOz2,14906,1554,1554,Going Global,Going Global,Jenny Miller,Jenny,Jenny Miller,Jenny Miller,1
recabD0Iks2s2NpGr,14906,2935,2935,Paseana,Paseana,Jelmer Hoekstra,Jelmer,Jelmer Hoekstra,Jelmer Hoekstra,1
recapiXQPWvNxuZL6,14906,1420,1420,Cierra,Cierra,Liza Guettler,Liza Guettler,Meghan Green,Meghan Green,1
recarEx7mlbqpeP8N,14906,1709,1709,Headleys Kinetic,Headleys Kinetic,Anne L. Bingler,Anne,Anne L. Bingler,Anne L. Bingler,1
recauzEWZogoAhBmF,14906,1042,1042,Maiki,Maiki,Tanner Korotkin,Tanner,Alan Korotkin,CWF,1
recawK4STNftWVsnu,14906,1196,1196,Carolina Bay,Carolina Bay,Emily Mckendry,Emily Mckendry,Stephanie Free,Stephanie Free,1
recb5aLOWcDGO2C5d,14906,1853,1853,Indiana De Riverland,Indiana De Riverland,Declan Egan,Declan,Declan Egan,Declan Egan,1
recb666cCgReqLBEk,14906,2629,2629,On The Clock,On The Clock,Heidi Paulsen,Heidi Paulsen,John Paulsen,John Paulsen,1
recb8kY0wI96J5yl3,14906,1222,1222,Ladies Night,Ladies Night,Megan Wexler,Megan,Megan Wexler,Megan Wexler,1
recb9c821crhAUlDV,14906,1284,1284,Kalipso,Kalipso,Katie Moniz Floyd,Katie Moniz Floyd,Katie Moniz Floyd,Katie Moniz Floyd,1
recbBkivjo9pQUAWb,14906,2528,2528,Indigo,Indigo,Jesus A. Rigu,Jesus A. Rigu,Gianni Gabrielli,Gianni Gabrielli,1
recbBuCGoa2DVvxQE,14906,2107,2107,Mary J,Mary J,Isaac Leffkowitz,Isaac,Isaac Leffkowitz,Isaac Leffkowitz,1
recbJbaJrLSZZhemR,14906,2021,2021,Crescendo 55,Crescendo 55,Andrea Clark,Andrea Clark,Heather Dayner,Heather Dayner,1
recbKbRy6uWOYVoxn,14906,1914,1914,D’or E’cureuil,D’or E’cureuil,Bryce P. Richardson,Bryce P. Richardson,Bryce P. Richardson,Bryce P. Richardson,1
recbLGzVtUzPM0ehq,14906,1646,1646,Con Sol,Con Sol,Nicole Presa Tejada,Nicole,Juan A. Rodriguez Silva,Juan A. Rodriguez Silva,1
recbMUxRpLNLEqBal,14906,2884,2884,Karma,Karma,Ryan Michael Genn,Ryan,Ryan Michael Genn,Ryan Michael Genn,1
recbN9hcuwyHaXSOt,14906,2082,2082,Blue Magic,Blue Magic,Anslee Bell,Anslee Bell,Madison Daughdrill,Madison Daughdrill,1
recbNkeX7Ld3HWbxU,14906,2093,2093,Dragonfly,Dragonfly,Nora Nauss,Nora,Andrew C. Welles,Andrew C. Welles,1
recbQlO6CvoZuDUWm,14906,2531,2531,Satis Van Het Moeshof,Satis Van Het Moeshof,Jesus A. Rigu,Jesus A. Rigu,Gianni Gabrielli,Gianni Gabrielli,1
recbbC4cEx63PP1dA,14906,2522,2522,Remix De Ganad,Remix De Ganad,Alexandra Hird,Alexandra,August Torsilieri,August Torsilieri,1
recbcJelLtShLACB0,14906,2172,2172,Castell 21,Castell 21,Amanda Gardiner,Amanda,Megan Gardiner,Megan Gardiner,1
recbf6iOpW2tMd2cU,14906,2975,2975,Plush Ponies' Kickapoo Kiwi Bliss,Plush Ponies' Kickapoo Kiwi Bliss,Sofia Clark,Sofia Clark,No Trainer,No Trainer,1
recbhoeEZbeIiWOod,14906,1424,1424,Arthur,Arthur,Stefano Baruzzo,Stefano,Stefano Baruzzo,Stefano Baruzzo,1
recbjLwlo9lhPfYJN,14906,3097,3097,Jet Setter,Jet Setter,Jana Schwartzberg,Jana Schwartzberg,Carlos Aguirre,Carlos Aguirre,1
recbkPoe4t8Irl2NP,14906,2940,2940,Obora’s Sandman,Obora’s Sandman,Marissa Creviston,Marissa,Marissa Creviston,Marissa Creviston,1
recbyeHnj0OT9sByX,14906,1246,1246,Redbull 33 Vdh,Redbull 33 Vdh,Brittni A. Raflowitz,Brittni,Brittni A. Raflowitz,Brittni A. Raflowitz,1
recc0jIcjOJMEQbuG,14906,2191,2191,Willy Wonka Wb,Willy Wonka Wb,Danielle Guy,Danielle Guy,Jenelle Branom,Jenelle Branom,1
recc51YkKZgpedrZ0,14906,1706,1706,Airway Semilly,Airway Semilly,Ella Walker,Ella,Anne L. Bingler,Anne L. Bingler,1
recc7xn13H6oiCRUV,14906,2559,2559,Dee Dee Gz,Dee Dee Gz,Samantha Fields,Samantha,Spencer Brittan,Spencer Brittan,1
reccFg4JNik72evV7,14906,2196,2196,Kan So,Kan So,Diego Farje,Diego,Sharn L. Wordley,Sharn L. Wordley,1
reccII7BFSPqJETYJ,14906,1105,1105,Legacy Rs,Legacy Rs,Lauren E. Hough,Lauren,Benjamin J. Meredith,Benjamin J. Meredith,1
reccLR3YbRcGmma61,14906,1044,1044,Peridoni 20,Peri,Elisabeth Rotsaert,Elisabeth,Alan Korotkin,CWF,1
reccTSAFpxDh2s7Ho,14906,2719,2719,Nobeltje,Nobeltje,Amanda Gomez,Amanda,Pamela Gomez,Pamela Gomez,1
recccgm4LNfYTtd8R,14906,2703,2703,Genuine,Genuine,Hayley G. Waters Wear,Hayley G. Waters Wear,Dana G. Waters,Dana G. Waters,1
reccfnhd9Nq3KBBkl,14906,2828,2828,Conlondino Ps,Conlondino Ps,Evelyn Byron,Evelyn Byron,Lauren Schweppe,Lauren Schweppe,1
reccigib2ijRnWs41,14906,3048,3048,Conchacco Ps,Conchacco Ps,Alyssa Pascucci,Alyssa Pascucci,Alyssa Pascucci,Alyssa Pascucci,1
recckZ7igwuvZmixO,14906,2134,2134,O-Toulon K,O-Toulon K,Addison Reed,Addison,Addison Reed,Addison Reed,1
reccmBs7OIEJDnVJB,14906,2711,2711,Emyr De Launay,Emyr De Launay,Mauricio Gruener,Mauricio,Juan E. Hidalgo,Juan E. Hidalgo,1
reccmjiFpM818Ryfd,14906,2388,2388,Choco Du Reverdy,Choco Du Reverdy,Sophie Heap,Sophie Heap,Alan Korotkin,Alan Korotkin,1
reccpYhCZAY4DbLiD,14906,1705,1705,Pi-Air,Pi-Air,Riley Delbecq,Riley,Todd D. Minikus,Todd D. Minikus,1
reccw0MYAF5N4ys2S,14906,2077,2077,Diamant Joe,Diamant Joe,Annie Ashton,Annie Ashton,Darragh Kerins,Darragh Kerins,1
reccwbe0M6JlsdOvR,14906,1415,1415,Nijerite,Nijerite,Diego Loria,Diego Loria,Juan A. Rodriguez Silva,Juan A. Rodriguez Silva,1
reccyRIzHp9ugs8vK,14906,2962,2962,Friloux Des Champs,Friloux Des Champs,Vicente Guillen,Vicente Guillen,Vicente Guillen,Vicente Guillen,1
recd2i8o2VFvqHaXj,14906,1076,1076,Curioso Van Maarle Z,Curioso Van Maarle Z,Hector Florentino,Hector,Benjamin J. Meredith,Benjamin J. Meredith,1
recd84T95KYRhjbjj,14906,2387,2387,Winterfells Castle Black,Winterfells Castle Black,Sierra Montgomery,Sierra,Lisa Hasenbeck,Lisa Hasenbeck,1
recdM6wDRahirh7oO,14906,1721,1721,Metallica,Metallica,Justine L. Dutton Barnard,Justine L. Dutton Barnard,Justine L. Dutton Barnard,Justine L. Dutton Barnard,1
recdMAFrp27NIbeGF,14906,2603,2603,Dominus Z,Dominus Z,Charlotte H. Wiese,Charlotte,Jasmine Walsh,Jasmine Walsh,1
recdOBrLHAVTVoaxj,14906,1983,1983,Koh I Knoor,Koh I Knoor,Natalie Johnson Russell,Natalie,Natalie Johnson Russell,Natalie Johnson Russell,1
recdWBkutEkpHaYZ3,14906,2830,2830,Carson Too,Carson Too,Danielle Platt,Danielle Platt,Danielle Platt,Danielle Platt,1
recddkhIwq0I9QZKq,14906,1442,1442,Rr Monster,Rr Monster,Mckenzie Badley,Mckenzie,Matthew Le Master,Matthew Le Master,1
recdeUfxo0vGgm3Pm,14906,2838,2838,Delisa Gp,Delisa Gp,Heather Froehlich Cortell,Heather,Heather Froehlich Cortell,Heather Froehlich Cortell,1
recdkGK7Ky8tTodPI,14906,2156,2156,Lady Roxy,Lady Roxy,Suzanne Burns,Suzanne,Jacqueline Steffens Daly,Jacqueline Steffens Daly,1
recdonopJ0WtIypgP,14906,2066,2066,Red Admiral,Red Admiral,Elizabeth C. de Golian,Elizabeth,Elizabeth C. de Golian,Elizabeth C. de Golian,1
recdqd8c1RiqEIyWS,14906,1993,1993,Copperfield Ghv Z,Copperfield Ghv Z,Molly Frei,Molly,Sven Frei,Sven Frei,1
recdvY5Bhns0iSO9A,14906,1349,1349,Rich Girl,Rich Girl,Felicia Rodgers,Felicia Rodgers,Derek Reed,Derek Reed,1
recdwOEYGZ8DxLTUJ,14906,151,151,Contigo Z,Contigo Z,Samuel Parot,Samuel,Samuel Parot,Samuel Parot,1
rece8QRDzcNymM2DX,14906,1225,1225,Cardline Kdw Z,Cardline Kdw Z,Megan Wexler,Megan,Megan Wexler,Megan Wexler,1
rece95JcAhAVDDtRR,14906,1464,1464,Gossip Girl,Gossip Girl,Hannah Morejon,Hannah Morejon,Mario Garcia,Mario Garcia,1
receFL2jrZgtEi18s,14906,2868,2868,Mtm Drop The Mic,Mtm Drop The Mic,Tracy Fenney,Tracy,Michael J. Mccormick,Michael J. Mccormick,1
receFg4UH7Fm3c82b,14906,2602,2602,Fabian,Fabian,Bonnie Silver,Bonnie Silver,Annalee Bennett,Annalee Bennett,1
receIq5ahZGPMIpTF,14906,2567,2567,Voyou De Tiji Z,Voyou De Tiji Z,Jamie Ricciardi,Jamie Ricciardi,Spencer Brittan,Spencer Brittan,1
receQTRxo3VWVmZvb,14906,2933,2933,Iron Rock,Iron Rock,Dorothy Douglas,Dorothy,Jelmer Hoekstra,Jelmer Hoekstra,1
recebQmUQ4MWj8thS,14906,2130,2130,Spectacular Jedi,Spectacular Jedi,Avery Rush,Avery Rush,Maisie Wagner,Maisie Wagner,1
recec81GNG4x3ieVX,14906,2997,2997,Qatar,Qatar,Hector Florentino,Hector,Hector Florentino,Hector Florentino,1
recedrYSb4A4mDbzy,14906,1248,1248,Ciemusic Z,Ciemusic Z,Kathryn Camunas,Kathryn,Erica Robson,Erica Robson,1
recefpyK3hQv6P795,14906,1343,1343,Pedro Molino,Pedro Molino,Kristen Litteken,Kristen,Juan M. Bolanos,Juan M. Bolanos,1
recehrzQUYcDtPpB9,14906,2932,2932,Dakota Z,Dakota Z,Jelmer Hoekstra,Jelmer,Jelmer Hoekstra,Jelmer Hoekstra,1
receotXwf9JfD39Gm,14906,1550,1550,Daytona S.e,Daytona S.e,Hanna R. Egan,Hanna R. Egan,Hanna R. Egan,Hanna R. Egan,1
receqLIpBjLAvXgsf,14906,1578,1578,London Boy,London Boy,,,,,1
recewHW8INK4Tj9yE,14906,2402,2402,Diabalou Ps,Diabalou Ps,Lukene Arenas,Lukene,Lukene Arenas,Lukene Arenas,1
receyJ4kFtolZYR1u,14906,2291,2291,Fleurescent,Fleurescent,Declan Egan,Declan,Declan Egan,Declan Egan,1
recf32m9uv1cIoTdZ,14906,1516,1516,Grandia,Grandia,Bowers A. Cone,Bowers,Stephen Dicarlo,Stephen Dicarlo,1
recf7XhHRIWSt1q5G,14906,2354,2354,Kleopatra Hero Z,Kleopatra Hero Z,Luke Sassi,Luke,Luke Sassi,Luke Sassi,1
recfCCwGu6ZvbT6Jo,14906,2391,2391,Benlea Magic Dragon,Benlea Magic Dragon,Noemi Varela,Noemi,Dana Ventrice,Dana Ventrice,1
recfKc7mykWwAnnCx,14906,2608,2608,Vincent Van Gough,Vincent Van Gough,Jasmine Walsh,Jasmine,Jasmine Walsh,Jasmine Walsh,1
recfNXRYXeRBEUVb8,14906,2869,2869,Aphrodite,Aphrodite,Kennedy Kluber,Kennedy Kluber,Terrie E. Shibley,Terrie E. Shibley,1
recfTISFDwyJLZnkA,14906,1419,1419,Capitolino Dve,Capitolino Dve,Frederica Alcalay,Frederica Alcalay,Meghan Green,Meghan Green,1
recfUavC1vih6Z4fE,14906,2431,2431,Virgules Balou Van 'T Neerhof,Virgules Balou Van 'T Neerhof,Alexandra Goetze Bell,Alexandra,Alexandra Goetze Bell,Alexandra Goetze Bell,1
recfZjErV6grXiOk4,14906,162,162,Hakatann De Lojou,Hakatann De Lojou,Ashlee Bond,Ashlee,Ashlee Bond,Ashlee Bond,1
recfbl0lg85yH6S4h,14906,1519,1519,Mtm Clarcona,Mtm Clarcona,Anna Mead,Anna,Stephen Dicarlo,Stephen Dicarlo,1
recfcYc88XderhX4o,14906,2949,2949,Nadia I,Nadia I,Andras Szieberth,Andras,Andras Szieberth,Andras Szieberth,1
recfceJucrzwxFkvk,14906,2331,2331,Mtm Tabitha,Mtm Tabitha,Tracy Fenney,Tracy Fenney,Michael J. Mccormick,Michael J. Mccormick,1
recfehbw8pxUeFhve,14906,2601,2601,Espoir De Bethune,Espoir De Bethune,Bonnie Silver,Bonnie Silver,Annalee Bennett,Annalee Bennett,1
recfjVuC8K6N1bqm5,14906,3046,3046,Dolittle 32,Dolittle 32,Bruno Diniz Das Neves,Bruno,Bruno Diniz Das Neves,Bruno Diniz Das Neves,1
recfmZckWPiD4Rqmf,14906,1425,1425,Categorico Ec Z,Categorico Ec Z,Devin A. Seek,Devin,Stefano Baruzzo,Stefano Baruzzo,1
recfojdF7DYTJjZnH,14906,2096,2096,Unstoppable,Unstoppable,Nora Nauss,Nora,Andrew C. Welles,Andrew C. Welles,1
recfqL62ibBDvEmQn,14906,2825,2825,Kereen Cobra,Kereen Cobra,Kitt Ritter,Kitt,Ryan Michael Genn,Ryan Michael Genn,1
recfyOAWYulsQNwCK,14906,156,156,Yalambis Ikon,Yalambis Ikon,Maddison Stephen,Maddison,Maddison Stephen,Maddison Stephen,1
recg11DzLD3aVrPCu,14906,2562,2562,Inlaws Manolo,Inlaws Manolo,Spencer Brittan,Spencer,Spencer Brittan,Spencer Brittan,1
recg1BskB6PGtMP8B,14906,2566,2566,Tough Enough,Tough Enough,Spencer Brittan,Spencer,Spencer Brittan,Spencer Brittan,1
recg1bdKplpiMn6CM,14906,3045,3045,Hpf Melania,Hpf Melania,Francisco Vaca,Francisco,Shannon Y. Clifford,Shannon Y. Clifford,1
recg27Zq2bCUfGxQA,14906,2708,2708,Volcano Bbf,Volcano Bbf,Hayley G. Waters Wear,Hayley,Dana G. Waters,Dana G. Waters,1
recg2q8fBl6zY3Mak,14906,1060,1060,Interkalen V.d.o,Interkalen V.d.o,Camila Inestroza,Camila Inestroza,Daniela Roy,Daniela Roy,1
recg3iVOGhe4SnUe2,14906,1201,1201,Contika 46,Contika 46,Kacey Conway,Kacey,Kacey Conway,Kacey Conway,1
recg4MujYfUwxwTAE,14906,2721,2721,Conkelkiefer,Conkelkiefer,Mia Smith,Mia Smith,David Cameron,David Cameron,1
recg58xkAVuWMvUpw,14906,1090,1090,City Of Angels,City Of Angels,Sabine Clark,Sabine Clark,Alison Jones,Alison Jones,1
recg8icWIBxr0wkbY,14906,3011,3011,Guibet P,Guibet P,Amanda Gomez,Amanda,Pamela Gomez,Pamela Gomez,1
recgCHJBPI61TTWw5,14906,1452,1452,Onyx,Onyx,Taylor St Jacques,Taylor,Taylor St Jacques,Taylor St Jacques,1
recgDTaT57VvTFcLZ,14906,1437,1437,Balencia,Balencia,Stella Gavin,Stella,Matthew Le Master,Matthew Le Master,1
recgDhuSDQ6zMAbx7,14906,1102,1102,Talk About Me,Talk About Me,Violetta Bergonzoli,Violetta,Morgan Taylor,Morgan Taylor,1
recgEoMjHrZ4zO91e,14906,112,112,Fraxinus Des Coeuries,Fraxinus Des Coeuries,Juan J. Bancalari,Juan,Juan M. Bolanos,Juan M. Bolanos,1
recgKQ2d9LL6SOBLX,14906,3008,3008,Mon-Ami,Mon-Ami,Debbie L. Mccarthy-Connor,Debbie,Debbie L. Mccarthy-Connor,Debbie L. Mccarthy-Connor,1
recgRutfSbyZDsyAC,14906,2341,2341,Diamant's Invincible Na,Diamant's Invincible Na,Jared P. Petersen,Jared,Derek Petersen,Derek Petersen,1
recgkh1Xq8PkiNLhc,14906,2996,2996,Maleficent Ht,Maleficent Ht,Hector Florentino,Hector,Benjamin J. Meredith,Benjamin J. Meredith,1
recgtycNp1GFBLio2,14906,2405,2405,Billy Suffragette,Billy Suffragette,Emerson Ritter,Emerson,Morgan Taylor,Morgan Taylor,1
recgwJ6UxbDX2QWZ1,14906,2990,2990,High Renaissance,High Renaissance,,,,,1
rech6wXoI6X3xY90b,14906,1685,1685,Hh Hyyerr Calling,Hh Hyyerr Calling,Jessica Collins,Jessica,Jessica Collins,Jessica Collins,1
rech7sFSTS6x49XVc,14906,150,150,Chrystal Blue,Chrystal Blue,Samuel Parot,Samuel Parot,Samuel Parot,Samuel Parot,1
rechB4V3R2X5w3Mv2,14906,2307,2307,Channing,Channing,Joanne Clemente,Joanne Clemente,Joanne Clemente,Joanne Clemente,1
rechBh5Yev9JRyn1u,14906,1681,1681,Vdl Liantha,Vdl Liantha,Camille Gabrie,Camille Gabrie,Juan A. Rodriguez Silva,Juan A. Rodriguez Silva,1
rechGPF30MTRNxo4R,14906,2030,2030,Chili Z,Chili Z,Heather Farmer,Heather Farmer,Anne L. Bingler,Anne L. Bingler,1
rechJ2xCxkNKhhG4e,14906,116,116,Santiago Vh Netehof,Santiago Vh Netehof,Cormac Hanley,Cormac,Thea N. Stinnett,Thea N. Stinnett,1
rechSSLCfmY0qzoCf,14906,1422,1422,Perry Girl,Perry Girl,Frederica Alcalay,Frederica Alcalay,Meghan Green,Meghan Green,1
rechTDwvrnTzsDx7H,14906,1507,1507,Cyrus,Cyrus,Dakota Sheikh,Dakota Sheikh,Kelly Saporito,Kelly Saporito,1
rechTSL0KCt5yYk7Z,14906,2073,2073,Ballyheerin Belle Jorado,Ballyheerin Belle Jorado,Sarah Kerins,Sarah,Darragh Kerins,Darragh Kerins,1
rechWFudM5B9xmSx2,14906,1494,1494,Magical Powers,Magical Powers,Katherine Addington,Katherine Addington,Bibby F. Hill,Bibby F. Hill,1
rechWxMsoOezO0sNj,14906,2931,2931,Bellissima Dh Z,Bellissima Dh Z,Jelmer Hoekstra,Jelmer,Jelmer Hoekstra,Jelmer Hoekstra,1
rechZbNQ92TC1QapY,14906,2793,2793,Ibalia,Ibalia,Eva Bernstein,Eva,Matt Martin,Matt Martin,1
reci2dsUGmNKNrxEV,14906,1787,1787,Tarantino De Rie,Tarantino De Rie,Robert Mendoza,Robert,Hanna Pieri,Hanna Pieri,1
reciDvLCK0Gc6NOIA,14906,1298,1298,Pays Bas V,Pays Bas V,Sophie Smith,Sophie,Morgan Taylor,Morgan Taylor,1
reciEAJdtrYf6qWOe,14906,1958,1958,Hairo,Hairo,Ana Elena Armas,Ana Elena Armas,Luciano Dome,Luciano Dome,1
reciJX9eWBLJxzGOR,14906,1757,1757,Frodo,Frodo,River A. Wylde,River,River A. Wylde,River A. Wylde,1
reciZLzI85ELzOUlg,14906,2091,2091,Cismet 4,Cismet 4,Andrew C. Welles,Andrew,Andrew C. Welles,Andrew C. Welles,1
recieR1tGsakViJ0x,14906,1070,1070,Secret,Secret,Estefania Navarro,Estefania Navarro,Daniela Roy,Daniela Roy,1
recip4oonp4VDC2B0,14906,3086,3086,Accelerator,Accelerator,Fabian Herrera,Fabian Herrera,Fabian Herrera,Fabian Herrera,1
recj616ffiWAOHEUy,14906,1453,1453,Childhood Dream,Childhood Dream,Lanie Nash,Lanie,Dawn Hersey,Dawn Hersey,1
recj76r3HlyuTM8ji,14906,1722,1722,Rhubarb And Custard Os,Rhubarb And Custard Os,Justine L. Dutton Barnard,Justine L. Dutton Barnard,Justine L. Dutton Barnard,Justine L. Dutton Barnard,1
recjEm87XWn7DtIVE,14906,2965,2965,Kurano Sp Z,Kurano Sp Z,Brooklyn Castellano,Brooklyn,Brooklyn Castellano,Brooklyn Castellano,1
recjGNQ3XOeNkwqQn,14906,122,122,Feinschnitt,Feinschnitt,Dominique Gonzalez,Dominique,Terry Gonzalez,Terry Gonzalez,1
recjHivoFbaUMdi8z,14906,2929,2929,Kaytaro,Kaytaro,Declan Egan,Declan,Declan Egan,Declan Egan,1
recjP93mSGRLQnDjS,14906,1324,1324,Color Coded,Color Coded,Addison Fulbright,Addison Fulbright,Dawn Hersey,Dawn Hersey,1
recjPe7jVWzibc1lp,14906,1994,1994,Marjolita,Marjolita,Molly Frei,Molly Frei,Sven Frei,Sven Frei,1
recjToWEyadTYGYMe,14906,3051,3051,Undercover,Undercover,Staisha Connors,Staisha Connors,Michael Connors,Michael Connors,1
recjXCJemMjvGYGEu,14906,2049,2049,Top Secret Hk,Top Secret Hk,Helen Goddard,Helen,Helen Goddard,Helen Goddard,1
recjbDppYrArFofn3,14906,3047,3047,Jasmin De L’abbaye,Jasmin De L’abbaye,Gianni Gabrielli,Gianni,Gianni Gabrielli,Gianni Gabrielli,1
recjfkDHSe8wbBSCq,14906,1870,1870,Techon Master Bronze,Techon Master Bronze,Jolene Plante,Jolene Plante,Emily Plante,Emily Plante,1
recjo0sdsw0E4cELH,14906,1043,1043,Markanto A,Mark,Tanner Korotkin,Tanner,Alan Korotkin,CWF,1
recjoa5HxFvEF8f0H,14906,2881,2881,Don Cor Z,Don Cor Z,Ryan Michael Genn,Ryan,Ryan Michael Genn,Ryan Michael Genn,1
recjpVv2M9RZcpiim,14906,1977,1977,Just A Gentleman,Just A Gentleman,Brittany G. Wyatt,Brittany,Stephanie Free,Stephanie Free,1
recjtOwq4yyhryhyx,14906,2986,2986,Maui,Maui,Eva Bernstein,Eva,Matt Martin,Matt Martin,1
recjuhxmP88d5UfTA,14906,2845,2845,Naturel De Walput,Naturel De Walput,Luke Sassi,Luke Sassi,Luke Sassi,Luke Sassi,1
reck7KNxJVatu5qIK,14906,2200,2200,Chagrandino Ps,Chagrandino Ps,Luciano Dome,Luciano,Luciano Dome,Luciano Dome,1
reckA4khnOmuCzQG8,14906,1881,1881,Bff Signatures Holy Ghost,Bff Signatures Holy Ghost,Alyson Jones,Alyson Jones,Kim Taylor,Kim Taylor,1
reckBvzRGUzmn0bFq,14906,2031,2031,Menlo Park,Menlo Park,Jake Evans,Jake Evans,Jake Evans,Jake Evans,1
reckDFumqtxbWhdn2,14906,2109,2109,Roundthorn Odara,Roundthorn Odara,Anne L. Bingler,Anne L. Bingler,Anne L. Bingler,Anne L. Bingler,1
reckGbKWhq8UTvTKs,14906,1183,1183,Mastermind,Munster,Naomi Selleck,Naomi,Alan Korotkin,CWF,1
reckHWLHPNl8zsd7B,14906,145,145,Chutter Du Rouet Ps,Chutter Du Rouet Ps,Aaron Vale,Aaron,Ben Taylor,Ben Taylor,1
reckJKgk676RKWabB,14906,3009,3009,Coby Z,Coby Z,Jenna P. Friedman-Lopez,Jenna,Jenna P. Friedman-Lopez,Jenna P. Friedman-Lopez,1
reckOFVSzlsgIng3j,14906,1266,1266,Hopeful Z,Hopeful Z,Sophia Ayers,Sophia,Ben Taylor,Ben Taylor,1
reckUoAy4E5f7VFWf,14906,3035,3035,Cooley Elusive,Cooley Elusive,Tom Monaghan,Tom,Tom Monaghan,Tom Monaghan,1
reckWRVtlbUj1NWlr,14906,2153,2153,Dulce,Dulce,Andres A. Correa,Andres,Andres A. Correa,Andres A. Correa,1
reckgkIWQJ2f09WP9,14906,1035,1035,Ideal,Doug,Grace Lyons,Grace,Alan Korotkin,CWF,1
reckuCuNfbtfkMAfs,14906,1782,1782,Cash For Roses,Cash For Roses,Bruno Diniz Das Neves,Bruno,Bruno Diniz Das Neves,Bruno Diniz Das Neves,1
reckvF1nGccZ2LlCd,14906,1775,1775,Once Upon A Time,Once Upon A Time,Alyson Jones,Alyson,Kim Taylor,Kim Taylor,1
reckxC9woEmMfLJsu,14906,1784,1784,Storiall Blue,Storiall Blue,Stella Stinnett,Stella,Thea N. Stinnett,Thea N. Stinnett,1
reckz7DLuW7CZb0Wk,14906,129,129,Mtm Can Talk To Me,Mtm Can Talk To Me,Tracy Fenney,Tracy,Michael J. Mccormick,Michael J. Mccormick,1
recl8AF6ygtIXoyFP,14906,2821,2821,Arianna Rv,Arianna Rv,John M. Struzzieri,John,Ryan Michael Genn,Ryan Michael Genn,1
reclDGIaFrwuPh5vb,14906,2831,2831,Mugano D'augustijn Z,Mugano D'augustijn Z,Chiara Zuccolotto,Chiara Zuccolotto,Katlynn Butler,Katlynn Butler,1
reclHZtWCBDKaidMf,14906,2475,2475,Colmans Blue,Colmans Blue,Jake Evans,Jake Evans,Jake Evans,Jake Evans,1
reclJXmGJpF3hBccU,14906,142,142,Puccini Van Orti,Puccini Van Orti,Lia Screnci,Lia,Lia Screnci,Lia Screnci,1
reclRKdPoWFOjaNtJ,14906,1794,1794,Chico Bella Z,Chico Bella Z,Lily Niebur,Lily,Louise Pejstrup,Louise Pejstrup,1
reclWybHblGXd0Tm1,14906,1781,1781,Una Beretta,Una Beretta,Lukene Arenas,Lukene Arenas,Lukene Arenas,Lukene Arenas,1
reclZ66kVPSeBf8I8,14906,2837,2837,Carmenzita,Carmenzita,Antonio J. Martinez,Antonio,Antonio J. Martinez,Antonio J. Martinez,1
recliHRgKFSnFzTYm,14906,1191,1191,Wordsmith,Wordsmith,Victoria Free Knott,Victoria Free Knott,Stephanie Free,Stephanie Free,1
recluh74zTtNZDrzh,14906,1513,1513,Ck’s Superman,Ck’s Superman,Libby Woodworth,Libby,Stephen Dicarlo,Stephen Dicarlo,1
recm9pFshfHGazS1c,14906,2630,2630,Vamos,Vamos,Ashlynn Meuchel,Ashlynn,Ashlynn Meuchel,Ashlynn Meuchel,1
recmO75fAMLAZyXbH,14906,1978,1978,Secret Affair,Secret Affair,Cindy Secret,Cindy Secret,Stephanie Free,Stephanie Free,1
recmPbLSRxfN8A94K,14906,1996,1996,Thor Jr,Thor Jr,Ali Arbabi,Ali,Sharn L. Wordley,Sharn L. Wordley,1
recmPbUNYeendKqzd,14906,1091,1091,Going For Broke,Going For Broke,Emma Parker,Emma Parker,Alison Jones,Alison Jones,1
recmVUp383DmNilwm,14906,1846,1846,Carlos He’las,Carlos He’las,Evana Somareddy,Evana,Heather Dayner,Heather Dayner,1
recmbLe9gjwLn55mt,14906,2097,2097,Cleveland 42,Cleveland 42,Isaac Leffkowitz,Isaac,Isaac Leffkowitz,Isaac Leffkowitz,1
recmlfR0dYooBb4oc,14906,1322,1322,Top Shelf,Top Shelf,Camille Maynard,Camille Maynard,Camille Maynard,Camille Maynard,1
recmnSL3EzVstxiPe,14906,113,113,Arezzo Z,Arezzo Z,Juan M. Bolanos,Juan,Juan M. Bolanos,Juan M. Bolanos,1
recmwSV8aoUmWPYJS,14906,2864,2864,Dominator Touch Z,Dominator Touch Z,Kalli Core,Kalli,Bobby Boulger,Bobby Boulger,1
recmxAqtZ4KLikEmy,14906,2730,2730,Striking Elsa,Striking Elsa,Phillipa Greenberg,Phillipa,Jennifer Phethean,Jennifer Phethean,1
recn03qKoP5fKW5eC,14906,3032,3032,Dylan Odf,Dylan Odf,Lindsay Standley,Lindsay Standley,Lindsay Standley,Lindsay Standley,1
recn1unfGymTEIZEv,14906,2873,2873,Comme II Reality,Comme II Reality,Elizabeth Solomon,Elizabeth,Elizabeth Solomon,Elizabeth Solomon,1
recn8FQD4z3GHLeRo,14906,1417,1417,Vajra Du Blay,Vajra Du Blay,Emilio Medina,Emilio Medina,Juan A. Rodriguez Silva,Juan A. Rodriguez Silva,1
recn8aUhLr2zY5e2X,14906,1342,1342,Only Love B,Only Love B,Juan M. Bolanos,Juan,Juan M. Bolanos,Juan M. Bolanos,1
recnGImQGdEswUBto,14906,2546,2546,In The Wind Wow,In The Wind Wow,Laura Gaither,Laura Gaither,Laura Gaither,Laura Gaither,1
recnJs6w15cjgPtZy,14906,1788,1788,Confidentially,Confidentially,Charlotte Mack,Charlotte Mack,Megan Wexler,Megan Wexler,1
recnQKa2UumXaPD1u,14906,1449,1449,Curacao D'elsendam Z,Curacao D'elsendam Z,Taylor St Jacques,Taylor,Taylor St Jacques,Taylor St Jacques,1
recnbrWUy8MyJer3G,14906,1597,1597,Quintana Viii,Quintana Viii,Robert Mendoza,Robert Mendoza,Robert Mendoza,Robert Mendoza,1
recnfn1gtJVCOdwYl,14906,2166,2166,Fellini,Fellini,Kennedy Kluber,Kennedy,Terrie E. Shibley,Terrie E. Shibley,1
recnjnyY9UT59zeAn,14906,1720,1720,Iron Maiden,Iron Maiden,Justine L. Dutton Barnard,Justine L. Dutton Barnard,Justine L. Dutton Barnard,Justine L. Dutton Barnard,1
recnjpJmwjKOEdE4N,14906,2941,2941,Nightfall,Nightfall,Windsor Ryan,Windsor,Traci A. Weston,Traci A. Weston,1
recntTllVz5o3TKQU,14906,2384,2384,Casa Delle Farfalle,Casa Delle Farfalle,Sierra Montgomery,Sierra Montgomery,Lisa Hasenbeck,Lisa Hasenbeck,1
recntoeUdfpjKN1pJ,14906,2129,2129,Martini Maker,Martini Maker,Morgan Daly,Morgan Daly,Maisie Wagner,Maisie Wagner,1
recnvWnMm8ppryCqV,14906,1045,1045,Qastaar Van't Heike,Q,Tanner Korotkin,Tanner,Alan Korotkin,CWF,1
reco3kmN6MpfNfLx2,14906,1346,1346,Britney Ps,Britney Ps,Cullen Drescher,Cullen,Derek Reed,Derek Reed,1
reco5YOoGE2hQYgsK,14906,1517,1517,Himalaya,Himalaya,Kimberley Pickens,Kimberley Pickens,Stephen Dicarlo,Stephen Dicarlo,1
reco9xhyefVGZdBVj,14906,1745,1745,Oa Uno Mas Cerveza,Oa Uno Mas Cerveza,Madison Rose,Madison,Madison Rose,Madison Rose,1
recoDTRwnbckxoP3P,14906,115,115,Goliath De L’ Eldorado,Goliath De L’ Eldorado,Declan Egan,Declan,Declan Egan,Declan Egan,1
recoKhtHWlDxbFv5x,14906,1416,1416,Nova,Nova,Juan A. Rodriguez Silva,Juan A. Rodriguez Silva,Juan A. Rodriguez Silva,Juan A. Rodriguez Silva,1
recoVpUg1DgaXBKqa,14906,1726,1726,As You Are,As You Are,Miro Frey,Miro,Stephanie Frey,Stephanie Frey,1
reconx5lBicdfU2ys,14906,1289,1289,Engas Aurantiaco,Engas Aurantiaco,Angela Swanson,Angela,Angela Swanson,Angela Swanson,1
recoy0U7Ey6vMbpPP,14906,2971,2971,Jim,Jim,Kaleigh Holroyd,Kaleigh Holroyd,No Trainer,No Trainer,1
recoz0TdckJTC6our,14906,2563,2563,Itoulon B,Itoulon B,Spencer Brittan,Spencer,Spencer Brittan,Spencer Brittan,1
recp2rDbwj2WAY6ci,14906,2617,2617,Istina Van De Kapel,Istina Van De Kapel,Georgia Bouzaid,Georgia,David Cameron,David Cameron,1
recp4Js48OsSdHJ1k,14906,2110,2110,Forget Me Not,Forget Me Not,Annaliz Alberts,Annaliz Alberts,Katie Rudnick,Katie Rudnick,1
recp6b51kUAbyMUJm,14906,1593,1593,Vdl Nevena,Vdl Nevena,Belen Guarderas,Belen,Juan M. Bolanos,Juan M. Bolanos,1
recp93phGinm0I9vG,14906,1665,1665,Salt Spring,Salt Spring,Kyle Dewar,Kyle,Kyle Dewar,Kyle Dewar,1
recp9HI8GRrjfLTJU,14906,1089,1089,Changes In Latitude,Changes In Latitude,Ava Parker,Ava Parker,Alison Jones,Alison Jones,1
recpF7BQH9k4kO7Cg,14906,1061,1061,Izitop Aaa,Izitop Aaa,Mia Baez,Mia Baez,Daniela Roy,Daniela Roy,1
recpFHkXxPMFq5Tpp,14906,1093,1093,Worth The Wait,Worth The Wait,Kennedy Morrison,Kennedy Morrison,Alison Jones,Alison Jones,1
recpFk671KXWBaulC,14906,1031,1031,Hurricane,Hurricane,Carsyn Korotkin,Carsyn,Alan Korotkin,CWF,1
recpFlXg7xMv2h2em,14906,1760,1760,Pistachio,Pistachio,Stephanie Frey,Stephanie,Stephanie Frey,Stephanie Frey,1
recpGXFL5Gw43iH4m,14906,2866,2866,Kateri,Kateri,Kalli Core,Kalli,Bobby Boulger,Bobby Boulger,1
recpP4j7nPlQwSf15,14906,2108,2108,Spice Of Life,Spice Of Life,Isaac Leffkowitz,Isaac,Isaac Leffkowitz,Isaac Leffkowitz,1
recpQj5KPgaEWjxEa,14906,2875,2875,Kawir Ms,Kawir Ms,Jared P. Petersen,Jared,Jared P. Petersen,Jared P. Petersen,1
recpWtLvV9tJmVvFU,14906,2820,2820,Peyton Cm Kapade,Peyton Cm Kapade,Angelina M Palmeri,Angelina,Derek Van Der Burgh,Derek Van Der Burgh,1
recpXueurS377Mrkk,14906,2877,2877,Big Castle,Big Castle,Shannon Y. Clifford,Shannon,Shannon Y. Clifford,Shannon Y. Clifford,1
recpb9eX1g9FU54id,14906,1258,1258,Balou's Captain,Balou's Captain,Kinser Vale,Kinser,Ben Taylor,Ben Taylor,1
recpe5ZBLVRS3S138,14906,2970,2970,Fe Crack The Code,Fe Crack The Code,Amanda Gardiner,Amanda,Megan Gardiner,Megan Gardiner,1
recpfvulZdiy5IQvn,14906,1245,1245,Lucien II Hs,Lucien II Hs,Brittni A. Raflowitz,Brittni A. Raflowitz,Brittni A. Raflowitz,Brittni A. Raflowitz,1
recpx4srwMNP8KfvP,14906,2572,2572,Geisha D’agenais,Geisha D’agenais,Cyril Chatel,Cyril,Laura Gaither,Laura Gaither,1
recpxFnECH9oYoLgn,14906,1265,1265,Elusive,Elusive,Kinser Vale,Kinser,Ben Taylor,Ben Taylor,1
recpy9qy1UpqoYGC2,14906,2532,2532,Solaguayre Chaquensi,Solaguayre Chaquensi,Gianni Gabrielli,Gianni,Gianni Gabrielli,Gianni Gabrielli,1
recq3TA2ZvEBsMBNd,14906,2171,2171,Squid,Squid,Ella Sasso,Ella Sasso,Juliann W. Cunningham,Juliann W. Cunningham,1
recqIQOo8hyHnd5d2,14906,2731,2731,Picar,Picar,Mario Garcia,Mario,Mario Garcia,Mario Garcia,1
recqMaDteMbkSTVIv,14906,2614,2614,Naton Wi Ro Z,Naton Wi Ro Z,Jessica Cross,Jessica Cross,Jessica Cross,Jessica Cross,1
recqPmHb1W2pXL1PF,14906,2668,2668,Curtis 89,Curtis,Josephine Demmo,Josephine,Alan Korotkin,CWF,1
recqVh52mOV5zCfP5,14906,1491,1491,Dunkin Donuts,Dunkin Donuts,Katherine Addington,Katherine Addington,Bibby F. Hill,Bibby F. Hill,1
recqqmboGHECUlJyn,14906,1574,1574,Valdes,Valdes,Antonio J. Martinez,Antonio,Antonio J. Martinez,Antonio J. Martinez,1
recqvsikbAFYAqlpk,14906,1923,1923,Olaf,Olaf,Selcuk Koksalan,Selcuk,Selcuk Koksalan,Selcuk Koksalan,1
recqzYIr22FSPmONx,14906,2372,2372,F Miss Gouvernante Vdl Z,F Miss Gouvernante Vdl Z,Anthony Sauriol,Anthony,Anthony Sauriol,Anthony Sauriol,1
recr0Gm2CqKg25ilW,14906,1926,1926,Costello,Costello,Allison Beck,Allison,Derek Van Der Burgh,Derek Van Der Burgh,1
recr7okJrTWDibQUA,14906,1112,1112,Cavendish,Cavendish,Wilton J. Porter,Wilton,Wilton J. Porter,Wilton J. Porter,1
recr98HPDjgIiZDSE,14906,2023,2023,Joaquin Daloubet,Joaquin Daloubet,Cristobal Castro,Cristobal,Cristobal Castro,Cristobal Castro,1
recrI0ZFUd7suGMKJ,14906,2989,2989,Green Book,Green Book,,,,,1
recrMi1Uqm4je5bL2,14906,2301,2301,Karamba Hdh,Karamba Hdh,Aurora R. Rangel De Alba,Aurora R. Rangel De Alba,Aurora R. Rangel De Alba,Aurora R. Rangel De Alba,1
recrOYFqsYdfrWENu,14906,1078,1078,Cole Younger,Cole Younger,Laura Linback,Laura Linback,Troy Linback,Troy Linback,1
recrWqNtXGqR0SWHN,14906,2624,2624,Tavish,Tavish,Debra L. Ward,Debra L. Ward,Debra L. Ward,Debra L. Ward,1
recrakE8uCpPiKueL,14906,1736,1736,Garrincha Van De Kalevallei,Garrincha Van De Kalevallei,Maleah Lang Mcmahon,Maleah Lang Mcmahon,Marcus Gruenthal,Marcus Gruenthal,1
recrhTIGLAHgE4tE9,14906,2138,2138,Madhappy,Madhappy,Joan V. Ehrhart,Joan,Jane C. Ehrhart,Jane C. Ehrhart,1
recrjgn1n26XhdPsI,14906,3049,3049,Donna Lucardie Z,Donna Lucardie Z,Francesca Chiatti,Francesca Chiatti,Anna Christina Gansauer,Anna Christina Gansauer,1
recrrANhwcT5xhNy7,14906,2799,2799,Steely Dan,Steely Dan,Kendall Crowell,Kendall Crowell,Rob Billings,Rob Billings,1
recs0olEcPhG6L0j3,14906,2395,2395,Gigi Top 2,Gigi Top 2,Maja Mossberg,Maja Mossberg,Patrick R. Wilcher,Patrick R. Wilcher,1
recs0rRpUMYVPs1fd,14906,1995,1995,Camino Imperio Egípcio,Camino Imperio Egípcio,Ali Arbabi,Ali,Sharn L. Wordley,Sharn L. Wordley,1
recs4QUdI17DyVMJz,14906,3033,3033,Mr. Ed,Mr. Ed,Robert P. Stucky,Robert P. Stucky,Robert P. Stucky,Robert P. Stucky,1
recs8NjqDztH8N2ot,14906,1696,1696,Kinmar Candy Hero,Kinmar Candy Hero,Declan Egan,Declan,Declan Egan,Declan Egan,1
recsGLgZzmF73HcM5,14906,2081,2081,Rsk Quality Cruise,Rsk Quality Cruise,Khloe Kerins,Khloe,Darragh Kerins,Darragh Kerins,1
recsIjdKEsOQGFlUO,14906,2392,2392,Lady Glitter Sparkles,Lady Glitter Sparkles,Cassie Gil,Cassie Gil,Dana Ventrice,Dana Ventrice,1
recsKorlosWuL3nkw,14906,108,108,Chriszi,Chriszi,David Cameron,David,David Cameron,David Cameron,1
recsKx81yXefHm2mi,14906,1215,1215,Temptation V/H Haringvliet Z,Temptation V/H Haringvliet Z,Jodie Camberg,Jodie,Megan Wexler,Megan Wexler,1
recsPY5EGJuNn2oFw,14906,2523,2523,Lugano,Lugano,Liliana Nora Menesi,Liliana,August Torsilieri,August Torsilieri,1
recsYbyKto6qpy0S0,14906,1145,1145,Cecile S,Cecile S,Alicia Taylor,Alicia,Stephen Dicarlo,Stephen Dicarlo,1
recsgqRYcMam5zMYd,14906,2463,2463,Eq Scorpio,Eq Scorpio,Diego Farje,Diego,Sharn L. Wordley,Sharn L. Wordley,1
recskrY2ERXLInXy1,14906,1683,1683,Bakham Du Very Z,Bakham Du Very Z,Blythe Novick,Blythe Novick,Jessica Collins,Jessica Collins,1
recslqd83nSNdxImJ,14906,2133,2133,O'Malley Rfb,O'Malley Rfb,Addison Reed,Addison,Addison Reed,Addison Reed,1
recsn5lYwAOsYIFXs,14906,2951,2951,Elvis Blue Hallelujah,Elvis Blue Hallelujah,Peyton Villalona,Peyton Villalona,Brian Murphy,Brian Murphy,1
recsqOkaczV6jKDvC,14906,2952,2952,Glenara Chacco Dp,Glenara Chacco Dp,Brian Murphy,Brian,Brian Murphy,Brian Murphy,1
recsqsoE9SMDSF5JV,14906,1915,1915,Fbf Sundrop,Fbf Sundrop,Stacy A. Ryback,Stacy,Bryce P. Richardson,Bryce P. Richardson,1
recsuO9dXevR7qQ6h,14906,1831,1831,Umtiti Van De Barlebuis,Umtiti Van De Barlebuis,Lia Screnci,Lia,Lia Screnci,Lia Screnci,1
recsx8UsBHNLe7SDS,14906,1661,1661,Major,Major,Kyle Dewar,Kyle,Kyle Dewar,Kyle Dewar,1
rect1d7lN7ldDNNRM,14906,1188,1188,Spot On,Spot On,Allison Wise,Allison Wise,Stephanie Free,Stephanie Free,1
rect4ecy9WO592VH5,14906,2158,2158,Calibur W,Calibur W,H Dougl Schreiber,H,H Dougl Schreiber,H Dougl Schreiber,1
rect87snjPMcY7fbo,14906,1860,1860,Crusader,Crusader,Marcus Gruenthal,Marcus,Marcus Gruenthal,Marcus Gruenthal,1
rect9kuSGZd3zCfJT,14906,2953,2953,Ivanhoe,Ivanhoe,Elizabeth Schumann,Elizabeth,Brian Murphy,Brian Murphy,1
rectAgVU3we2blL9U,14906,2184,2184,Lonesome Dove,Lonesome Dove,Isabella Ruohomaki,Isabella Ruohomaki,Patrick R. Wilcher,Patrick R. Wilcher,1
rectB3iiD9s1xf55m,14906,111,111,Cascais Hc,Cascais Hc,Juan J. Bancalari,Juan,Juan M. Bolanos,Juan M. Bolanos,1
rectDB55uRU4HAI9U,14906,3096,3096,Caltitza,Caltitza,Francisco E. Toro,Francisco E. Toro,Carlos Aguirre,Carlos Aguirre,1
rectDIaOKW17DJty7,14906,1669,1669,Harmonie,Harmonie,Ana Cristina Rodriguez,Ana Cristina Rodriguez,Juan A. Rodriguez Silva,Juan A. Rodriguez Silva,1
rectFtbsLs4W8L2Ip,14906,2305,2305,Eye Of The Tiger,Eye Of The Tiger,Lillian Hardman,Lillian Hardman,Wendy J. Hechler,Wendy J. Hechler,1
rectPDx3d1SOQkKUB,14906,1454,1454,Mr Dw,Mr Dw,Lanie Nash,Lanie,Dawn Hersey,Dawn Hersey,1
rectiPuYi4cnJuWhY,14906,1975,1975,Carsten S,Carsten S,Jennifer Tate,Jennifer Tate,Jennifer Tate,Jennifer Tate,1
rectj1icJwe5T3DsL,14906,2993,2993,Delando De St Leger,Delando De St Leger,Dorothy Douglas,Dorothy,Jelmer Hoekstra,Jelmer Hoekstra,1
rectp3hEvedZE6M94,14906,1478,1478,Bp First Of Many,Bp First Of Many,Lesley Grant-Law,Lesley Grant-Law,Lesley Grant-Law,Lesley Grant-Law,1
rectwreYfKfGgUoW4,14906,1481,1481,Limerick,Limerick,Taylor Manning,Taylor,Taylor Manning,Taylor Manning,1
recu2ChEbYzzkg52e,14906,1982,1982,Herakles,Herakles,Izabella Mcnerney,Izabella,Izabella Mcnerney,Izabella Mcnerney,1
recuEGBoV7kKfnAh0,14906,2729,2729,Clearville,Clearville,Emily Kowit,Emily,Heather Froehlich Cortell,Heather Froehlich Cortell,1
recuNQ00z5v7WxF6j,14906,1724,1724,Billy Banbury,Billy Banbury,Alexa Riccio,Alexa Riccio,Stephanie Frey,Stephanie Frey,1
recuPBx5yKoynvNJL,14906,1337,1337,Double R Jacaranda,Double R Jacaranda,Carlota Goyeneche,Carlota Goyeneche,Juan M. Bolanos,Juan M. Bolanos,1
recuSzIZFy4vBG8jp,14906,1085,1085,Conthargos Gold,Conthargos Gold,Rebecca Conway,Rebecca,Conan Conway,Conan Conway,1
recuTXf9H0hZHoqdK,14906,2460,2460,Tenor Van't Klavertje Vier,Tenor Van't Klavertje Vier,Lola Applebaum,Lola Applebaum,Alan Korotkin,Alan Korotkin,1
recuXLShazq7IOZKb,14906,2126,2126,Momentum,Momentum,Zara Adnams,Zara Adnams,Scott Keach,Scott Keach,1
recugWgvDfNb66AlQ,14906,2080,2080,P-Capitola,P-Capitola,Sarah Kerins,Sarah,Darragh Kerins,Darragh Kerins,1
recuinxSmvH1u9KHl,14906,1564,1564,Mtm Silhouette,Mtm Silhouette,Bowers A. Cone,Bowers,Stephen Dicarlo,Stephen Dicarlo,1
recul7YU3h0jBRd89,14906,2634,2634,Mtm Nutmeg,Mtm Nutmeg,Rachel Zaluski,Rachel,Natalie Geller,Natalie Geller,1
recul9Pr69tRlOjOC,14906,2960,2960,Dracko Van Het Vinckenhof Z,Dracko Van Het Vinckenhof Z,Vicente Guillen,Vicente,Vicente Guillen,Vicente Guillen,1
recuoqJOcF2si7HDS,14906,2530,2530,Royce Van Den Henxbroek,Royce Van Den Henxbroek,,,,,1
recusGpYIKh04LH18,14906,2019,2019,Bss Prince Charming,Bss Prince Charming,Sophia Oosthuizen,Sophia Oosthuizen,Stefanie L. Collier,Stefanie L. Collier,1
recusM5NdBZFA8R4I,14906,2183,2183,Follow Me Home,Follow Me Home,Caitlin Maloney,Caitlin,Caitlin Maloney,Caitlin Maloney,1
recutOuRfDtmGYnr5,14906,2035,2035,Simply Bliss,Simply Bliss,Elizabeth C. de Golian,Elizabeth C. de Golian,Elizabeth C. de Golian,Elizabeth C. de Golian,1
recutvWECAJbYHvFO,14906,2937,2937,Follow Me,Follow Me,Marissa Creviston,Marissa,Marissa Creviston,Marissa Creviston,1
recuxxtlQ8FlkNjqC,14906,147,147,Effixe Du Melnire,Effixe Du Melnire,Juan E. Hidalgo,Juan,Juan E. Hidalgo,Juan E. Hidalgo,1
recv0B2iG4iBLz2LX,14906,3101,3101,Chanel,Chanel,Raquel V Toro,Raquel V Toro,Carlos Aguirre,Carlos Aguirre,1
recv79kftJHQbcGbx,14906,1465,1465,Norelien,Norelien,Maya Allhusen,Maya,Mario Garcia,Mario Garcia,1
recv8nlDjgvbvp6ZJ,14906,1496,1496,Somermist Secret Admirer,Somermist Secret Admirer,Katherine Addington,Katherine Addington,Bibby F. Hill,Bibby F. Hill,1
recv9pN07UPLwgUlv,14906,1272,1272,Mtm Anonymous Z,Mtm Anonymous Z,Aaron Vale,Aaron,Ben Taylor,Ben Taylor,1
recvGTmncdJsfGqa8,14906,1493,1493,Lyon,Lyon,Katherine Addington,Katherine,Bibby F. Hill,Bibby F. Hill,1
recvHB0yjIYO7QtDx,14906,2819,2819,Mattador,Mattador,,,,,1
recvHtEFJEg2EU4nO,14906,1111,1111,Mtm Apple,Mtm Apple,Tracy Fenney,Tracy Fenney,Michael J. Mccormick,Michael J. Mccormick,1
recvJUwvnGNi2qyFG,14906,153,153,Champion League,Champion League,Sharn L. Wordley,Sharn,Sharn L. Wordley,Sharn L. Wordley,1
recvKAArSusorh5to,14906,127,127,Artic Jt Z,Artic Jt Z,Captain Brian Cournane,Captain,Captain Brian Cournane,Captain Brian Cournane,1
recvMGPH0clJ6e919,14906,1074,1074,Caballa Ps,Caballa Ps,Hector Florentino,Hector,Benjamin J. Meredith,Benjamin J. Meredith,1
recvS4oaEuUxfdgB7,14906,2329,2329,Mtm Rico Suave,Mtm Rico Suave,Tracy Fenney,Tracy,Michael J. Mccormick,Michael J. Mccormick,1
recvUVUzrTnEs4ih3,14906,1199,1199,All Class,All Class,Samantha Delany,Samantha Delany,Kacey Conway,Kacey Conway,1
recvbelvX44Ma1YIP,14906,2003,2003,Ancelotti,Ancelotti,Ashley Romano,Ashley,Ashley Romano,Ashley Romano,1
recvjSnNyrwcGgAu8,14906,2611,2611,Tyamo,Tyamo,Peyton Krumin,Peyton Krumin,Jasmine Walsh,Jasmine Walsh,1
recvmrYoAgi0HWS1H,14906,1275,1275,Norton Vdl,Norton Vdl,Abby Grabowski,Abby,Ben Taylor,Ben Taylor,1
recvxTs1okJ0DWwtC,14906,1067,1067,Noah,Noah,Clara Vidal,Clara,Daniela Roy,Daniela Roy,1
recw15cQ3GOGZLo0a,14906,1749,1749,Coffee,Coffee,Kirsten L. Malacarne,Kirsten,George J. Bessette,George J. Bessette,1
recw6zyhFDji5ixp0,14906,2135,2135,Orisco,Orisco,Addison Reed,Addison,Addison Reed,Addison Reed,1
recwGcO2bv6w3EA36,14906,1598,1598,Sublime,Sublime,Sophie Smith,Sophie,Morgan Taylor,Morgan Taylor,1
recwIYoYdZrRyZqp1,14906,2362,2362,Constantin De Hus,Constantin De Hus,John Michael Durr,John,John Michael Durr,John Michael Durr,1
recwPvS0fTpPNe0CW,14906,2607,2607,Santino,Santino,Jasmine Walsh,Jasmine,Jasmine Walsh,Jasmine Walsh,1
recwYhzRtCDiI5xSW,14906,1770,1770,Dsh Gran Torino,Dsh Gran Torino,Leslie Law,Leslie Law,Lesley Grant-Law,Lesley Grant-Law,1
recwcHiK4uHqobZog,14906,1976,1976,Debonair,Debonair,Jennifer Tate,Jennifer,Jennifer Tate,Jennifer Tate,1
recwnjKuBVkFxw7GV,14906,1039,1039,King Z,King,Tanner Korotkin,Tanner,Alan Korotkin,CWF,1
recwtt6JgdgBaJB4b,14906,1485,1485,Roncevert,Roncevert,Lanie Nash,Lanie,Dawn Hersey,Dawn Hersey,1
recx5V5UYxIPodNVd,14906,2366,2366,Kandoo Pj,Kandoo Pj,Jake Evans,Jake Evans,Jake Evans,Jake Evans,1
recxF9q0GD48Trd4e,14906,2502,2502,Fernhill Kudos,Fernhill Kudos,Grace Lyons,Grace Lyons,Alan Korotkin,Alan Korotkin,1
recxKkGj8JrPQSHJA,14906,1282,1282,Quesera K Van’t Kattenheye,Quesera K Van’t Kattenheye,Chloe Peterson,Chloe Peterson,Erica Robson,Erica Robson,1
recxQELeISHzsdFNx,14906,140,140,Dorchester,Dorchester,Nora Nauss,Nora,Andrew C. Welles,Andrew C. Welles,1
recxTJKdQIV5W4Pm1,14906,2390,2390,Poptart,Poptart,Lainey Posa,Lainey,Alan Korotkin,CWF,1
recxVD0nzlj8GuBu7,14906,2185,2185,Inka Malpic,Inka Malpic,Rebecca Conway,Rebecca,Conan Conway,Conan Conway,1
recxdKZ1k90OnH1tC,14906,2957,2957,Oo Seven De L’equipe,Oo Seven De L’equipe,Kirk Webby,Kirk Webby,Kirk Webby,Kirk Webby,1
recxf2hJeyR0Pod4b,14906,1273,1273,Mucksmaeuschenstill,Mucksmaeuschenstill,Aaron Vale,Aaron,Ben Taylor,Ben Taylor,1
recxhhLw5OQ6dQ3im,14906,2871,2871,Rakona Z,Rakona Z,Ashlee Bond,Ashlee Bond,Ashlee Bond,Ashlee Bond,1
recxiI7bR50kOkLz2,14906,120,120,Charly Brown 353,Charly Brown 353,Maya Denis,Maya,Megan Wexler,Megan Wexler,1
recxloaG3vDKK6KgS,14906,1836,1836,Cento Forever,Cento Forever,Rebecca Warth,Rebecca Warth,Rebecca Warth,Rebecca Warth,1
recxqkpsWuxGHmTs3,14906,1489,1489,Crown Ridge Footloose,Crown Ridge Footloose,Bay Hammer,Bay Hammer,Bibby F. Hill,Bibby F. Hill,1
recxrdRq2KHam1QlL,14906,1966,1966,Carli De Sabette,Carli De Sabette,Vannakay Hurnevich,Vannakay,Kim E. Burnette,Kim E. Burnette,1
recxvbzrlM93EUJOx,14906,2389,2389,Fanfan Boy,Fan,Tanner Korotkin,Tanner,Alan Korotkin,CWF,1
recxycCAxrV17fAzz,14906,1562,1562,Raja J,Raja J,Morgan Cusick,Morgan Cusick,Derek Van Der Burgh,Derek Van Der Burgh,1
recyGmCLlAYOqFFts,14906,20,20,DRAG BREAK,DRAG BREAK,DRAG BREAK,DRAG BREAK,No Trainer,No Trainer,1
recyIn6WNt6HlgIDB,14906,2144,2144,U Amon Z,U Amon Z,Paul O'Shea,Paul,Carson L. Ruff,Carson L. Ruff,1
recyPlATW6FbyWfpY,14906,1257,1257,Avalanche,Avalanche,Mallory Vale,Mallory,Ben Taylor,Ben Taylor,1
recyQRsugfqFd7Hlq,14906,1104,1104,Hallmark Hpf,Hallmark Hpf,Hector Florentino,Hector,Benjamin J. Meredith,Benjamin J. Meredith,1
recyad0MnsQ6b0jC7,14906,1182,1182,Lupina Colada,Lupina Colada,Wilton J. Porter,Wilton,Wilton J. Porter,Wilton J. Porter,1
recygGog8FLxrMnVH,14906,2181,2181,Chaning Tatum,Chaning Tatum,Robert Mendoza,Robert,Samantha Mccleerey,Samantha Mccleerey,1
recyh6ROTkkw13BrX,14906,2025,2025,Piazza Di Siena,Piazza Di Siena,Lia Screnci,Lia Screnci,Lia Screnci,Lia Screnci,1
recykDsuwpWbA5U1N,14906,1825,1825,Cor La Loi Mdm Z,Cor La Loi Mdm Z,Adrianna Schneider,Adrianna Schneider,Lia Screnci,Lia Screnci,1
recysJxjwgm0Tj0rd,14906,2792,2792,Helia Des Bergeries,Helia Des Bergeries,Camille Maynard,Camille,Matt Martin,Matt Martin,1
recyvOQBUftNZ9zAB,14906,2635,2635,Tugano Van Klapscheut,Tugano Van Klapscheut,Addison Reed,Addison,Raishun Burch,Raishun Burch,1
recz3QUJ7HdroTZPU,14906,1844,1844,Ice Breaker,Ice Breaker,,,,,1
recz8Od4fzbW65MXo,14906,1505,1505,Unbreakable Z,Unbreakable Z,Gabriela Juron,Gabriela Juron,Morgan Taylor,Morgan Taylor,1
reczI8T7J4s9G4bdJ,14906,1913,1913,Boleybawn Rolo,Boleybawn Rolo,Bryce P. Richardson,Bryce,Bryce P. Richardson,Bryce P. Richardson,1
reczNMRYgWOH2Hl6m,14906,2701,2701,Bull Run’s Luminous,Bull Run’s Luminous,Hayley G. Waters Wear,Hayley G. Waters Wear,Dana G. Waters,Dana G. Waters,1
reczOTwv7DErytw0W,14906,2605,2605,Lumiere,Lumiere,Emery Kobel,Emery Kobel,Jasmine Walsh,Jasmine Walsh,1
reczUfsjadnxdNGOl,14906,2568,2568,Nasia’s Girl Keros,Nasia’s Girl Keros,Hanna R. Egan,Hanna,Hanna R. Egan,Hanna R. Egan,1
reczYObixJZURLE5N,14906,1348,1348,First Lady Van De Kranenburg,First Lady Van De Kranenburg,Felicia Rodgers,Felicia Rodgers,Derek Reed,Derek Reed,1
reczYd1rBRl9hCVoM,14906,1962,1962,Isla De Coco,Isla De Coco,Anne W. Eldridge,Anne,Lauren E. Hough,Lauren E. Hough,1
reczbo9B52MjihV7r,14906,138,138,Cardozo 4,Cardozo,Tanner Korotkin,Tanner,Alan Korotkin,CWF,1
reczdDwH5997TPKaH,14906,2161,2161,Astronaut H Z,Astronaut H Z,Teresa Pompay,Teresa,Josh Dolan,Josh Dolan,1
recze8WNaAqnZyEhM,14906,3050,3050,Czechmate,Czechmate,Brooke Eddy,Brooke Eddy,Brooke Eddy,Brooke Eddy,1
reczeoSZhFHkwI91y,14906,1224,1224,Lord Cornet,Lord Cornet,Megan Wexler,Megan,Megan Wexler,Megan Wexler,1
reczhMBQy68g02ImT,14906,2036,2036,Diablue Sh Z,Diablue Sh Z,Jared P. Petersen,Jared,Jared P. Petersen,Jared P. Petersen,1
reczk6eyb3XMCx2VX,14906,2124,2124,Spy,Spy,Paul O'Shea,Paul,Davide Troncanetti,Davide Troncanetti,1
reczlljtaMXYqXbdn,14906,149,149,Quicksilver C,Quicksilver C,Luis Sabino Goncalves,Luis,Luis Sabino Goncalves,Luis Sabino Goncalves,1
reczpLVAZwd889uGM,14906,2351,2351,Otto Pilot,Otto Pilot,Jeannie M. Savegnago,Jeannie,Lauren Schweppe,Lauren Schweppe,1
reczr9z58mEkBGGdP,14906,2707,2707,Voila Bbf,Voila Bbf,Hayley G. Waters Wear,Hayley,Dana G. Waters,Dana G. Waters,1
reczrRTCTrN3thDKn,14906,1253,1253,I'M Du Vinia,I'M Du Vinia,Lizabeth Perez-Pascual,Lizabeth Perez-Pascual,Lizabeth Perez-Pascual,Lizabeth Perez-Pascual,1
reczrS7UlzABS7lXq,14906,2616,2616,Copabella Voltage,Copabella Voltage,Georgia Bouzaid,Georgia Bouzaid,David Cameron,David Cameron,1
reczsqCOVjh23cwUk,14906,3030,3030,Missy Vd Vosberg,Missy Vd Vosberg,Stacey L. Reser,Stacey,Stacey L. Reser,Stacey L. Reser,1
reczwdDElfctF7Vz4,14906,1005,1005,Heroine De Kerglenn,Heroine De Kerglenn,Rita de Goes,Rita de Goes,Juan Benítez,Juan Benítez,1
