record_id,show_no,horse,horse_display,barn_name,tag,active
rec00Fj6xlDAaiNAv,14907,Luke Skywalker,Luke Skywalker,,,1
rec011rtgc0xUyXAW,14907,Ira De Span,Ira De Span,,,1
rec0409bsqwqOEXaa,14907,Coby Z,Coby Z,,,1
rec052H732WaitG1a,14907,IB MERCEDES,Ben,Ben,,1
rec05nOvYeZKRmjJD,14907,Lugano,Lugano,,,1
rec0AjlSw7pupQDJX,14907,Benjamin,Benjamin,,,1
rec0C9LNIc1wwIMtL,14907,Cento Forever,Cento Forever,,,1
rec0Dv2QtwVbgQqkt,14907,Cavendish,Cavendish,,,1
rec0EAvO8EiKZz9wz,14907,Worth The Wait,Worth The Wait,,,1
rec0FivSfh6MsyTIM,14907,Satis Van Het Moeshof,Satis Van Het Moeshof,,,1
rec0H5iFT348zvgKI,14907,Bz Cancara,Bz Cancara,,,1
rec0ITU8wH9wPEfS6,14907,Hendrick Des Forets,Hendrick Des Forets,,,1
rec0K4kCMgbTICRTE,14907,Comme II Reality,Comme II Reality,,,1
rec0ViGBFOoUgCE9l,14907,Belle,Belle,,,1
rec0Vy0UNO4QDX5U0,14907,My Weekend Is Booked,My Weekend Is Booked,,,1
rec0ccuSsFq6Hqk01,14907,Sublime,Sublime,,,1
rec0dAC4VPaTnKi1s,14907,Naturel De Walput,Naturel De Walput,,,1
rec0eYyxy9JljHkqO,14907,Orange Blossom Na,Orange Blossom Na,,,1
rec0hrpr20STHePIT,14907,Lincom's Close Up,Lincom's Close Up,,,1
rec0nPoh2WUGFBey4,14907,Jericho,Jericho,,,1
rec0q9AnNY7TdrcJG,14907,Top Shelf,Top Shelf,,,1
rec0sJ3zC0hY0vDtR,14907,Phoenix Air,Phoenix Air,,,1
rec0sYu20wnigw9yf,14907,Rsk Quality Cruise,Rsk Quality Cruise,,,1
rec0vbmbIKozfec9I,14907,Talk About Me,Talk About Me,,,1
rec0wH9QT0spAYWK9,14907,Katja,Katja,,,1
rec1EOByWSknpJYZS,14907,Mtm Drop The Mic,Mtm Drop The Mic,,,1
rec1JTZesicDxGF08,14907,Hurricane,Hurricane,Hurricane,,1
rec1K5Td6S3yixkno,14907,FORTE,Macho,Macho,,1
rec1L7nHKepoFIwZq,14907,Eliott Dz,Eliott Dz,,,1
rec1LOPTSEvOn9Czl,14907,Spot On,Spot On,,,1
rec1SE5SwPnnar75T,14907,Indigo,Indigo,,,1
rec1UtZnhAqb0uQVk,14907,44 North,44 North,,,1
rec1WNWyNkZHM2djN,14907,Effixe Du Melnire,Effixe Du Melnire,,,1
rec1WwYM8k4xOd9j3,14907,Nevada Vdl,Nevada Vdl,,,1
rec1hASjfzRNVLHW4,14907,Quala Vd Rollebeek,Quala Vd Rollebeek,,,1
rec1ihQOtFr55EjAR,14907,Kanai,Kanai,,,1
rec1kBWgR4afctQ7V,14907,Tutti Fruitti Van De Fruitkorf,Tutti Fruitti Van De Fruitkorf,,,1
rec1kg2ewJ39SdIXP,14907,Cornet Special,Cornet Special,,,1
rec1pG6CeNFMn9AyW,14907,Coupis,Coupis,,,1
rec1rNUMvytBtklqW,14907,Calderon T,Calderon T,,,1
rec1sxECv59okPl0g,14907,Face The Stars,Face The Stars,,,1
rec27B4lL3oVLYvYG,14907,Nasia's Girl Keros,Nasia's Girl Keros,,,1
rec296Z87LJfU8jDD,14907,RANGE ROVER,Ranger,Ranger,,1
rec2EdRNcRBa1bzua,14907,King William,King William,,,1
rec2G9YifGvN4YYhL,14907,Contigo Z,Contigo Z,,,1
rec2JkZ4Yg119HiD5,14907,Carsten S,Carsten S,,,1
rec2Kztr2b9bCKZWx,14907,Jajadiva,Jajadiva,,,1
rec2LDi1Up6xCZpSR,14907,Icarus,Icarus,,,1
rec2NxJKUDKEnYhiR,14907,Carlos He'las,Carlos He'las,,,1
rec2PN6nQX4fRE88a,14907,COCO,COCO,,,1
rec2RoE1G77AFQsDv,14907,Wingardium Leviosa KS,Wingardium Leviosa KS,,,1
rec2Rw1goWbDfGT2R,14907,Irish Coffee Vhl,Coffee,Coffee,,1
rec2WJAkQ2lK9xu1t,14907,Ibalia,Ibalia,,,1
rec2gtsrG7rYcCOdd,14907,Tolu,Tolu,,,1
rec2nDWjaoATDkEcy,14907,Elle Woods,Elle Woods,,,1
rec2p6xS8sgo9c9mo,14907,Quizmaster,Quizmaster,,,1
rec2rQQ0oGkiRYFHt,14907,Lavei,Lavei,,,1
rec2tqfAlAdTX4g55,14907,Hakatann De Lojou,Hakatann De Lojou,,,1
rec2uRDPVBpIkoO5a,14907,Diabolo De La Roque,Diabolo De La Roque,,,1
rec2vOhNZaYaDdTNa,14907,Carlos He’las,Carlos He’las,,,1
rec2x3QeQSxKezjPQ,14907,Delando De St Leger,Delando De St Leger,,,1
rec302NoK3OfRFOSR,14907,Royce Van Den Henxbroek,Royce Van Den Henxbroek,,,1
rec32RCk5pszC9arn,14907,Cole Younger,Cole Younger,,,1
rec33uWBGSFqTtTPp,14907,Bp Exchange,Bp Exchange,,,1
rec36fnCoJGCHEJNd,14907,CHOCO DU REVERDY,Choco,Choco,,1
rec3IpfVmw7aDlk3r,14907,Accelerator,Accelerator,,,1
rec3JKGcTNmBm8f3y,14907,Brin D'or De Haute Melen Z,Brin D'or De Haute Melen Z,,,1
rec3MWCiCIZo2sLcW,14907,Sandenal,Snoop,Snoop,,1
rec3bFZb1G5EJqSoY,14907,Waterloo Rose,Waterloo Rose,,,1
rec3bI2YMOnhZQEQb,14907,Kalahari Na,Kalahari Na,,,1
rec3fBjNTw6F2vmRA,14907,Grandia,Grandia,,,1
rec3ff1KdVWsMGbFm,14907,Costacalvo,Costacalvo,,,1
rec3gVJGUApRE1G3u,14907,U Amon Z,U Amon Z,,,1
rec3gZ9Ff1QTqGXvi,14907,Luminosity Class,Elliot,Elliot,,1
rec3hjxkKORztNcvG,14907,Don Cor Z,Don Cor Z,,,1
rec3i8qHdse1cFJON,14907,Lady Bombastic 3,Lady Bombastic 3,,,1
rec3jIZ1ZztAMABaX,14907,Elwen M' Aurea,Elwen M' Aurea,,,1
rec3lPXo3qPlqr6jF,14907,O'Quality Z,O'Quality Z,,,1
rec3nHv51hRLMYzq9,14907,Casa Quo Vadis,Casa Quo Vadis,,,1
rec3tOlCzuqzu8xpK,14907,Spice Of Life,Spice Of Life,,,1
rec3ymJHjbSypFThl,14907,Isadora S,Isadora S,,,1
rec40MfXy8dtCqIYP,14907,Quiet Storm,Quiet Storm,,,1
rec4C5up6MnR29EiK,14907,Penelope De La Fresnière,Penelope De La Fresnière,,,1
rec4D5KaOr9DvzH4M,14907,Valentine Car,Valentine Car,,,1
rec4NB0C9itFKn8SC,14907,Sf Old Fashioned,Sf Old Fashioned,,,1
rec4QqdclnrUCVdiD,14907,Quesera K Van’t Kattenheye,Quesera K Van’t Kattenheye,,,1
rec4VDspCpJERBJl8,14907,Granslam De Lezellec,Granslam De Lezellec,,,1
rec4YooWMtcVpmXQF,14907,Nadia I,Nadia I,,,1
rec4nUa5OPixUm7uS,14907,Milas D,Milas D,,,1
rec4o1gsPCeD8j1G5,14907,Charme Z,Charme Z,,,1
rec4pW9bO9QBqQEPq,14907,Spectacular Jedi,Spectacular Jedi,,,1
rec4s0Mzjefu6r5cl,14907,Red Admiral,Red Admiral,,,1
rec4t0FzVih0kCmed,14907,Luttoria,Luttoria,,,1
rec4vpSFQURa0PYoY,14907,Pedro Molino,Pedro Molino,,,1
rec53tkcNQCCfVzWy,14907,Kunigunde,Kunigunde,,,1
rec55vpC4sa96DMLZ,14907,Dsh Gran Torino,Dsh Gran Torino,,,1
rec584hR7QhYVM0Dy,14907,Tobias Van Kreyel Mc,Tobias Van Kreyel Mc,,,1
rec5IMARVeIPrAwrw,14907,Luau,Luau,,,1
rec5O8osBWqMAVFnF,14907,Chagrandino Ps,Chagrandino Ps,,,1
rec5RwIwtZ73MZZg4,14907,Casa Delle Farfalle,Casa Delle Farfalle,,,1
rec5XIxuphy7e2gHq,14907,Cypress,Cypress,,,1
rec5dxymjnNRDuYyU,14907,Fe Crack The Code,Fe Crack The Code,,,1
rec5iXZPcQzVZs9JC,14907,Miracle Van De Beiaard Z,Miracle Van De Beiaard Z,,,1
rec5ilpr2s7Hlj44B,14907,Royal Mark,Royal Mark,,,1
rec5oHRuo9LmxwmDS,14907,Thunder Shark,Thunder Shark,,,1
rec5ttdBVYcgXCjy7,14907,Jumper,Jumper,,,1
rec5ylEAIYsVImCwb,14907,Nasia’s Girl Keros,Nasia’s Girl Keros,,,1
rec66pBaptxrt8yyo,14907,Maui,Maui,,,1
rec68Y4BHkJgauJol,14907,Dakota Z,Dakota Z,,,1
rec6GsY9Mh96KvSEN,14907,SUGARBROOK BURNSIDE,SUGARBROOK BURNSIDE,,,1
rec6IEDCH2CEsI0mA,14907,Untitled,Untitled,,,1
rec6JB2dXpm5ALnlU,14907,Costello,Costello,,,1
rec6MB2ywdYKcfb0T,14907,A Golden Girl Sh Z,A Golden Girl Sh Z,,,1
rec6NgqkkCNTmrbDA,14907,Only Always,Only Always,,,1
rec6OXORzccdhll6P,14907,Choco Du Reverdy,Choco,Choco,,1
rec6PWBeeW8h4Exaz,14907,Maleficent Ht,Maleficent Ht,,,1
rec6Q6gd7UJzFnRV9,14907,Ck’s Superman,Ck’s Superman,,,1
rec6WumYeeHe2GHQM,14907,Crown,Crown,,,1
rec6X8TFkV3MzY8Lj,14907,St. Nick,St. Nick,,,1
rec6XtWBD3dPrI9xc,14907,Casillo Hp 2,Casillo Hp 2,,,1
rec6hlLugT5cf84pr,14907,Official First Hj Z,Official First Hj Z,,,1
rec6i0GjQGwBoQN2q,14907,Dorchester,Dorchester,,,1
rec6m1HEVlUs9g5DV,14907,Herakles,Herakles,,,1
rec6qDvTz921w3o0j,14907,Grand Colbert Rtg,Grand Colbert Rtg,,,1
rec6qkStn8vxhfz5c,14907,Poptart,Poptart,Poptart,,1
rec6sdc0Zpp1zj6Gy,14907,Modena Lc,Modena Lc,,,1
rec6t3JY3PYLXefAE,14907,Play Maker,Play Maker,,,1
rec6u2I3D3MMwwvpg,14907,Fraxinus Des Coeuries,Fraxinus Des Coeuries,,,1
rec6ysiq6YPYZB8xn,14907,Il Vole Du Park,Il Vole Du Park,,,1
rec70VEuoqNs0m1Cp,14907,Carmenzita,Carmenzita,,,1
rec71PSXk9xhzorfN,14907,Fpf First Edition,Fpf First Edition,,,1
rec740v4uyei3qRrI,14907,Friloux Des Champs,Friloux Des Champs,,,1
rec75sEswzXRhWCry,14907,Apollo,Apollo,,,1
rec75vZjBWwbTd4Gl,14907,Gucci,Gucci,,,1
rec78HboS0nekBGJk,14907,Categorico Ec Z,Categorico Ec Z,,,1
rec7OtpMftJvmaGkF,14907,Kleopatra Hero Z,Kleopatra Hero Z,,,1
rec7U6MZ2RuK9M4Ni,14907,Lance Van't Roosakker,Lance Van't Roosakker,,,1
rec7c9RGVvgUKcK1S,14907,Only Love B,Only Love B,,,1
rec7d5cNC1VojG6xW,14907,Chacco Bumpy,Chacco Bumpy,,,1
rec7j8GzTIZj2s6FW,14907,Lowie Van De Opstal,Lowie Van De Opstal,,,1
rec7l7jPPOA9Tcft0,14907,Ancelotti,Ancelotti,,,1
rec7wlOHrfCBS7FPW,14907,Perry Girl,Perry Girl,,,1
rec7xAGggwkuB2iuH,14907,Cobalto,Cobalto,,,1
rec81fkbetDGZMtjx,14907,Pursuit Of Honor,Pursuit Of Honor,,,1
rec81uY66ycE88wYH,14907,Caligua,Caligua,,,1
rec82ZXx3k3BZs95n,14907,Iron Maiden,Iron Maiden,,,1
rec82e2dr4ecqWST8,14907,Wordsmith,Wordsmith,,,1
rec84BFw2lO0RAtgl,14907,Liverpool 56,Liverpool 56,,,1
rec89MeFFkOvodxoK,14907,Lucky Lakota,Lucky Lakota,,,1
rec89xy1xTBKI5qS0,14907,Geisha D’agenais,Geisha D’agenais,,,1
rec8A2lbxQcozlnDf,14907,Riverstown Flamenco Cruise,Riverstown Flamenco Cruise,,,1
rec8CE9tachZAQASt,14907,Nightfall,Nightfall,,,1
rec8FJLMG4nFMBNat,14907,Onetta Vd Fruitkorf Z,Onetta Vd Fruitkorf Z,,,1
rec8Goer4IVkOC4h7,14907,Dunkin Donuts,Dunkin Donuts,,,1
rec8MV3OeY9y3RdK0,14907,Faveur De Piquet,Faveur De Piquet,,,1
rec8NOjTkFoEPrO0Z,14907,Casamigos,Casamigos,,,1
rec8O71Kdp1X8FGdo,14907,Gucci Musterd,Gucci Musterd,,,1
rec8OWj74wrBROtRy,14907,Sternmarke 3,Sternmarke 3,,,1
rec8PeVMdZkMCMLS5,14907,Balou Blue Z,Balou Blue Z,,,1
rec8Vvmrl3eS033yb,14907,Ilusionist II,Ilusionist II,,,1
rec8WP23Cu2mqFUBh,14907,Norelien,Norelien,,,1
rec8WmfMN2mlzEC3P,14907,Kilenka Gl,Kilenka Gl,,,1
rec8YINI8jJV8z09Q,14907,Maminka,Maminka,,,1
rec8d4baTtu7H8kBN,14907,Quido,Quido,,,1
rec8gyq6rP2NUKN64,14907,Kashmir,Kashmir,,,1
rec8mqMezByvEOtKc,14907,ETONEMOI DEL CABALERO,Toni,Toni,,1
rec8q7MNwQWvp6Ojs,14907,Diamant,Diamant,,,1
rec8tPpuefo69dXlO,14907,Dominic Toretto,Dominic Toretto,,,1
rec8wn8t29fBjKEVL,14907,United's Choice,United's Choice,,,1
rec8yCaafwHR1yQyp,14907,On The Clock,On The Clock,,,1
rec911JSQBdvmEcZU,14907,Neisha,Neisha,,,1
rec9AP3HlVMforLnk,14907,Paulownia,Paulownia,,,1
rec9Cq92rysrUPw7F,14907,Sunkist,Sunkist,,,1
rec9JED7qNw5K1k1x,14907,Bye Chance,Bye Chance,,,1
rec9JObwdwV4vJzDp,14907,Newberry Balia Nl,Newberry Balia Nl,,,1
rec9QVvKA6ZzXPqKg,14907,Flylow,Flylow,,,1
rec9UjGawtgR3NdhA,14907,KINMAR QUALITY HERO,Kinmar,Kinmar,,1
rec9hBrpaI6DR0pVH,14907,Carlina,Carlina,,,1
rec9mkyDT8SCK4pXM,14907,Okidoki Van De Renthoeve,Okidoki Van De Renthoeve,,,1
rec9xWBf0WO0Y8iw0,14907,Ustina,Ustina,,,1
recA1M889R2eXkTtW,14907,Tavish,Tavish,,,1
recA2tEY30b7N3UP1,14907,Ideal,Doug,Doug,,1
recA5qCmRLMk98Xr4,14907,En Vogue,En Vogue,,,1
recACZTBR1kkOmdvv,14907,Novio,Novio,,,1
recAT3lIYgGZIMQVx,14907,Lord Cageman,Lord Cageman,,,1
recAWz5tOQQ2B2IlN,14907,Dame Bruchetta Z,Dame Bruchetta Z,,,1
recAalHFW2uRbLEYb,14907,Bull Run’s Luminous,Bull Run’s Luminous,,,1
recAcezq3hDqF2BUf,14907,Frosty Hd,Frosty Hd,,,1
recAhS04AxFaq6eTd,14907,Cleveland 42,Cleveland 42,,,1
recAkwy9NCpBgDMK8,14907,Cobalou 3,Cobalou 3,,,1
recAlAuF50JlUkb8B,14907,Dicaprio,Dicaprio,,,1
recAotPYSEsSn12HE,14907,Lyon,Lyon,,,1
recApU9lrIEBS8F9M,14907,Maeberry,Maeberry,,,1
recApexUFy6SutJMS,14907,Hfo Balou D’amour,Hfo Balou D’amour,,,1
recB0LPWzuHFktnZa,14907,Dropshot Z,Dropshot Z,,,1
recB7ZuvjdCfzUk9x,14907,Unstoppable,Unstoppable,,,1
recB982E0TELXjaLf,14907,Cognac Vh Gebergte Z,Cognac Vh Gebergte Z,,,1
recBAKR7ORMahR0y8,14907,Titan,Titan,,,1
recBAfxAXTEQ2vfZ2,14907,Curacao D'elsendam Z,Curacao D'elsendam Z,,,1
recBAxAXHSLDqprSX,14907,Dexter,Dexter,,,1
recBEKQFHtHWNpX0V,14907,Rozsa,Rozsa,,,1
recBGR9exROYploMW,14907,Cor La Loi Mdm Z,Cor La Loi Mdm Z,,,1
recBIM9PfT6bsg41D,14907,Stapleton Asha,Stapleton Asha,,,1
recBOgKghLw1CwsWm,14907,Vdl Friedakilly R Z,Vdl Friedakilly R Z,,,1
recBR3esuqrcgEdbZ,14907,Lucas 274,Lucas 274,,,1
recBSllePMOSowevO,14907,Cattrepel,Cattrepel,,,1
recBU3FB99fptTovp,14907,Cajou Mm,Cajou Mm,,,1
recBVMDEeKtclY2YM,14907,Yalambis Ikon,Yalambis Ikon,,,1
recBaYvEEaZilflVe,14907,Col De Knolton,Col De Knolton,,,1
recBbNqLfR6bedO4Y,14907,Conthinder,Conthinder,,,1
recBeIt2QJKxKBR0i,14907,Coffee,Coffee,,,1
recBezwCTbGePCZMo,14907,Garrincha Van De Kalevallei,Garrincha Van De Kalevallei,,,1
recBjz5bfMTj6Kszj,14907,The Flying Dutchman,The Flying Dutchman,,,1
recBmucJMwyYrJR8x,14907,HERMES D'ARMANVILLE,Hermes,Hermes,,1
recBmww7UNikgcKTQ,14907,Naton Wi Ro Z,Naton Wi Ro Z,,,1
recBpibv9YAh7V1Z2,14907,Facundo De La Nutria,Facundo De La Nutria,,,1
recBpwtdQHxh4VA9A,14907,Hopeful Z,Hopeful Z,,,1
recBqHQ7LvA6qZXba,14907,Crossover 4,Crossover 4,,,1
recBwBJO5n5suc2QO,14907,Jason Brown,Jason Brown,,,1
recBy0OrpOauCr6Pz,14907,Istina Van De Kapel,Istina Van De Kapel,,,1
recC1LlZr1GscmlPI,14907,Noucka Ut Frankryk,Noucka Ut Frankryk,,,1
recC3oy4u30kAUXpX,14907,Dracko Van Het Vinckenhof Z,Dracko Van Het Vinckenhof Z,,,1
recC8R2n0Nt7vCCZX,14907,Mattador,Mattador,,,1
recCCyLwjd5I1kA86,14907,Balou's Paul Ps,Balou's Paul Ps,,,1
recCFoetVK6igjp1t,14907,Dorien,Dorien,,,1
recCHvAtwqC6cxM2n,14907,Ib Mercedes,Ib Mercedes,,,1
recCJZ2qtB13pnoHM,14907,FERNHILL KUDOS,Kudos,Kudos,,1
recCL5jGRxCgxSTxZ,14907,Noran,Noran,,,1
recCO6qdAsYAySo1B,14907,Lisdeen Lady Kvj,Lisdeen Lady Kvj,,,1
recCblCmvEDw4fjhb,14907,Voila Bbf,Voila Bbf,,,1
recCiAVbHldxvRM4N,14907,Top Secret Hk,Top Secret Hk,,,1
recCjY7URLFiJYB7z,14907,Cylano,Cylano,,,1
recCmoVpLN0IM1Tfx,14907,Ici,Ici,,,1
recCpjFhbOsTOGJUB,14907,Gelano,Gelano,,,1
recCxBXhiqmeolR7k,14907,Roncevert,Roncevert,,,1
recD3ADwwji0FNRtM,14907,Calypso,Calypso,Calypso,,1
recD8jCi0q5mMW8MU,14907,North Shore Hal,North Shore Hal,,,1
recD9SB1PECGSj1Yb,14907,Temptation V/H Haringvliet Z,Temptation V/H Haringvliet Z,,,1
recD9b3EPozRngyHO,14907,Kinmar Candy Hero,Kinmar Candy Hero,,,1
recD9gwIjpzrVvDIe,14907,Central Park,Central Park,,,1
recDFUDVH3lI7ARxv,14907,Kannador,Kannador,,,1
recDJymEDEhi1CpfZ,14907,Hopefull Menjoulet,Hopefull Menjoulet,,,1
recDOtGY0befnMTnN,14907,Annandale Sherlock,Annandale Sherlock,,,1
recDQEfPh2h3Q33rW,14907,Diablo,Diablo,,,1
recDToNbMNma9p8mG,14907,Boleybawn Rolo,Boleybawn Rolo,,,1
recDVF7uAGskLIIS1,14907,Markanto A,Mark,Mark,,1
recDXmtE1EtbKe5Z0,14907,Conthalando Ps,Conthalando Ps,,,1
recDaX9AIGXi2opkI,14907,Striking Elsa,Striking Elsa,,,1
recDd5py01cZ4e59W,14907,Cecilija,Cecilija,,,1
recDiDE2MtLKKf0P3,14907,Once Upon A Time,Once Upon A Time,,,1
recDpMqmThlCwQMi7,14907,Salute To You,Salute To You,,,1
recDqLWLTELHxRM9X,14907,Valdes,Valdes,,,1
recDtVYDKNlqH6xXc,14907,Castell 21,Castell 21,,,1
recDz4Szz11aFohBg,14907,Smilla's Sense Of Snow,Smilla's Sense Of Snow,,,1
recDzjWHwc9TGbMJL,14907,Marylee Z,Marylee Z,,,1
recE26EQIjm375tmu,14907,Captain Morgan,Captain Morgan,,,1
recE2bq8oN5PjNRxW,14907,Conchita Blue Ps,Conchita Blue Ps,,,1
recE2dKhZzmBJ8r09,14907,Fernhill Kudos,Fernhill Kudos,,,1
recEA81YHES7j8aEP,14907,Koblenz,Koblenz,,,1
recEAtZEa8uNj2U9E,14907,Lindy Hop,Lindy Hop,,,1
recECNgADOjF7MXOO,14907,Riskana Ls La Silla,Riskana Ls La Silla,,,1
recEGszJmOp7bz0OB,14907,Czechmate,Czechmate,,,1
recEKjMLxbot8wxp8,14907,Conlugo Ps,Conlugo Ps,,,1
recEKwpfkg93Z4H5R,14907,Tarantino De Rie,Tarantino De Rie,,,1
recEMsh99Wax4krPL,14907,Psu Krymsun Blue Sky,Psu Krymsun Blue Sky,,,1
recEPT41M7QgVeNUp,14907,Itos S,Itos S,,,1
recER7eS5z5aEPFDL,14907,Kalibra S,Kalibra S,,,1
recERIl5sMgyTd53w,14907,Captain Marvel CF,Captain Marvel CF,,,1
recESRryqm3rYzNmy,14907,Vincent Van Gough,Vincent Van Gough,,,1
recEWH4u9If0ikM53,14907,Inlaws Manolo,Inlaws Manolo,,,1
recEb1fI9vpKW8r0V,14907,Berlisto,Berlisto,,,1
recEca3dY4K2WdByh,14907,Howie Do It,Howie Do It,,,1
recEjGyhVLj8KVVn1,14907,Starridor,Starridor,,,1
recEqrLojB1nQq8yc,14907,Cruise Mor,Cruise Mor,,,1
recErv7pTR8z8H9yo,14907,Corzico Melloni Z,Corzico Melloni Z,,,1
recF0Qj3XRYqabiuO,14907,Streya,Streya,,,1
recF6Guy7FFaenUfX,14907,Dragonball,Dragonball,,,1
recFAVetiObiBXgqy,14907,Greta De La Dinais,Greta De La Dinais,,,1
recFDWbTiblt4mAKN,14907,Remus Van't Merelsnest,Remus Van't Merelsnest,,,1
recFDsz0IzWNeXBNp,14907,Romeo Juliets Shadow,Romeo Juliets Shadow,,,1
recFPMUKEJTA0OzQq,14907,Khinula Wb,Khinula Wb,,,1
recFPiXW19r8Sahoe,14907,Contika 46,Contika 46,,,1
recFYAs9mJQnTitDs,14907,Double R Jacaranda,Double R Jacaranda,,,1
recFcNzxzXWQQkMgX,14907,Haymar's Scho Me Dragons,Haymar's Scho Me Dragons,,,1
recFiayID2d01JkEQ,14907,Phantom,Phantom,,,1
recFj8Rnqda865Orl,14907,Bff Signatures Holy Ghost,Bff Signatures Holy Ghost,,,1
recFlyjedAVJDtOjI,14907,Dionte Van't Merelsnest Z,Dionte Van't Merelsnest Z,,,1
recFoVE0gTs7NyOHL,14907,Ganesh Des Till,Ganesh Des Till,,,1
recFqOfkI1rNkZxOD,14907,AMONG US,AMONG US,,,1
recFtsOdf7D6kAYAo,14907,Picar,Picar,,,1
recFuTfmuOFVJaTP8,14907,Undercover,Undercover,,,1
recFw6p4fSiH1sdaC,14907,CHARLY D'YSENBEEKC Z,CHARLY D'YSENBEEKC Z,,,1
recFxKJ6AVT5FhQuY,14907,Nielson Wh,Nielson Wh,,,1
recG058pTpfNNSn8z,14907,Cyrus,Cyrus,,,1
recG7SKDs4mcP2CYx,14907,Vdl Liantha,Vdl Liantha,,,1
recG7uweZEH4T75hg,14907,Hickstead Legend,Hickstead Legend,,,1
recG8UFeNEruW0qAM,14907,Cupido De Jolie Z,Cupido De Jolie Z,,,1
recGDKWcPo8Ro3vCx,14907,Anthem L.a. Z,Anthem L.a. Z,,,1
recGIs38pm2C2QgQ5,14907,La Fe Frontera,La Fe Frontera,,,1
recGKVwLVd3FnZhTg,14907,Cms Cabernett,Cms Cabernett,,,1
recGLtX4301LzejXu,14907,Heroine De Kerglenn,Heroine De Kerglenn,,,1
recGM6SqPGsYdfkoo,14907,Dominance Z,Dominance Z,,,1
recGW1k76PpCNztdS,14907,Sylvester Ter Linden,Sylvester Ter Linden,,,1
recGW7jYrtptrUNcd,14907,Ballyforan,Ballyforan,,,1
recGcKkdCOho6Pt6R,14907,Evolene De Carles,Evolene De Carles,,,1
recGd1PD9o3dSgk0c,14907,Cali Blue Ps,Cali Blue Ps,,,1
recGmLBUenZyb34a5,14907,Mastermind,Munster,Munster,,1
recGmPubDpsiWp8Rm,14907,Jantien De Muze,Jantien De Muze,,,1
recGnNupa4d13lGyT,14907,Oo Seven De L'equipe,Oo Seven De L'equipe,,,1
recGwZ8itiKMPIn8L,14907,Copabella Voltage,Copabella Voltage,,,1
recGy4GdtMrhhnRS7,14907,Quicksilver C,Quicksilver C,,,1
recH0S0gOoOCWUKnP,14907,Much Adoo,Much Adoo,,,1
recH3kKm7qJQzeokv,14907,Del'arkan,Del'arkan,,,1
recHA1XH3iVUvV58m,14907,Bona Fide,Bona Fide,,,1
recHAnzuqYB4BmFf2,14907,Mtm Anonymous Z,Mtm Anonymous Z,,,1
recHDwKXte9oVke6e,14907,Shenandoah East Wind,Shenandoah East Wind,,,1
recHEp9v9lEefLbmo,14907,Princeton,Princeton,,,1
recHIKuIcAOuVlvBx,14907,Bianca,Bianca,,,1
recHMJlKzrbejcORZ,14907,Action Girl Z,Action Girl Z,,,1
recHRYBwO3bICm8zy,14907,Online,Online,,,1
recHUf7ZSX6wndH6j,14907,Primo Cbi Cornet,Primo Cbi Cornet,,,1
recHVoMWewdqoon2T,14907,Frodo,Frodo,,,1
recHcQb0mthqatoC8,14907,Cooley Elusive,Cooley Elusive,,,1
recHgVNnMbV0sNKWs,14907,Delisa Gp,Delisa Gp,,,1
recHhzuyLxlaQtDz2,14907,Dank's Corner Livin' In The Future,Dank's Corner Livin' In The Future,,,1
recHigUbk8O2rt4YX,14907,My Diamant,My Diamant,,,1
recHkViA1LK59eYEa,14907,de Lisle Apollo,de Lisle Apollo,,,1
recHwsdhFA15JNAKv,14907,Childhood Dream,Childhood Dream,,,1
recI27QEDztbPYX0t,14907,Barbade Du Ter,Barbade Du Ter,,,1
recI42t09rbvMcyno,14907,Indigo Van De Muggenhoek,Indy,Indy,,1
recIBWWm8xC3UjODO,14907,Storiall Blue,Storiall Blue,,,1
recIBz7C8oVDQNAPH,14907,Obora's Sandman,Obora's Sandman,,,1
recIEURZIRcudCDt1,14907,Patron,Patron,,,1
recIJocvEbI4bkFpd,14907,F.ellouette,F.ellouette,,,1
recIOsp7jhIlRPGDe,14907,Chili Con Cornet,Chili Con Cornet,,,1
recISQW0vjBNoLsAe,14907,Britney Ps,Britney Ps,,,1
recIV0AQbZVVkxgVz,14907,Chanel,Chanel,,,1
recIZlyHRKEz5lTku,14907,Santiago Vh Netehof,Santiago Vh Netehof,,,1
recIfem3TXVWXAB2k,14907,Buga Z,Buga Z,,,1
recIjsc1DHNHnR7TG,14907,Chapeau,Chapeau,,,1
recIk2I6bQCTUdCuQ,14907,Voyageur,Voyageur,,,1
recIl9qAoUDLVs394,14907,Goliath De L’ Eldorado,Goliath De L’ Eldorado,,,1
recItD8viIbf6aEov,14907,Champion League,Champion League,,,1
recIyWc3lqqBppYPg,14907,Kilmastulla Quality Touch,Kilmastulla Quality Touch,,,1
recJ4kIXPcFhtNdIq,14907,Unbridled Bond,Unbridled Bond,,,1
recJ5Q3eTX32eABbT,14907,Chelsea 179,Chelsea 179,,,1
recJA2F2U0w9TUwpo,14907,Debonair,Debonair,,,1
recJBmmeVg06cGO87,14907,Halo,Paisley,Paisley,,1
recJDA8C1LeKb7kWF,14907,Baral Quester,Baral Quester,,,1
recJHkuPSZoICp8ZB,14907,Mestizo Ls,Mestizo Ls,,,1
recJLYsUEr1clTzLC,14907,Bull Run's Luminous,Bull Run's Luminous,,,1
recJRQhx8aHH6mW4q,14907,Caans Navy Blues,Caans Navy Blues,,,1
recJTZoUeteSbNHJv,14907,Getthe Muny Bernie,Getthe Muny Bernie,,,1
recJVg3nk3gtSYaoh,14907,Kennedy,Kennedy,,,1
recJX8hecWzDKLwX6,14907,Checkmate,Checkmate,,,1
recJZ3UqYKN7EYxcf,14907,Danilo Khr,Danilo Khr,,,1
recJbpiYaBN0FyfXQ,14907,Amaro,Amaro,,,1
recJhhRnyFYOTSoPm,14907,Harley De Youguette,Harley De Youguette,,,1
recJmFTzxdJjOLIDx,14907,Genius De Rance,Genius De Rance,,,1
recJq5Qel4UwuM65W,14907,Cabana Boy,Cabana Boy,,,1
recJyCrUlzOgSUcr5,14907,Quasar De Medi,Quasar De Medi,,,1
recK2MOfvbDLsYgF3,14907,Douglas,Douglas,,,1
recK70cODGeU34vad,14907,Oa Uno Mas Cerveza,Oa Uno Mas Cerveza,,,1
recK7HuwvnCExHclP,14907,Lightning Pj,Lightning Pj,,,1
recK8Cx4IgRHsFiPG,14907,Smooth Sailing,Smooth Sailing,,,1
recKE5MgJIcemJBBK,14907,Balou's Captain,Balou's Captain,,,1
recKPV9B8S9SpfoSf,14907,Voyou De Tiji Z,Voyou De Tiji Z,,,1
recKPwMo65WuklKYc,14907,Guibet P,Guibet P,,,1
recKSEESfOjL9QBV5,14907,Cookie Z,Cookie Z,,,1
recKSrRKaIkM2EvzH,14907,Jasmin De L’abbaye,Jasmin De L’abbaye,,,1
recKSwzb931OSIE2J,14907,Levano,Levano,,,1
recKf2iviypuesPFP,14907,Obora’s Sandman,Obora’s Sandman,,,1
recKgbUJtVxZpLUkL,14907,Lady Roxy,Lady Roxy,,,1
recKk2sgwiW0v70cR,14907,Cartoon Sd Z,Cartoon,Cartoon,,1
recKlZ3FPc3vEr5AR,14907,Joaquin Daloubet,Joaquin Daloubet,,,1
recKp9tNitqO9Eslf,14907,Dream Boat,Dream Boat,,,1
recKrZPlpWjBkk4xk,14907,Cotentin Des Roques,Cotentin Des Roques,,,1
recKsKbcYKcRdmK7X,14907,Hercules,Hercules,,,1
recKtsuwLGpqqjPXe,14907,Dodicci,Dottie,Dottie,,1
recKtvM0TTe4beUJy,14907,Toussant,Toussant,,,1
recKwNe2RY4I0QT0f,14907,Iron Rock,Iron Rock,,,1
recKxLdINw32R5wt4,14907,Kingston,Kingston,,,1
recKzDZNnajztetMV,14907,High Time,High Time,,,1
recL78zo5CXGrUV0s,14907,As You Are,As You Are,,,1
recL7BjnccTJbLaxF,14907,Watchusayin,Watchusayin,,,1
recL88Bbs4q2A0mt8,14907,Main Squeeze,Main Squeeze,,,1
recL9EZdGQk2oSxYz,14907,Indianapolis,Indianapolis,,,1
recL9s2dmd5f6zb7Z,14907,Comeback De La Manade,Comeback De La Manade,,,1
recL9tIAr3W6lEa7m,14907,S&l Protector,S&l Protector,,,1
recLAN1YCprctnFUq,14907,Tillman,Tillman,,,1
recLFC3oXN6C15kPh,14907,Legacy Rs,Legacy Rs,,,1
recLNnmL9i2bqIPdm,14907,Orindus W,Orindus W,,,1
recLVfTqAUfqSa8cw,14907,Snap Chat,Snap Chat,,,1
recLXYgdhRzs0rEdm,14907,Metallica,Metallica,,,1
recLbks7O1PMaT47C,14907,City Of Angels,City Of Angels,,,1
recLeGBqAs55jNXEC,14907,All Class,All Class,,,1
recLierzXmARsRhOF,14907,Paseana,Paseana,,,1
recLiplT5iysXRSiV,14907,La India Catania,La India Catania,,,1
recLj4UDBywdJC7LQ,14907,Enzo Ferrari,Enzo Ferrari,,,1
recLj5EaBtHWkjsa2,14907,L.v. Valdrumer,L.v. Valdrumer,,,1
recLu7bJoBjTCyslm,14907,Elusive,Elusive,,,1
recLwMDICqwy0PnEc,14907,Cassaderra Na,Cassaderra Na,,,1
recLy0joj26tclrr2,14907,Ledoux,Ledoux,,,1
recM5N0CztIrnQiSg,14907,Salt Spring,Salt Spring,,,1
recMAuWjmb6Ae7iB7,14907,Karma,Karma,,,1
recMBJpS89PotblOn,14907,TENOR VAN'T KLAVERTJE VIER,Shrek,Shrek,,1
recMCnJ5J4qhgZ3iq,14907,Colmans Blue,Colmans Blue,,,1
recMEa7UtJl2MPmiG,14907,Kereen Cobra,Kereen Cobra,,,1
recMIFmIw1cNfOL2T,14907,Avalanche,Avalanche,,,1
recMIT3uYfio9vRzJ,14907,Freeman,Freeman,,,1
recMLDHtQ10Ghfjmx,14907,Fireball,Fireball,,,1
recMON4SobKvvFQ31,14907,Darc Vader,Darc Vader,,,1
recMRUv1KUA8IsQEy,14907,Fort Knox,Knox,Knox,,1
recMUmnQNuijsAcR7,14907,Game Day,Game Day,,,1
recMUv5LPHiKQF8o6,14907,Odilon,Odilon,,,1
recMVkLjYDUFTElr1,14907,Cimbura,Cimbura,,,1
recMWdp7zaE1i2Gzl,14907,Maiki,Maiki,Maiki,,1
recMeCRZGKxfjGSeW,14907,Ciemusic Z,Ciemusic Z,,,1
recMfywBbZte9vRS3,14907,Cash The First Des Rosiers Z,Cash The First Des Rosiers Z,,,1
recMgRUiYRSnoC7GQ,14907,Pop Tart,Pop Tart,,,1
recMhgwi3o4wKYxBv,14907,Nexstar-Lh,Nexstar-Lh,,,1
recMi4Gk4sjKerTep,14907,Gigi Top 2,Gigi Top 2,,,1
recMjB7oPDo8BDfWU,14907,Ezin Rk,Ezin Rk,,,1
recMmwA2xAw6AoAk9,14907,Joylon Gb,Joylon Gb,,,1
recMqlWtQtBhqCq9V,14907,Dolittle 32,Dolittle 32,,,1
recN0KbIk9NtyLdiP,14907,GOLD COIN,GOLD COIN,,,1
recN0PqdmUUsEJakp,14907,Bizzy Sh,Bizzy Sh,,,1
recN3lMWufee0zhr2,14907,Playground,Playground,,,1
recNKI4hLA4TCZA3C,14907,Playboy Blue Vh Z,Playboy Blue Vh Z,,,1
recNTIir4T2KGDC39,14907,Kankan,Kankan,,,1
recNWMRMAQy4ZOXRW,14907,Numero Dos,Numero Dos,,,1
recNZ1x4zczsBbzlg,14907,Roundthorn Odara,Roundthorn Odara,,,1
recNaENSfxvG0UMVu,14907,Picobella De Pot,Picobella De Pot,,,1
recNaJ0kqp1c9M0Ka,14907,Rustica Ls La Silla,Rustica Ls La Silla,,,1
recNbuPv9GwtRbRRm,14907,Taffy’s Little Charade,Taffy’s Little Charade,,,1
recNm9iI4P34OMHyE,14907,Dee Dee Gz,Dee Dee Gz,,,1
recNpF44tpAAjobk2,14907,Jurrney,Jurrney,,,1
recNt5v3dRPI2tyvH,14907,Alejandro Fcf,Alejandro Fcf,,,1
recO21RxslYAowmYX,14907,Quick Moon,Quick Moon,,,1
recOBj8vcvUSV1G9z,14907,Talk To Me,Talk To Me,,,1
recOEUEDDZHmRlkKO,14907,Arthur,Arthur,,,1
recOVsCMtqbRa2dvA,14907,Charly Brown 353,Charly Brown 353,,,1
recOZ9UPOk8sC3QWe,14907,Jip Van T & L Z,Jip Van T & L Z,,,1
recOaoxVxEUEpUogh,14907,Capitolino Dve,Capitolino Dve,,,1
recOgikWXyQGpeOs3,14907,Quatro,Quatro,,,1
recOsTu5oWwgPp0y8,14907,Bellefleur Z,Bellefleur Z,,,1
recP2OfCrJJQ5mJjT,14907,Mtm Silhouette,Mtm Silhouette,,,1
recP4G3QNnl2v954G,14907,Maestro Van't Laar,Maestro Van't Laar,,,1
recP7gqkpNS8ewIrc,14907,Nr Golden Graham,Nr Golden Graham,,,1
recP7qIG6WE3TdbL7,14907,Arianna Rv,Arianna Rv,,,1
recPADxrKRR5LZEFV,14907,Kobalt Des Vk,Kobalt Des Vk,,,1
recPCPE46XHSXdeQx,14907,Mon-Ami,Mon-Ami,,,1
recPEid8ck3sbuX76,14907,Fbf Sundrop,Fbf Sundrop,,,1
recPI4PUWEIWkoNxr,14907,For Jens Z,For Jens Z,,,1
recPNCV6VOVWK2NaS,14907,Fernhill Touch Of Grandeur,Fernhill Touch Of Grandeur,,,1
recPO35JA7d1y6oYZ,14907,Chacoons Bellis Z,Chacoons Bellis Z,,,1
recPOmhL9CtpGkz58,14907,Hutin De L'abbaye,Hutin De L'abbaye,,,1
recPQAEXgekokD3yD,14907,Novel-T,Novel-T,,,1
recPQL6azSpEEvNcS,14907,Ata Fe Dulce,Ata Fe Dulce,,,1
recPSAy86BWgZsb5v,14907,Lin Lin,Lin Lin,,,1
recPSF3nOcnXpjVjX,14907,Gabriella T,Gabriella T,,,1
recPUXz9OXL5sXEi5,14907,Koh I Knoor,Koh I Knoor,,,1
recPYs0Y20jnSDpbk,14907,Posh,Posh,,,1
recPbTx84Sty9ntX7,14907,ARROW M Z,ARROW M Z,,,1
recPyvX2CZdQN23Ow,14907,Edward Z,Edward Z,,,1
recPzJd0N3xIhHeyD,14907,Lolita Z,Lolita Z,,,1
recPzQMpVllPoPnE5,14907,Pistachio,Pistachio,,,1
recPzghsQT7R3fC8Y,14907,Libera Lux Di Alma Terra,Libera Lux Di Alma Terra,,,1
recQ2W0linNXzraNQ,14907,Chacco Blue's Camelot,Chacco Blue's Camelot,,,1
recQ8PBDqcbb6Psk9,14907,Joint De Canabis Van De Doornhoeve,Joint De Canabis Van De Doornhoeve,,,1
recQ9v9I7Se6al4gm,14907,Cash For Roses,Cash For Roses,,,1
recQGYjpOfrvS5njR,14907,Engas Aurantiaco,Engas Aurantiaco,,,1
recQIpMbWzNoucRll,14907,Mason,Mason,,,1
recQQaDO3dcVfREOY,14907,Mistigrise Du Seigneur,Mistigrise Du Seigneur,,,1
recQUFR6ixWCD6Q8i,14907,Rakona Z,Rakona Z,,,1
recQZMEffGo1OFwVA,14907,Tugano Van Klapscheut,Tugano Van Klapscheut,,,1
recQbAxNwd3H4PQC8,14907,Jasmin De L'abbaye,Jasmin De L'abbaye,,,1
recQhCOFvwzFZ0ish,14907,Picture Me,Picture Me,,,1
recQmtI5ZsAOeLXtp,14907,Hpf Melania,Hpf Melania,,,1
recQokOYTH4zuZbGa,14907,Mtm Bubba,Mtm Bubba,,,1
recQow1zOdv8t21oJ,14907,Best Of Me,Best Of Me,,,1
recQqlvVVUuzmYYt0,14907,Colbert Q,Colbert Q,,,1
recQrwLGs9KZmuISs,14907,Cardline Kdw Z,Cardline Kdw Z,,,1
recRENV43srEl09Ur,14907,Qatar,Qatar,,,1
recRIudmPRp5zfskQ,14907,Netezwiggy Vd Watermolen,Netezwiggy Vd Watermolen,,,1
recRJnWJ6LZ3r403l,14907,Vienna Van't Kiezelhof Lhf,Vienna Van't Kiezelhof Lhf,,,1
recRMC3zELLHIedtW,14907,Leporsche Th,Leporsche Th,,,1
recRQAnDUUMqYpinp,14907,Comme Il Hero Z,Comme Il Hero Z,,,1
recRRhyftSM5LqC1m,14907,India-S,India-S,,,1
recRSfdJcMIkb0qi3,14907,Dulce,Dulce,,,1
recRTaTNSsdMYwqIV,14907,Chacoons Gisa Blue Z,Chacoons Gisa Blue Z,,,1
recRWZd7OyBnuwzol,14907,Eye Of The Tiger,Eye Of The Tiger,,,1
recRf3B5ZIsl6PIJq,14907,Otto Pilot,Otto Pilot,,,1
recRfkenRgYpuF8fS,14907,Bella Vida,Bella Vida,,,1
recRgXQ7C0w2aGQ6I,14907,Eq Scorpio,Eq Scorpio,,,1
recRohJrA6QjFRROT,14907,Mtm Nutmeg,Mtm Nutmeg,,,1
recRtbiGzYn7F1WF2,14907,Il Dolce,Il Dolce,,,1
recRtnQE55TEl4dH6,14907,Bellagio,Bellagio,,,1
recRxZDoYeiHSkZG9,14907,Onyx,Onyx,,,1
recS2o8qfCeKsnW8n,14907,Helia Ffh,Helia Ffh,,,1
recS2og6juvFiIejV,14907,Marvick,Marvick,,,1
recS5m1EQSvZEcJES,14907,Somermist Secret Admirer,Somermist Secret Admirer,,,1
recS5xAw61CzSznVk,14907,Cierra,Cierra,,,1
recSAYgkGu3kkDPVg,14907,Miles Ahead,Miles Ahead,,,1
recSAm7W6nYfSQB4U,14907,Billy Adorable,Billy Adorable,,,1
recSCaY6fBH1el1aw,14907,Kismet,Kismet,,,1
recSDfMJUKijBPzEd,14907,Crescendo 55,Crescendo 55,,,1
recSFpqdvfYwyxwMe,14907,Quesera K Van't Kattenheye,Quesera K Van't Kattenheye,,,1
recSHkoqwTDCG2atQ,14907,It Is West,It Is West,,,1
recSIVm9mzXtZVo8Z,14907,Rio Mccoy,Rio Mccoy,,,1
recSN2ubuLOEooD86,14907,Vote For Pedro,Pedro,Pedro,,1
recSZXzYo2rEIrwR9,14907,Neon Spotlight Z,Neon Spotlight Z,,,1
recSbt4OEcCbJFJu6,14907,Steely Dan,Steely Dan,,,1
recSe2WllVQ8pL1bb,14907,Chriszi,Chriszi,,,1
recSi1JQHq46yEy28,14907,Elocia,Elocia,,,1
recSjDS9eaqyUZlj9,14907,Helia Des Bergeries,Helia Des Bergeries,,,1
recSpYWN65VvNIf4n,14907,Cold Play,Cold Play,,,1
recStBpcwE6PFz5vb,14907,Khadiri,Khadiri,,,1
recSuGiwpmYEjdjVJ,14907,Charlie Ps,Charlie Ps,,,1
recT3Q3BVFUqScBIP,14907,Raise A Glass CF,Raise A Glass CF,,,1
recT5WTalCuel5euU,14907,Hh Hyyerr Calling,Hh Hyyerr Calling,,,1
recT6XlOY4pkM6XAq,14907,Shadowfax 111,Shadowfax 111,,,1
recTChszlN7lVqyT3,14907,Forget Me Not,Forget Me Not,,,1
recTLCrfSjDjMGHda,14907,5o1 Stakkatol's Dream,5o1 Stakkatol's Dream,,,1
recTLjdvOgxqoPF2Z,14907,Ravina 22,Ravina 22,,,1
recTTobw5FlvTgQhj,14907,Locinthe Vdl,Locinthe Vdl,,,1
recTTq34WC55wI9mR,14907,Ezarka De Belheme,Ezarka De Belheme,,,1
recTZCcQOTJ1RasLn,14907,Volodia D'argouges,Volodia D'argouges,,,1
recTbBCaogXeUIIOL,14907,SPECIALIST,Tommy,Tommy,,1
recTfQComcsRMvBYN,14907,Glenara Chacco Dp,Glenara Chacco Dp,,,1
recTiq35XKEnjYr4F,14907,Glamour Des Forets,Glamour Des Forets,,,1
recTjtkkEhwGZiUt8,14907,Roc N' Rose,Roc N' Rose,,,1
recTl6xiHXjgT0YY4,14907,Santino,Santino,,,1
recTnId0UeHKnUWU7,14907,Conlando 55,Conlando 55,,,1
recTnsf9M9LfV0lA2,14907,RIMINI DU PRINTEMPS,Rimini,Rimini,,1
recTsQMsS5DlKluGd,14907,Bellissima Dh Z,Bellissima Dh Z,,,1
recU6yQCMREs5VEOC,14907,The Golden Road,The Golden Road,,,1
recUK5VTFNxAlUG81,14907,London Star,London Star,,,1
recUMsicKyzbPX0gM,14907,Zenith Casall You Got,Zenith Casall You Got,,,1
recUOPrPt8hqx9T2P,14907,Changes In Latitude,Changes In Latitude,,,1
recUPzuPwcRwcXprF,14907,Top New Tina,Top New Tina,,,1
recUQ7hl3dhqBAlIH,14907,Follow Me,Follow Me,,,1
recUXLzj4DdB3zEOA,14907,Fernhill Milchem Matteo,Fernhill Milchem Matteo,,,1
recUYAI9ELAilq01f,14907,Balencia,Balencia,,,1
recUda8OFNW9JzrXa,14907,Fleurescent,Fleurescent,,,1
recUhB6bLHbrbMKIF,14907,Edita,Edita,,,1
recUmtfePV5ddCIPw,14907,Boozeman Na,Boozeman Na,,,1
recUoea9FBJSIFPgy,14907,Cartier De Muze,Cartier De Muze,,,1
recUvD1yESiPqktoj,14907,Gladrags,Gladrags,,,1
recV1VYfXGOki1cWY,14907,In The Wind Wow,In The Wind Wow,,,1
recV5aEPG4wisxE3B,14907,Condo Lh,Condo Lh,,,1
recV5qdKDuRxh7JQt,14907,True Love's Kiss,True Love's Kiss,,,1
recV7TArveHbk3902,14907,Donna Lucardie Z,Donna Lucardie Z,,,1
recV8l7UbmAohDANr,14907,Lyonheart,Lyonheart,,,1
recVCZXLZHYtVS0q9,14907,Churchill Blue,Churchill Blue,,,1
recVE5kGhU5yMjfLG,14907,Hello Sunshine,Hello Sunshine,,,1
recVFkxHHmovyJRAf,14907,Navigator,Navy,Navy,,1
recVImaiqCuKmMvlj,14907,Harmonie,Harmonie,,,1
recVJE5vN5qq6I9DS,14907,Makuna,Makuna,,,1
recVN874Q98zEWIta,14907,Venezia D'austral Z,Venezia D'austral Z,,,1
recVPnWO7QarhJfpu,14907,Gof Perle D'amour,Gof Perle D'amour,,,1
recVQNhIlxyYZlD03,14907,I Jump D'authuit,I Jump D'authuit,,,1
recVVNfB9ljJk8D1E,14907,Dorothea Mystic Rose,Dorothea Mystic Rose,,,1
recVZIGDe0ghJemqC,14907,Hidden Springs Star Attraction,Hidden Springs Star Attraction,,,1
recVdhUWpKl6PKIOk,14907,KS Barbie,KS Barbie,,,1
recVfbZwDiZ1sFKgZ,14907,Panelja Van Con Amper,Panelja Van Con Amper,,,1
recVghcz9REYH8ST0,14907,Una Beretta,Una Beretta,,,1
recVhURLvVIqTQBtg,14907,Cheque,Cheque,,,1
recVpyyWeXZVriozh,14907,Copperfield Ghv Z,Copperfield Ghv Z,,,1
recVr4mlVg0qg99Mq,14907,Frf Marquis,Frf Marquis,,,1
recVvr3i3orCifh5H,14907,Quite Clever,Quite Clever,,,1
recW0Dlsb9syKs5ve,14907,Octavius Scf,Octavius Scf,,,1
recW0GoCQ4adET3oP,14907,D’or E’cureuil,D’or E’cureuil,,,1
recW3Pxwyy8BD3Zx8,14907,London Boy,London Boy,,,1
recWGeYRurpHN6Pte,14907,Limitless,Limitless,,,1
recWIVRXmWfip508y,14907,Conlondino Ps,Conlondino Ps,,,1
recWiHSj6xkgVGl1t,14907,Vdl Adancha Z,Vdl Adancha Z,,,1
recWoOXah38HJ4RR0,14907,Zhardas Kil,Zhardas Kil,,,1
recWqVGgbAp7EX3bA,14907,Indiana De Riverland,Indiana De Riverland,,,1
recWqrsqH1PtDZGKQ,14907,Umtiti Van De Barlebuis,Umtiti Van De Barlebuis,,,1
recWt5nWBa2SufAvp,14907,Mucksmaeuschenstill,Mucksmaeuschenstill,,,1
recWtGteWsVUzHxj4,14907,Marjolita,Marjolita,,,1
recWwCPXi147FCMIS,14907,Allegra Van Het Eikenhof Z,Allegra Van Het Eikenhof Z,,,1
recWzhAof4LAZHr0A,14907,Cardozo 4,Cardozo,Cardozo,,1
recX2TYiNOjII449V,14907,Cecile S,Cecile S,,,1
recX4J067KZK5mqyl,14907,Tupac Van De Vrombautshoeve Z,Tupac Van De Vrombautshoeve Z,,,1
recX5rhtmoEUmqPfB,14907,Katch Can-Do,Katch Can-Do,,,1
recX6BoezsTX78euf,14907,Techon Master Bronze,Techon Master Bronze,,,1
recXCgJbFKBbLp1Jk,14907,Surely,Surely,,,1
recXDTBxiDiXRbLqW,14907,Quina Blue Ps,Quina Blue Ps,,,1
recXG32TVrmw8DGO0,14907,Lucien II Hs,Lucien II Hs,,,1
recXGZIT30Naios89,14907,Ice Breaker,Ice Breaker,,,1
recXJdhBfCSjXKcrL,14907,Thompson Ter Doorn Z,Thompson Ter Doorn Z,,,1
recXLzqJ3a5OeVozW,14907,Not Another,Not Another,,,1
recXMgU3zzkFu9BYa,14907,Ascott,Ascott,,,1
recXPXJnkJBhrX11M,14907,Grs Chianti,Grs Chianti,,,1
recXTI2X35V9VmVOr,14907,Conkelkiefer,Conkelkiefer,,,1
recXYKehcy2PMtnvb,14907,DF CRUSH,Crush,Crush,,1
recXahvq9OxhIGmPd,14907,Plush Ponies' Kickapoo Kiwi Bliss,Plush Ponies' Kickapoo Kiwi Bliss,,,1
recXcU7TWrbVPmrvG,14907,Insightful,Insightful,,,1
recXgFBKZ5FRbXDxP,14907,Odaya,Odaya,,,1
recXm58xwl7RlaWX5,14907,Vdl Jamorkus,Vdl Jamorkus,,,1
recXmjfTXve9sBDbF,14907,Santana,Santana,,,1
recXwUShty8CPvH8R,14907,Feinschnitt,Feinschnitt,,,1
recXxxSduyhYIdVk7,14907,Never Ending Story,Never Ending Story,,,1
recYAM5kcV0CsvYQm,14907,Cadenza,Cadenza,,,1
recYCbgK9cpBTgQ21,14907,Wild Kat,Wild Kat,,,1
recYKiWeTl63OBops,14907,Mr. Magoo,Mr. Magoo,,,1
recYPkFgga1tlZ3bX,14907,Gossip Girl,Gossip Girl,,,1
recYURLSHbLWax0Uw,14907,P-Capitola,P-Capitola,,,1
recYUrf4jnJTSnrCY,14907,Cerveza De Barril,Cerveza De Barril,,,1
recYVyYHDs2ANF8Gk,14907,Grande Dame,Grande Dame,,,1
recYWclp9VCMWAQkt,14907,Midnight Queen,Midnight Queen,,,1
recYaOBKlKGhSpBzy,14907,Itoulon B,Itoulon B,,,1
recYcjfuToIDFnZ8k,14907,Headleys Kinetic,Headleys Kinetic,,,1
recYdWPZJPzjnH6Uf,14907,Major,Major,,,1
recYi8600g3Kjc1Sq,14907,Défi De La Roque,Défi De La Roque,,,1
recYqVFsniL5CCM0m,14907,SHORT STACK,SHORT STACK,,,1
recYtMQ90CfQwa769,14907,Marshall,Marshall,,,1
recYumFBtDDqiK67Q,14907,Follow Me Home,Follow Me Home,,,1
recZ6GeD3Q8Fn0VQ3,14907,Global Van T Braunerthof,Global Van T Braunerthof,,,1
recZ6iaaYpLDnhB5c,14907,Tarzan Z,Tarzan Z,,,1
recZMNkH63rp0M1zp,14907,Rhapsody,Rhapsody,,,1
recZN8KskZlEeRp96,14907,Sweeter Than Fiction,Sweeter Than Fiction,,,1
recZP6wgonkpwI9SZ,14907,Bluebelle,Bluebelle,,,1
recZPZsGiWaZHsyx4,14907,Dylan Odf,Dylan Odf,,,1
recZUPNBMf7ebTNd4,14907,Geisha D'agenais,Geisha D'agenais,,,1
recZXpsfx2TknH6J1,14907,Farinjo Des Mec,Farinjo Des Mec,,,1
recZYvMb7PsuQ9hBI,14907,Kali,Kali,,,1
recZZyDOGkQT1QsV8,14907,Helium De La Virée Au Vent,Helium De La Virée Au Vent,,,1
recZc4laV3ccmGSAv,14907,Daytona S.e,Daytona S.e,,,1
recZcsDc9yOj8N5YQ,14907,Goliath,Goliath,,,1
recZkCFReFrLUJo2s,14907,Dimazzo,Dimazzo,,,1
recZqQU2PI0V6OJrt,14907,Herlich,Herlich,,,1
recZsIGQ0PoTXc8ed,14907,O'Malley Rfb,O'Malley Rfb,,,1
recZufTxjH8A4owbm,14907,Prince Henry,Prince Henry,,,1
recZwdr1WNsoE1roP,14907,Himalaya,Himalaya,,,1
reca0IEMDAmS3AqYR,14907,Con Sol,Con Sol,,,1
reca2XVJh3iFLh3PL,14907,Scenorrado Vd Hunters Z,Scenorrado Vd Hunters Z,,,1
reca56L2OtySkY1bm,14907,ROMEO,ROMEO,,,1
reca5o7UX35J1yh7a,14907,Florian,Florian,,,1
reca7kq3xJU6MLy9R,14907,Amuze Bouche,Amuze Bouche,,,1
recaBCOa1TSSNZP5p,14907,Mtm Can Talk To Me,Mtm Can Talk To Me,,,1
recaCQLlEZ79nr9GJ,14907,Cataumet,Cataumet,,,1
recaGTpYnV7oeIHSa,14907,Colombiana,Colombiana,,,1
recaGjhF16wLvFnTe,14907,Kadar Hbc,Kadar Hbc,,,1
recaQ8dhzivxw7nNi,14907,Cordis Totalis Z,Cordis Totalis Z,,,1
recaXaAKeiLL3ev6g,14907,Taffy's Little Charade,Taffy's Little Charade,,,1
recaYyJQOHDxaXVWG,14907,The Real Slim Shady,The Real Slim Shady,,,1
recabXmO03R3e1TB3,14907,Peridoni 20,Peri,Peri,,1
recabZZWJAemXoGRD,14907,Mckenzie Z,Mckenzie Z,,,1
recacDysjHQBziLIW,14907,V.h. Paris Fox,V.h. Paris Fox,,,1
recacQg6LsfABw3mV,14907,Ferdita,Ferdita,,,1
recacSlktTfSCsO8b,14907,Cassina,Cassina,,,1
recaddMCpQ7UtcHRL,14907,Scarlett O'hara,Scarlett O'hara,,,1
recajodZkqNU0xqhE,14907,Aphrodite,Aphrodite,,,1
recalUO9JWVQ9R4oD,14907,Hhf Levison's Pride,Hhf Levison's Pride,,,1
recanS0gIFgb7M0um,14907,Espresso,Espresso,,,1
recaqAahuWUuGII4P,14907,Interkalen V.d.o,Interkalen V.d.o,,,1
recarF7ZNDFQFYvoE,14907,Cumulonimbus,Cumulonimbus,,,1
recau6gwl9hDZb3oe,14907,Lord Cornet,Lord Cornet,,,1
recb06EzEhRXoWKfE,14907,Diamond Rbc Z,Diamond Rbc Z,,,1
recb0ilVV63XwPyRa,14907,Mtm Pablo,Mtm Pablo,,,1
recb3aoVyoF0GP1Hp,14907,Hand Painted,Hand Painted,,,1
recb4KTQuKNimjUqJ,14907,Chili Z,Chili Z,,,1
recbGbnNN0aVytpdY,14907,Gosset Rose,Gosset Rose,,,1
recbJNJzpCeFabem3,14907,Beast Mode,Beast Mode,,,1
recbSG4mvquviY4nI,14907,Missy Vd Vosberg,Missy Vd Vosberg,,,1
recbT2euR7P1bjp6i,14907,Camden Street,Camden Street,,,1
recbURFrtTX0bnncK,14907,Mtm Rico Suave,Mtm Rico Suave,,,1
recbUXr0EJKgp7DTm,14907,Executive,Executive,,,1
recbYAzMttzLLuZdX,14907,Simply Good,Simply Good,,,1
recbYy7ntd9niyPq6,14907,Diadora,Diadora,,,1
recbbAtpQTgBh68BZ,14907,Gallaxia De Ferval Z,Gallaxia De Ferval Z,,,1
recbloZFLUvDYGqAh,14907,Quincy Too,Quincy Too,,,1
recc2jd3xZhT62Ocy,14907,Hagelin,Hagelin,,,1
recc9AIrEF9uWQsvJ,14907,Emi Initia,Emi Initia,,,1
reccCKcFj7yR73Nd9,14907,Diatendra,Diatendra,,,1
reccF3ty9Y02b2rfe,14907,Rosmel's Silver Rose,Rosmel's Silver Rose,,,1
reccKdWlsiElejWlP,14907,Global Ph Cocofino,Global Ph Cocofino,,,1
reccP77U1iYBQrkeh,14907,Karamba Hdh,Karamba Hdh,,,1
reccWmH9YrdWoRbbj,14907,Miracle Es,Miracle Es,,,1
reccYIQBX3mYMUiWX,14907,Airway Semilly,Airway Semilly,,,1
reccaQUKYLybKHEwa,14907,Diego,Diego,,,1
reccdhmunQM3p5ySo,14907,Dorado Sdn,Dorado Sdn,,,1
reccfkrXWlVOJsDCJ,14907,Cicero Hs,Cicero Hs,,,1
reccgbLiz8TcTL2zv,14907,Hairo,Hairo,,,1
recchmykdcWsU1Wra,14907,Unairo,Unairo,,,1
reccnNFYTQBX07Nav,14907,Hicorino,Hicorino,,,1
reccnTCxokueBKAKY,14907,Mtm Good Question,Mtm Good Question,,,1
reccnvSS13fIvBqR7,14907,So Dapper,So Dapper,,,1
reccpPVz4rg0Xn3it,14907,Goliath De L' Eldorado,Goliath De L' Eldorado,,,1
reccptd0LAteUiUok,14907,San Cristobal,San Cristobal,,,1
recctkWYVvDkvWYI5,14907,Cadans Z,Cadans Z,,,1
reccwK3wNlr8Gr3b5,14907,Blue Magic,Blue Magic,,,1
reccxXRvlvcw4ztyx,14907,Uncle John's Band,Uncle John's Band,,,1
reccztB3ED4aPj15l,14907,Oo Seven De L’equipe,Oo Seven De L’equipe,,,1
recd0U1K0KpXErnJz,14907,United Del Coco,United Del Coco,,,1
recdCFjm5K74Cf8ym,14907,Ewsz Chardonnay,Ewsz Chardonnay,,,1
recdHJrkbKoZcZoiN,14907,Komet 306,Komet 306,,,1
recdHtx1XyoqmixV6,14907,Invictus,Invictus,,,1
recdHzVN1Aq8OZiKa,14907,Hazelberg's Opium Dve,Hazelberg's Opium Dve,,,1
recdKcSqDpopwsIiG,14907,Chardonnay,Chardonnay,,,1
recdKo4lxtGydm0Wa,14907,Carla,Carla,,,1
recdLTutEXasEnkRs,14907,Camino Imperio Egípcio,Camino Imperio Egípcio,,,1
recdO9dtC5jzQT3w6,14907,Santa Rosa Fiona,Santa Rosa Fiona,,,1
recdRWGWP6pPjT9Vv,14907,Bambina,Bambina,,,1
recdSr39X3oOJZjOa,14907,Ladies Night,Ladies Night,,,1
recdTX5IUQZl4s7vU,14907,Billy Banbury,Billy Banbury,,,1
recdWSYqlNgH2vMhL,14907,Don Diego Hdd II,Don Diego Hdd II,,,1
recdaVcFLIUHI6kbc,14907,Mtm Giovanni,Mtm Giovanni,,,1
recdanmPVXbmzN9w1,14907,Cms Who's The Man,Cms Who's The Man,,,1
recdcAISh4VE45m8T,14907,Candeux,Candeux,,,1
recdd1BVXpCTjOogN,14907,Bellefour's Steel Fox,Bellefour's Steel Fox,,,1
recdfnpvrii1vjhVr,14907,F Miss Gouvernante Vdl Z,F Miss Gouvernante Vdl Z,,,1
recdgDYXozqdyOFDK,14907,Koletta,Koletta,,,1
recdgVTjaWDh5ukyJ,14907,Lumiere,Lumiere,,,1
recdgZHJZwsLqMgDU,14907,Ferris Bueller,Ferris Bueller,,,1
recdoTrdHp6vzz5uX,14907,Jet Setter,Jet Setter,,,1
recdqDzwsRLcZd2IK,14907,Nice Cool De Virton,Nice Cool De Virton,,,1
recdt9wD4XES6iQOA,14907,Gotham De Chalusse,Gotham De Chalusse,,,1
recdwSoPWFOXJFw5k,14907,Chabluevara Ps,Chabluevara Ps,,,1
rece0DhytDlw4e0sY,14907,Mugano D'augustijn Z,Mugano D'augustijn Z,,,1
rece3GBJjxZECBTqa,14907,Rich Girl,Rich Girl,,,1
receKOZoWQrdEGWSG,14907,Willy Wonka Wb,Willy Wonka Wb,,,1
receM8cfoXelxadIa,14907,Il Etait Une Fois A Rivereuille,Il Etait Une Fois A Rivereuille,,,1
receNGgJSb6mqPb61,14907,Lagegonda Fz,Lagegonda Fz,,,1
receQSLUSbhC7tCeD,14907,Naomi Hpf,Naomi Hpf,,,1
recej7833yHmLYG1d,14907,Kandoo Pj,Kandoo Pj,,,1
receljDYMCfnrvT9S,14907,Nayla Balou,Nayla Balou,,,1
recenYAJ2LG7KglKz,14907,Mick Jagger,Mick Jagger,,,1
receqd5Cup8r42Zwg,14907,Madhappy,Madhappy,,,1
recetM5UhrlKgj3QV,14907,INDIGO VAN DE MUGGENHOEK,Indy,Indy,,1
recetc9kQtuflj67j,14907,Limerick,Limerick,,,1
recezQK0HYupTVbac,14907,Mtm Apple,Mtm Apple,,,1
recf0spNEdr6FSGha,14907,Light Blue Mystic Rose,Light Blue Mystic Rose,,,1
recf89AQE1qtvd8FY,14907,Menlo Park,Menlo Park,,,1
recfEzPHrLfQjgcds,14907,Elalisa,Elalisa,,,1
recfNblKC4omkLphP,14907,La La Land,La La Land,La La Land,,1
recfOl7ZkyUoojeeo,14907,Icare Chavannais,Icare Chavannais,,,1
recfThSBAhxRvlWri,14907,PICCOLO,PICCOLO,,,1
recfYTTjfDAsazjDL,14907,Tulara Cascara,Tulara Cascara,,,1
recfj715eByJAtDSL,14907,Guerrera,Guerrera,,,1
recfjvpOEk2sDZL0u,14907,Mystery Man,Mystery Man,,,1
recfkJkZfj2MYo5D2,14907,Kaytaro,Kaytaro,,,1
recfmPoR4SW87P0Ni,14907,Poliana Van Op De Berg,Poliana Van Op De Berg,,,1
recfnnkoAHLbVUDlc,14907,Rock Bottom,Rock Bottom,,,1
recfoL7MUlqgZMTqp,14907,Piebra Filibustero,Piebra Filibustero,,,1
recfswAtH6LI45qA4,14907,Orchard Hills Snapchat,Orchard Hills Snapchat,,,1
recftVsxvhU3pxhGz,14907,Kawir Ms,Kawir Ms,,,1
recfu3Yfd9weAfidM,14907,Kentucky N,Kentucky N,,,1
recfvXIJu2fBnhXlU,14907,Noah,Noah,,,1
recg2Sv2ezJQLIeI7,14907,Glamour Van De Kakebeek,Glamour Van De Kakebeek,,,1
recg41TYGjWFbfHel,14907,Cozumel,Cozumel,,,1
recgBey9cKweOiVzq,14907,Lonesome Dove,Lonesome Dove,,,1
recgBiZrhh039xK5l,14907,Gayfields Tickety Boo,Gayfields Tickety Boo,,,1
recgDxmw0ekKbzKcA,14907,Going Global,Going Global,,,1
recgEUtWn3Fw94C4d,14907,Isla De Coco,Isla De Coco,,,1
recgGHyIM6AGlx7iG,14907,Vajra Du Blay,Vajra Du Blay,,,1
recgMVCqjpDn8pGu6,14907,Futur Du Pomiez,Futur Du Pomiez,,,1
recgMYtFOaWMvKptD,14907,Unica Z,Unica Z,,,1
recgRTKNIpPqpcBoZ,14907,Crown Ridge Footloose,Crown Ridge Footloose,,,1
recgUbzjjuWYQbHed,14907,Icandy,Icandy,,,1
recgWglFhSMUK66Pk,14907,Vdl Nevena,Vdl Nevena,,,1
recgY8x8fIs7Ea8SX,14907,Conchacco Ps,Conchacco Ps,,,1
recgYzE3cfeu2zM0T,14907,Hollywood V,Hollywood V,,,1
recga1p2gHq74cRn0,14907,Eiffel,Eiffel,,,1
recgceKiO39pf6cFr,14907,Lord Carlino,Lord Carlino,,,1
recgdp3lILpfzxfAX,14907,CERVIN DE LA POMME Z,Cervin,Cervin,,1
recghA3yX8fyJbiX3,14907,Crush,Crush,,,1
recgiv4yhI3KP9VH5,14907,Untouchable's Unique,Untouchable's Unique,,,1
recgrjSgq0VNuLGpo,14907,Chutter Du Rouet Ps,Chutter Du Rouet Ps,,,1
recgt7oTDr0J3ohaV,14907,Dialey Ak,Dialey Ak,,,1
recguRqJ7rOKiuHTB,14907,Psj Hana 6,Psj Hana 6,,,1
recgzUaQSWiYF5FDr,14907,Yalambi's Jingle Bell,Yalambi's Jingle Bell,,,1
rech1HNqhAB9ph3s6,14907,Loire,Loire,,,1
rech23Fgkd56AncPD,14907,Sweet Caroline Na,Sweet Caroline Na,,,1
rech2gyew6YKsl923,14907,All In,All In,,,1
rech5yTeSsVS1KTIB,14907,Olivia Ve,Olivia Ve,,,1
rech955C4jzPxGzsU,14907,Qiana,Qiana,,,1
rechCAfXsR3JC802Q,14907,Fernhill Athletico Z,Fernhill Athletico Z,,,1
rechFSX16WCpjh38T,14907,Reelz,Reelz,,,1
rechGbAIoLkxWjhRS,14907,Secret Affair,Secret Affair,,,1
rechLMm2PvpZsf9T9,14907,Astronaut H Z,Astronaut H Z,,,1
rechUQIGTl4TpNV4N,14907,Delta Blues,Delta Blues,,,1
rechffBJYd5uBU95f,14907,Vago Chin Z,Vago Chin Z,,,1
rechgSYQRQw5Od3P3,14907,Balou De Revel,Balou De Revel,,,1
rechiQURI0DyDDCqo,14907,Bonne Chance,Bonne Chance,,,1
rechjHHcAV6E5Zvsx,14907,Coeur D'honneur,Coeur D'honneur,,,1
rechm45MuC2WZQbuW,14907,Clarisimo,Clarisimo,,,1
rechmrDoDDBkCePGk,14907,Nobeltje,Nobeltje,,,1
rechoMd4aICwNL7ih,14907,Absolutely,Absolutely,,,1
rechpvf5DyOyKP52h,14907,Caltitza,Caltitza,,,1
rechslNRnxcpCkLaB,14907,Wrenwood Blue Dream,Wrenwood Blue Dream,,,1
rechtnG0yLtLq7VwU,14907,Skat 15,Skat 15,,,1
rechyqbsJIh4HgKCN,14907,Code Of Honor,Code Of Honor,,,1
reci170NmUmzXtOw3,14907,Valeo Des Aulnes,Valeo Des Aulnes,,,1
reci37ggCOP56Iue7,14907,Greymeadows Pinot Noir,Greymeadows Pinot Noir,,,1
reci7vpKDSO4HLzfO,14907,Dominus Z,Dominus Z,,,1
reciBP5IPTFNbjykc,14907,Rimini Du Printemps,Rimini,Rimini,,1
reciD8BARTY6HjGWi,14907,KS Kiwi,KS Kiwi,,,1
reciDl1LwDLLI8xUE,14907,Kalipso,Kalipso,,,1
reciEQm0pcA5QOO2R,14907,Sensation Of The North,Sensation Of The North,,,1
reciEeSgJNDYwsk9v,14907,Gof Casamigos,Gof Casamigos,,,1
reciHXKYhbSfc4YRu,14907,Verdini D'houtveld Z,Verdini D'houtveld Z,,,1
reciI926KiVz5gnZS,14907,O-Toulon K,O-Toulon K,,,1
reciSVHSq448vSyrP,14907,Olimpink Melloni,Olimpink Melloni,,,1
reciawxdq7bpwFnfP,14907,Nastelina Van De Witte Driesendijk,Nastelina Van De Witte Driesendijk,,,1
reciepx4wxOC09KnY,14907,Crimson Tide,Crimson Tide,,,1
recioCKp5HurRkzvh,14907,Lady Glitter Sparkles,Lady Glitter Sparkles,,,1
recirHuE46MLWzQc5,14907,Dublin,Dublin,,,1
recitOnBOrhTNMjQI,14907,Vamos,Vamos,,,1
reciui6ReMWydzeSF,14907,Pmf Inventiv,Pmf Inventiv,,,1
recizkDiAx9XHbQsW,14907,Harmony De Muze,Harmony De Muze,,,1
recj1gvrUNRxVuaWC,14907,Born To Be Wild,Born To Be Wild,,,1
recj5YhfSj7gDmn8l,14907,Miss Cranny Sarco,Miss Cranny Sarco,,,1
recj66LMLWzXwAZwU,14907,Calou Us,Calou,Calou,,1
recjDejLtkc1RGo3W,14907,Canonboy Keraudry Z,Canonboy Keraudry Z,,,1
recjDiaacloQEn7xH,14907,A La Quattro S,A La Quattro S,,,1
recjE2Ei5cPmJgQdl,14907,Oscars Afterparty,Oscars Afterparty,,,1
recjEn1VUe6rmsJ6l,14907,Gold Du Rouet,Gold Du Rouet,,,1
recjEvH2m9ExFKVtu,14907,Nijerite,Nijerite,,,1
recjFOM7ncwsETAOi,14907,Splendid,Splendid,,,1
recjGrn0NQ8IWILKN,14907,Casino Royale,Casino Royale,,,1
recjOC8ClGfnCP7AL,14907,GEORGINA,GEORGINA,,,1
recjR2N3SPxNow8pS,14907,Diabalou Ps,Diabalou Ps,,,1
recjXGoSpmndP1mil,14907,Endeavor In His Name,Endeavor In His Name,,,1
recjZSTlQIM8twWC7,14907,Hfo Balou D'amour,Hfo Balou D'amour,,,1
recjbIYwzhUnnaeHt,14907,Classical Touch,Classical Touch,,,1
recjdMClb9vZnjzZ5,14907,Spice Girl,Spice Girl,,,1
recjgo7hE3earZlS7,14907,Kamilla,Kamilla,,,1
recjifjHem7ahuGkr,14907,Inka Malpic,Inka Malpic,,,1
recjiqR65uJS9vQeJ,14907,Verdi,Verdi,,,1
recjitrbF6SGS36R7,14907,Won To Love,Won To Love,,,1
recjoyTU6vFi9Vio0,14907,Copernicus Z,Copernicus Z,,,1
recjs9EM2uPYaUcmj,14907,Dionte Van’t Merelsnest Z,Dionte Van’t Merelsnest Z,,,1
recjskR0eEwN6Dk1x,14907,Mtm Myrbalia O,Mtm Myrbalia O,,,1
recjwkvLE2ZbqHGk6,14907,Del’arkan,Del’arkan,,,1
recjwykrLZTULfE44,14907,Daham,Daham,,,1
recjy8Rsai0b6rh1D,14907,Ten Pin Ally,Ten Pin Ally,,,1
recjykw949MhxYIBp,14907,Cinderella's Boyfriend,Cinderella's Boyfriend,,,1
reck168DhM2xEDlCA,14907,Cfh Ricardo Two You,Cfh Ricardo Two You,,,1
reckANjuzr2lIgoX7,14907,Chaning Tatum,Chaning Tatum,,,1
reckSqNZefX2hmsOE,14907,Norton Vdl,Norton Vdl,,,1
reckTUVVY8E0JiyBv,14907,Constantin De Hus,Constantin De Hus,,,1
reckUXRnpkkQZOFiB,14907,Cismet 4,Cismet 4,,,1
reckWGGEV4nSEm25W,14907,NAVIGATOR,Navy,Navy,,1
reckbVyJBhGk7mx4E,14907,Ralvero Vdl,Ralvero Vdl,,,1
reckf5vereqxMaJMI,14907,Newcomer Z,Newcomer Z,,,1
reckjQTTuinVgI02H,14907,Diatoon Blue Ps,Diatoon Blue Ps,,,1
reckjV13gigbihqLO,14907,Kascaya Z,Kascaya Z,,,1
reckjvGSFP4t4Cwq4,14907,Ck's Superman,Ck's Superman,,,1
reckkGnx82VPHVYaX,14907,Lissino,Lissino,,,1
recl2NImXOkzcPnd3,14907,Callisto,Callisto,,,1
reclCmPq9aWmKIMD8,14907,Zara Www,Zara Www,,,1
reclEAKZ4QzaQgulE,14907,Unbreakable Z,Unbreakable Z,,,1
reclEAQfewD0vwoWG,14907,Out Of The Blue,Out Of The Blue,,,1
reclItPl83WpTBG0B,14907,Orchard Hills Best Dressed,Orchard Hills Best Dressed,,,1
reclP1RPVHw9ZOOvC,14907,Vhf Vegas,Vhf Vegas,,,1
reclV7zcsVC6LyF4i,14907,Virella,Virella,,,1
reclZjisJ7k5Vw6w6,14907,Mtm Cascadela,Mtm Cascadela,,,1
reclblfFPGZ6203Xi,14907,Lupina Colada,Lupina Colada,,,1
reclcCXIKxjqvHhQG,14907,Orchidee Vd Bisschop,Orchidee Vd Bisschop,,,1
reclfJi9i9xlltKo7,14907,Forseti,Forseti,,,1
reclqu43uXHbMrx2f,14907,Celine Db Z,Celine Db Z,,,1
recls6r9Pzr1y9Hiy,14907,Bss Prince Charming,Bss Prince Charming,,,1
reclw3uibI8WoGQFn,14907,Calais,Calais,,,1
reclxV5tOMKvXUoeT,14907,Luau Cove Csf,Luau Cove Csf,,,1
reclysmJt9Jf6DU7r,14907,Sanella 6,Sanella 6,,,1
recm7DogiyLZ4sE7G,14907,Chico Bella Z,Chico Bella Z,,,1
recmAyvq0naXRkh8r,14907,Billy Snowdonia,Billy Snowdonia,,,1
recmByhMYQnxjwoVz,14907,Carli De Sabette,Carli De Sabette,,,1
recmCVxgUCTwD9Znb,14907,Quintana Viii,Quintana Viii,,,1
recmEo4sesOjwthKX,14907,Tyamo,Tyamo,,,1
recmEzthPtDrDagrd,14907,Frieda,Frieda,,,1
recmHq7QdkA4XFks5,14907,Casuall,Casuall,,,1
recmHyS9XFXdqSOfQ,14907,Mtm Clarcona,Mtm Clarcona,,,1
recme05G47qNmBPHN,14907,Conto Blanco 4,Conto Blanco 4,,,1
recmf6z2silxZhrcG,14907,Olli Van De Zuuthoeve,Olli Van De Zuuthoeve,,,1
recmjSQYwCEQUThfj,14907,Hector Du Gue,Hector Du Gue,,,1
recmjXLoV7VZKpqoy,14907,Volcano Bbf,Volcano Bbf,,,1
recmkdZlIpgn2WpHl,14907,Goodgraf,Goodgraf,,,1
recmnXLEJTpYDltWO,14907,Rr Monster,Rr Monster,,,1
recmnv8k5XqrqvKba,14907,Clearville,Clearville,,,1
recmvMfOCA74e8HNY,14907,Zamba,Zamba,,,1
recmvtgGUKhHjJxWQ,14907,Loudon,Loudon,,,1
recmym5IiKEcJCwNe,14907,Magical Powers,Magical Powers,,,1
recn8gYamWYp8ozlT,14907,The Getaway Car,The Getaway Car,,,1
recn9DHhf2ZgrfQgn,14907,Ameko Chaccord,Ameko Chaccord,,,1
recnFYzfVfD7OLV4O,14907,Gladstone,Gladstone,,,1
recnGB7QjIqhvsjpm,14907,Rocketman,Rocketman,,,1
recnJ0yX8uvWRaYPo,14907,Aperture Vf,Aperture Vf,,,1
recnOAwFVoDeQUamZ,14907,Harthill Magician,Harthill Magician,,,1
recnQ5XOUOoXDWCda,14907,Specialist,Tommy,Tommy,,1
recnQCHBCJ0H6rae3,14907,Dragonfly,Dragonfly,,,1
recnRsU088RRiKCoY,14907,Bp First Of Many,Bp First Of Many,,,1
recnYaxBg2yWHsGAP,14907,Rianthe Van 'T Merelsnest,Rianthe Van 'T Merelsnest,,,1
recnhOVcyG0NA6V4G,14907,Denison Park Combat,Denison Park Combat,,,1
recniMggMH1HmsENM,14907,Don D'alme C Z,Don D'alme C Z,,,1
recnivt53KWT7p0Ot,14907,Secret,Secret,,,1
recnwz2FRRohIztxK,14907,Sunday Rose,Sunday Rose,,,1
recnxF20aOrGakXwz,14907,Rover,Rover,,,1
recnyy0NO8f4ypyat,14907,Comedian Of Picobello Z,Comedian Of Picobello Z,,,1
reco6BRjrhRfYu7XT,14907,Business Concept Z,Business Concept Z,,,1
recoAziURff9yumKS,14907,Parade,Parade,,,1
recoEy9hoaDtJjoNI,14907,Genuine,Genuine,,,1
recoHea1TIdEOozjS,14907,Clever,Clever,,,1
recoIfeCdEj0JuYKM,14907,Nibolensky,Nibolensky,,,1
recoJJN0uvoxenvVi,14907,Carrizal,Carrizal,,,1
recoS14KkrnhCVPtY,14907,Mr Dw,Mr Dw,,,1
recoSeBCWODotdNL5,14907,High Renaissance,High Renaissance,,,1
recoaO3hnp73CfVsU,14907,Etonemoi Del Cabalero,Toni,Toni,auto_created_missing_active_trainer_horse,1
recochZJJAeI8sJWl,14907,Kara J D'alve Z,Kara J D'alve Z,,,1
recod3qQD5KoBkjTK,14907,Uphoria Di June,Uphoria Di June,,,1
recoePvez1dUpMQU8,14907,Lyjanair,Lyjanair,,,1
recofiVV7xeLAUHgS,14907,Champ,Champ,,,1
recogpaNTwnvXhHhd,14907,Elvis Blue Hallelujah,Elvis Blue Hallelujah,,,1
recom6eZn2mde86xe,14907,Night Light,Night Light,,,1
recooivIxvDUGq9un,14907,Clear Advantage,Clear Advantage,,,1
recp0oZhraItqrQzg,14907,Fletcher W,Fletcher W,,,1
recpC9hSd2JGmKMSF,14907,Benlea Magic Dragon,Benlea Magic Dragon,,,1
recpEbQzKb7dtqXA1,14907,Ewsz Omega,Ewsz Omega,,,1
recpGbXyxVCLub6qY,14907,Spin Art,Spin Art,,,1
recpHGtjY8NAqovDV,14907,Samba Do Brasil,Samba Do Brasil,,,1
recpJzyZSVuBaeQob,14907,Caballa Ps,Caballa Ps,,,1
recpS7olJ6AomYXNk,14907,Diamant's Invincible Na,Diamant's Invincible Na,,,1
recpYT7ZhP7sVY8yE,14907,Vdl Escape Z,Vdl Escape Z,,,1
recpaaXDYDSgW6K5R,14907,Color Coded,Color Coded,,,1
recpdVBUOXM5ptGGY,14907,Lufrieda Vdl,Lufrieda Vdl,,,1
recpebMoudJDC60fQ,14907,Flint T.s. Et,Flint T.s. Et,,,1
recphHLM9HP8cczaO,14907,Kindly,Bee,Bee,,1
recphUf4GvG1kGKuU,14907,Chef Special,Chef Special,,,1
recpjmVkhaMa5uNgi,14907,La Luciole,La Luciole,,,1
recpufs1guD9CqDb5,14907,Artic Jt Z,Artic Jt Z,,,1
recpwBbv1DK6OHP6I,14907,Curioso Van Maarle Z,Curioso Van Maarle Z,,,1
recq2HxFToW1xmwCN,14907,Fabian,Fabian,,,1
recq3BKm9HA4MWzjy,14907,Talk To Me Goose,Talk To Me Goose,,,1
recq3SaHggwHJZ6TY,14907,Chillas Z,Chillas Z,,,1
recq3iv8YlgD5p7ZS,14907,So Dashing,So Dashing,,,1
recq4yel90gUTUD2H,14907,Top Gun Z,Top Gun Z,,,1
recq5UnOR7mLoxI6I,14907,Com'on Kylie M,Com'on Kylie M,,,1
recq7zGeSM734iPDV,14907,Redbull 33 Vdh,Redbull 33 Vdh,,,1
recq8vnN5j0kLEtlM,14907,Excel Star Herald,Excel Star Herald,,,1
recqDNugtAgCap3cd,14907,Diamant Joe,Diamant Joe,,,1
recqF2W534jS1xg10,14907,Espoir De Bethune,Espoir De Bethune,,,1
recqMoyYpK3eExijU,14907,Kicks And Giggles W.e.c.,Kicks And Giggles W.e.c.,,,1
recqOpAZreu0dm9iA,14907,Kristoff O.a.,Kristoff O.a.,,,1
recqWCoF0qPZMo7Cq,14907,Uncle John’s Band,Uncle John’s Band,,,1
recqYnDZ1ONuBv3OS,14907,Jim,Jim,,,1
recqbHFrX0MGeuH0r,14907,Falling Moon Front Page,Falling Moon Front Page,,,1
recqbcN7di8FZoXQb,14907,Bonnie M Z,Bonnie M Z,,,1
recqc6bgOPMKQ7Oub,14907,Nova Rain,Nova Rain,,,1
recqcYXMX1DI8cqj1,14907,Cachaca Pitu Lhf,Cachaca Pitu Lhf,,,1
recqd51to40fpLity,14907,Daizi De Beaufour,Daizi De Beaufour,,,1
recqjQpR8NboXB0Yl,14907,Ozone Vdl,Ozone Vdl,,,1
recqlOr6InLW8OcZ6,14907,Nitemoves,Nitemoves,,,1
recqo0l1TcOw7WkjU,14907,Ivanhoe,Ivanhoe,,,1
recqoCHpOouHIL3L0,14907,Calibur W,Calibur W,,,1
recqr8YGyalIpRStG,14907,King Z,King,King,,1
recqt3jIIsz9QHFaX,14907,Insider Bh,Insider,Insider,,1
recqyb3QQVYkFi3MZ,14907,Mazatlan Ps,Mazatlan Ps,,,1
recr27W5RANfUWlAm,14907,Clyde Va,Clyde Va,,,1
recr8YUWKb9KlTsWH,14907,Yalambi’s Jingle Bell,Yalambi’s Jingle Bell,,,1
recrLnFNUvl173919,14907,Puccini Van Orti,Puccini Van Orti,,,1
recrMq9Lypfzx04aw,14907,James Bond,James Bond,,,1
recreUf0EnmZ0w8XW,14907,Simply Bliss,Simply Bliss,,,1
recrg7jvbqnlTihd2,14907,Simpatico,Simpatico,,,1
recrs4HOJolFSwLSo,14907,Hermes D'armanville,Hermes,Hermes,,1
recrvn328Tmv7HfxZ,14907,Big Castle,Big Castle,,,1
recrwSZSMRb44S5uQ,14907,Renkum Corsair,Renkum Corsair,,,1
recs3K0F4W1MSdq2m,14907,Tough Enough,Tough Enough,,,1
recs9DSv3Tk1IG7fM,14907,Vaillant Fz Rwb,Vaillant Fz Rwb,,,1
recsAV7EC1XCcjVLn,14907,Sophistakkato,Sophistakkato,,,1
recsB7WBTOhoiZ7Fm,14907,Chris B,Chris B,,,1
recsBwPifRjX57n89,14907,Crusader,Crusader,,,1
recsJ5fy4cS6erdA0,14907,Carolina Bay,Carolina Bay,,,1
recsKkiNg0lfLi4MY,14907,Castlefield Dream,Castlefield Dream,,,1
recsLq3QJpe0I91E1,14907,Vdl Masque-Unea,Vdl Masque-Unea,,,1
recsMbuOUWCeE4DCV,14907,Citizen Blue,Citizen Blue,,,1
recsNgxhTd41Ps8ZF,14907,Cameron 38,Cameron 38,,,1
recsQ2DEH1KUaCMDJ,14907,Raja J,Raja J,,,1
recsYiWOvwCWUePvo,14907,Thor Jr,Thor Jr,,,1
recsZIUJzbGKVDdp3,14907,Quality Star Z,Quality Star Z,,,1
recsZhLDABzLyVMKg,14907,Chatadel Ps,Chatadel Ps,,,1
recscHPErwaxpSmXZ,14907,Outlaw,Outlaw,,,1
recsfWRQp1NAMI84S,14907,Khan Of Ballmore,Khan Of Ballmore,,,1
recsiWMC8ERjkzsor,14907,Just A Gentleman,Just A Gentleman,,,1
recsjrUyPEAthWrtc,14907,Pavarotti Van De Schutskooi,Pavarotti Van De Schutskooi,,,1
recspXJh5ZmHvnhFj,14907,Montecristo,Montecristo,,,1
recsvVtTz77nUkYlf,14907,Martini Maker,Martini Maker,,,1
recsxehx14guGuKey,14907,W.e.c. High Dollar Lad,W.e.c. High Dollar Lad,,,1
rect0uldbYtw7E0RS,14907,Ironclad's Fairmont,Ironclad's Fairmont,,,1
rect5JgaBN9a7OqIH,14907,Callisto De Fetan Z,Callisto De Fetan Z,,,1
rect83LY8rhaPLnTE,14907,Nova,Nova,,,1
rect9cXUJgK0Ixi8C,14907,Emyr De Launay,Emyr De Launay,,,1
rectB9IQVZ59gCD5j,14907,Karlotta Cl,Karlotta Cl,,,1
rectCkxFM4x840mhI,14907,Frozie,Frozie,,,1
rectGKMVKkrswklor,14907,Fellini,Fellini,,,1
rectHBnH1Nu3Ww60X,14907,Excel Star Fair Play,Excel Star Fair Play,,,1
rectI5xjpyudvz1GX,14907,Momentum,Momentum,,,1
rectI6Ru9zyzGnrBA,14907,Harbor Boy,Harbor Boy,,,1
rectJ4Kl2U9bg4i6N,14907,Oakland,Oakland,,,1
rectJHLGfkz83GWKx,14907,Hop Mouche,Hop Mouche,,,1
rectKjJi3vbaPv5i1,14907,Solaguayre Chaquensi,Solaguayre Chaquensi,,,1
rectQgrzp3TJHRPnl,14907,Greigiau Spring Johnson,Greigiau Spring Johnson,,,1
rectRnnwj6xwJANwa,14907,Ally Z,Ally Z,,,1
rectXKZJ2uS9ebTXx,14907,Nashua,Nashua,,,1
rectXMsn4mDd9e0d5,14907,Carson Too,Carson Too,,,1
rectcXl4IsH5z4yo7,14907,Over Ruled,Over Ruled,,,1
recteSUNrBahQGXUw,14907,Cherrybrook Valentino,Cherrybrook Valentino,,,1
rectiy9k81CaMREHj,14907,Diablue Sh Z,Diablue Sh Z,,,1
rectjYH9Ah682Eh61,14907,Peyton Cm Kapade,Peyton Cm Kapade,,,1
rectmJGqLMNFrXHew,14907,Princeton Mk,Princeton Mk,,,1
rectmq4bwfuLMyYAs,14907,CAYMUS,Caymus,Caymus,,1
rectnWr9scFwpHkvJ,14907,Levitate Fw Z,Levitate Fw Z,,,1
rectvnMKMZPUabxbK,14907,Ea De Casavieja,Ea De Casavieja,,,1
rectw3YThFpuojpG9,14907,FENTO DES FONTAINES,Fento,Fento,,1
rectwJW7XizJzICCx,14907,Lady Castle,Lady Castle,,,1
rectzY46Vtbkcr12D,14907,Piazza Di Siena,Piazza Di Siena,,,1
rectztXZHmffjRRIU,14907,Jalanne,Jalanne,,,1
recuAM948OicLWxLT,14907,Forte,Macho,Macho,,1
recuANGzKQsiYIjUk,14907,Calimero Z,Calimero Z,,,1
recuCPJ2Zgcp5QVZK,14907,Vintage,Vintage,,,1
recuGRN6MHnNAfPkm,14907,Kateri,Kateri,,,1
recuIFrsrZvUsdCLE,14907,Whata Heart Throb,Whata Heart Throb,,,1
recuMLwBWLETsRHXU,14907,Lagoya Du Trefle,Lagoya Du Trefle,,,1
recubqQL0uQIwSTxp,14907,D'Or E'cureuil,D'Or E'cureuil,,,1
recufRVkrsknR48az,14907,Indiscreet,Indiscreet,,,1
recufdHnl1gkwQwOi,14907,Billy Suffragette,Billy Suffragette,,,1
recumKdAjpMtCp9Q8,14907,Kan So,Kan So,,,1
recunMWGQTI2VToxq,14907,Squid,Squid,,,1
recunj24PlGBaPYhL,14907,Curtis 89,Curtis,Curtis,,1
recusXD270CSY7aC5,14907,DRAG BREAK,DRAG BREAK,,,1
recuzitVFFi8AmZ40,14907,Gradje O,Gradje O,,,1
recv8f1K44vlGb0o4,14907,Nimbus Rfb,Nimbus Rfb,,,1
recvCGTMcpB6GIFQn,14907,Winterfells Castle Black,Winterfells Castle Black,,,1
recvCoKhuuJgXRxT5,14907,Argento 2,Argento 2,,,1
recvDtleM8vfk6OC1,14907,Chrystal Blue,Chrystal Blue,,,1
recvLuCl2DAoUGBYI,14907,Seattle,Seattle,,,1
recvQP0Vs9OogYlkv,14907,Qastaar Van't Heike,Q,Q,,1
recvSVmahnRVd2Vih,14907,Spy,Spy,,,1
recvT1vMYk93QCR9y,14907,Macallan,Macallan,,,1
recvUoq0yPK0NiND5,14907,Arezzo Z,Arezzo Z,,,1
recvW31C8jXpfrVDL,14907,KRYPTON DV,KRYPTON DV,,,1
recvWEI2zkid6QpyC,14907,Channing,Channing,,,1
recvXBygQGBOargml,14907,Bravada,Bravada,,,1
recvYZlQqAZpnWNKo,14907,Balisto,Balisto,,,1
recvaFmeyxN8zUwyx,14907,Million's Crack Ki,Million's Crack Ki,,,1
recvaejywpL5so5AB,14907,Kurano Sp Z,Kurano Sp Z,,,1
recvb5lkfvnh4qeZv,14907,Ziggy Stardust,Ziggy Stardust,,,1
recvc1quYVdy4FRr4,14907,Superman Eh,Superman Eh,,,1
recvuddhUtF9cqixv,14907,First Lady Van De Kranenburg,First Lady Van De Kranenburg,,,1
recvvgvQ5dYB54Hir,14907,Conthargos Gold,Conthargos Gold,,,1
recvzeEenKar1B9iY,14907,Larcelo,Larcelo,,,1
recw36gcBqoExUts8,14907,Frf Athena,Frf Athena,,,1
recw3ZOiSLcHgxMgs,14907,Lost Boy,Lost Boy,,,1
recw7brYEKACfwnCH,14907,Castello Z,Castello Z,,,1
recwBrV6oveu4Br6E,14907,Cascais Hc,Cascais Hc,,,1
recwPbturey15NTfV,14907,Carlo 546,Carlo 546,,,1
recwbK8BKyykjODJ7,14907,Olaf,Olaf,,,1
recwbmw731cwKB5Mb,14907,Tenor Van't Klavertje Vier,Shrek,Shrek,,1
recwctlw2A47WeG8P,14907,Fanfan Boy,Fan,Fan,,1
recwfJbVkdkVWNO0q,14907,Quicksilver Hercules,Quicksilver Hercules,,,1
recwhaKxdJNMbLzwt,14907,KS Emperor,KS Emperor,,,1
recwhyo1jEAFwr2JO,14907,Malmo 54,Malmo 54,,,1
recwjpsn0lj3yhWoQ,14907,Pie In The Sky,Pie In The Sky,,,1
recwnV4YzCQeFpteN,14907,Izitop Aaa,Izitop Aaa,,,1
recwxnbZ53dpZdeAP,14907,Living The Dream,Living The Dream,,,1
recwyDBYG3PDDvYQA,14907,Belle Esprit,Belle Esprit,,,1
recwyLEjorQH3PAo5,14907,Catoki's Fly Girl,Catoki's Fly Girl,,,1
recx1SpmB3BbDQmjh,14907,Billy Mc Dermit,Billy Mc Dermit,,,1
recx8un2Tv1l1f02C,14907,Pays Bas V,Pays Bas V,,,1
recxDclpkHEVEN1k4,14907,Madette S,Madette S,,,1
recxEtnlYuDZ9DkTm,14907,Virgules Balou Van 'T Neerhof,Virgules Balou Van 'T Neerhof,,,1
recxFnv0MGp93JTAo,14907,Quinta Van De Helle Z,Quinta Van De Helle Z,,,1
recxGALw1YEWdE4UY,14907,Hellcat,Hellcat,,,1
recxIlsrbOjPhhb8a,14907,Dominator Touch Z,Dominator Touch Z,,,1
recxJXSGHfKPaxAe7,14907,Clementine,Clementine,,,1
recxJb6VhttLUK5V9,14907,Cornetta Lazar,Cornetta Lazar,,,1
recxVsVDTZtCpRdnr,14907,Comme Ci Comme Ca,Comme Ci Comme Ca,,,1
recxYp7jpolOw17jw,14907,Best Kept Secret,Best Kept Secret,,,1
recxd404BsvEXl1mE,14907,Apollonios,Apollonios,,,1
recxlzq3barOz46px,14907,Milburn Monti Casino,Milburn Monti Casino,,,1
recxnIYbYxrikzrhd,14907,Napoleon,Napoleon,,,1
recxrIuScJmdsHpEp,14907,Calid 3,Calid 3,,,1
recy0wCuJO1oDY3l0,14907,Wineham,Wineham,,,1
recy5hDHL2y6FpWWh,14907,Confidentially,Confidentially,,,1
recy69guaLLe1O9mL,14907,Pi-Air,Pi-Air,,,1
recy8VGxB6nnff0YY,14907,Rondalla Ls,Rondalla Ls,,,1
recyASRhw8q4tEAtw,14907,Comeback Queen,Comeback Queen,,,1
recyC7ydh4ywKEoD5,14907,Keira Usa,Keira Usa,,,1
recyFq3H9xvKYOEmr,14907,FAN FAN BOY,Fan,Fan,,1
recyU1972ri6tQv5D,14907,Sunset's Pirouette,Sunset's Pirouette,,,1
recybeuQqxLpdwgyc,14907,Ballyheerin Belle Jorado,Ballyheerin Belle Jorado,,,1
recydrjm8EMegldSp,14907,Mary J,Mary J,,,1
recyq1Gg56Suwi23T,14907,Marty Mcfly,Marty Mcfly,,,1
recyxoa8uskuwnUUA,14907,Kind Of Magic Stm,Kind Of Magic Stm,,,1
recz1jsHwJWXrUgPH,14907,I'M Du Vinia,I'M Du Vinia,,,1
recz4RiSOxALkokRS,14907,Center Stage,Center Stage,,,1
recz6zQwDRKkudHmo,14907,Green Book,Green Book,,,1
recz8ZZNm1odTS2R2,14907,Epik,Epik,,,1
recz8hrVI6FArE7iO,14907,Chess,Chess,,,1
reczBEt2gEuEl5L3m,14907,Down To A T,Down To A T,,,1
reczBKqmMXql0CLrb,14907,Mtm Tabitha,Mtm Tabitha,,,1
reczCi2jQ4o9sXJkG,14907,Rhubarb And Custard Os,Rhubarb And Custard Os,,,1
reczFaiEy9Uvkjecl,14907,Bangkok,Bangkok,,,1
reczGNyixcrHeEGRz,14907,Remix De Ganad,Remix De Ganad,,,1
reczGhUK7dw3yyyAT,14907,Bakham Du Very Z,Bakham Du Very Z,,,1
reczIdfmLplrXpAaG,14907,Jolita,Jolita,,,1
reczMCXVX6itjFoKW,14907,Orisco,Orisco,,,1
reczPLJAzsLXLKSjW,14907,Fc Sensational,Fc Sensational,,,1
reczWdmIcfyHmfZR9,14907,Mr. Ed,Mr. Ed,,,1
reczZkZRSnTcHpeqf,14907,Quiz,Quiz,,,1
reczfZP6RVJ109fPM,14907,Going For Broke,Going For Broke,,,1
reczhHu0Z7mkdGUE6,14907,6-7,6-7,,,1
reczlO7zt5p3c8Oln,14907,Maestro B,Maestro B,,,1
reczmfcr4bD0aJjdS,14907,Vasco 109,Vasco 109,,,1
reczn10oPCI0Ko8ix,14907,Leroy Brown,Leroy Brown,,,1
recznBPlUOh3ieweT,14907,Hallmark Hpf,Hallmark Hpf,,,1
recznac4jn7lvQvlR,14907,Under The Sea,Under The Sea,,,1
reczxmLcbbOMopigx,14907,Os Quincy,Os Quincy,,,1
