record_id,show_no,rider,rider_display,tag,active
rec05p5hQBPfpTp9d,14907,Angela Gais,Angela,,1
rec07LS8TvgJcQ6tb,14907,Khloe Kerins,Khloe,,1
rec0FUCzNUyfQf4RT,14907,Sydney Shelby,Sydney,,1
rec0G59EnQRnDao5X,14907,Stella Kraemer,Stella,,1
rec0TKCGVZiPGwRC9,14907,David Miller,David,,1
rec0YrrKHcxLsnQPN,14907,Azhara Chin,Azhara,,1
rec0fQwv2Q9zJck2B,14907,Angela R. Calkins,Angela,,1
rec0kl9lhDCTw4bxG,14907,Liliana Nora Menesi,Liliana,,1
rec0lADouwqghMAAd,14907,Sabine Clark,Sabine,,1
rec0lXJIFvHi7Oj5p,14907,Wilton J. Porter,Wilton,,1
rec0otuCDdzkSG3ar,14907,Mary Jo Engstrom,Mary,,1
rec0wQobR70eQk97e,14907,Antonio J. Martinez,Antonio,,1
rec0x9rLbWUGqvGPz,14907,Zendaya Horner Brown,Zendaya,,1
rec0y8f9IiGiQ5gl4,14907,Lauren Flesher,Lauren,,1
rec12lzOQKtI0Qkv5,14907,Sierra Montgomery,Sierra,,1
rec19k29zjaRFLbaR,14907,Wendy B. Rice,Wendy,,1
rec1AU4meQ1ffufH5,14907,Liza Guettler,Liza,,1
rec1FJm9aRkMpJgMG,14907,Samantha Corda-Mcgreevy,Samantha,,1
rec1Mofs0ZZD7KgnX,14907,Jose Montenegro,Jose,,1
rec1N6F0tZ2Z6a0dQ,14907,Lola Applebaum,Lola,,1
rec1SXsCfn8ggGYct,14907,Diego Gaspar De Goes,Diego,,1
rec1mLXyML08iCPpy,14907,Anne C. Hormel,Anne,,1
rec1rRr9PfJ44u4mU,14907,Marli Scott,Marli,,1
rec1s3YEvz6wRp9fD,14907,Daina Greene,Daina,,1
rec1xNTEGa3rUIdFf,14907,Stella Gavin,Stella,,1
rec22CzM2EIb7egZV,14907,Paige Jones,Paige,,1
rec24xHDnlr7Kj1lY,14907,Katherine Nunez,Katherine,,1
rec26sQvra3iWNE6x,14907,Ashley Wallace,Ashley,,1
rec292OiOlkSoYFMx,14907,Farrah Whiddon,Farrah,,1
rec29Ue0IrWbswtu3,14907,Linden Nguyen,Linden,,1
rec2JzAL6u5FpzJlI,14907,Madison Rose,Madison,,1
rec2R7jOxeWvL99ey,14907,Avery Rush,Avery,,1
rec2VxNAPxqPlbevF,14907,Faith Allen,Faith,,1
rec2ZzSAukMmfPita,14907,Braeden Simons,Braeden,,1
rec2ddD10LiZx0odI,14907,Melissa A. Hirt,Melissa,,1
rec2dwRqXzc72yGn6,14907,Lainey Lovell,Lainey,,1
rec2fj8BKdynfDg3D,14907,Evelyn Byron,Evelyn,,1
rec2gmXjnMZbtz4xW,14907,Jodie Camberg,Jodie,,1
rec2hEDYAViWnSl7c,14907,Dana Narayanappa,Dana,,1
rec2jDKTGlikuVdSU,14907,Gabriel Zampieri,Gabriel,,1
rec2kTgEMh08Ob6b3,14907,Kendall King,Kendall,,1
rec2kwFzPKreJnevI,14907,Kylie J. Geddes,Kylie,,1
rec2wAS2YrbXNmcut,14907,Jenna Wentroth,Jenna,,1
rec2xuBuBfqg5ZicM,14907,Kimberly Blake Roth,Kimberly,,1
rec306qqGUUlLMqAD,14907,Brooke Borges,Brooke,,1
rec32BAUTXsxaWP4w,14907,Violetta Bergonzoli,Violetta,,1
rec32DqxNbjRYwPa0,14907,Brooklyn Castellano,Brooklyn,,1
rec3BxcQLNZKJwRBi,14907,Maya Denis,Maya,,1
rec3JI6oeMRwsEyEb,14907,Olivia Johnson,Olivia,,1
rec3KyPkvRMIFK5KU,14907,Carson L. Ruff,Carson,,1
rec3PaVo95svCEkcx,14907,Sara Lopez,Sara,,1
rec3VweD3zhl5o4DM,14907,Samantha Delany,Samantha,,1
rec3ZhfWzrr4zMAGX,14907,Zoie Davis,Zoie,,1
rec3gQl0aV9rigp2y,14907,Patrick R. Wilcher,Patrick,,1
rec3nADl9IqqdRXd1,14907,Angela Swanson,Angela,,1
rec3pY7apXwfTmgAy,14907,Jasmine Walsh,Jasmine,,1
rec3tPmVZKASH2PqQ,14907,Skylah Watkins,Skylah,,1
rec3xaSH4kvOzYXQ3,14907,J'Alynne Rivera,J'Alynne,,1
rec45xeSyRTpyJ2zV,14907,Brooke Eddy,Brooke,,1
rec49jKVAw5ScYA7G,14907,Lexi Ferder,Lexi,,1
rec4DsivRRwV7UXmX,14907,Stacy A. Ryback,Stacy,,1
rec4GU1L6Oa9rB3UW,14907,Laura Gaither,Laura,,1
rec4L2uVzDCpQ4NGk,14907,Luis Pedro Biraben,Luis,,1
rec4N04C8YBHcaL4O,14907,Sophia Sankowski,Sophia,,1
rec4NvqQzRLo07ZXw,14907,Xavier 5. Gomez,Xavier,,1
rec4PcNx1EROlGAmm,14907,Annika Quanbeck,Annika,,1
rec4QObpXAEMzGjYz,14907,Lyla Roberts,Lyla,,1
rec4TgJ6VN8jfdTXm,14907,Manuel G. Torres,Manuel,,1
rec4bGHnc6K7y1cJw,14907,Benjamin J. Meredith,Benjamin,,1
rec4buni1J59TYcNS,14907,Finley Morgan,Finley,,1
rec4cEjMecSZDXqFx,14907,Pranadha Sheela,Pranadha,,1
rec4dczTNgJ0tnKTw,14907,Colby Maynard Maddrix,Colby,,1
rec4i0yhWAXBUxDNL,14907,Mason Plaumann,Mason,,1
rec4lA1dG8qgtDZwW,14907,Annabelle Campbell,Annabelle,,1
rec4xmt1vJjON38j0,14907,Aaron Vale,Aaron,,1
rec4yo3C7hHrQlfdq,14907,Cooper Beisel,Cooper,,1
rec50cOyj9krr4nq5,14907,Timothy Maddrix,Timothy,,1
rec57kNAMePseOzKb,14907,Isabella Ruohomaki,Isabella,,1
rec5EhfTnbywcBHpc,14907,Kate Marisch,Kate,,1
rec5MlL9OQJ3jlSbG,14907,Heidi Paulsen,Heidi,,1
rec5PSI4vDRdbgcGL,14907,Sarah E. Turner,Sarah,,1
rec5RnC57daRX7Mi1,14907,Lia Screnci,Lia,,1
rec5ajwSmFOn8GV9H,14907,Megan O'Brien,Megan,,1
rec5eSBDWhpK0tlte,14907,Alyson Jones,Alyson,,1
rec5eeBOUY791C5bu,14907,Isaac Leffkowitz,Isaac,,1
rec5ifryJ1tg6JsgV,14907,Dominic Arnold,Dominic,,1
rec5kDHL5wHbYs33J,14907,Lincoln Russell,Lincoln,,1
rec5wVh7jpJmRorXu,14907,James Gentleman,James,,1
rec61N7IuP6cXdLkH,14907,Jared P. Petersen,Jared,,1
rec63Jm3i7dGwbNQG,14907,Ella de Hechavarria,Ella,,1
rec66M6JP65oUgxt7,14907,Katherina Sciuto,Katherina,,1
rec66VzhNh321sG4u,14907,Kimberly Ewing,Kimberly,,1
rec6706A0jhb96oOe,14907,Celso Ariani,Celso,,1
rec6DLuiZHDSdzLF9,14907,Serene Moumnine,Serene,,1
rec6O8cJ48p1djCBY,14907,Ana Cristina Rodriguez,Ana,,1
rec6PfdUq1V5Pn86W,14907,Rebecca A. Milliken,Rebecca,,1
rec6WJh8ugWLFk1a9,14907,Francesca Giarrusso,Francesca,,1
rec6aVGZIUskBZGZL,14907,Cindy Secret,Cindy,,1
rec6eqb0fBJcoRHZU,14907,Marcus Gruenthal,Marcus,,1
rec6qb1pnoFynbJWM,14907,Grace Harrison,Grace,,1
rec6wPiU3mn7pKqtV,14907,Maleah Lang Mcmahon,Maleah,,1
rec6woGEX9IGLSlUm,14907,Alexandra Goetze Bell,Alexandra,,1
rec6ysxUctaB5NfSJ,14907,Hailey Lay-Hak,Hailey,,1
rec7A4JPtP8rt44q1,14907,Esme Desautel,Esme,,1
rec7ELvs61kTO6o8h,14907,Bernadette Sobrino,Bernadette,,1
rec7JhqMK4DWc8LY5,14907,Addison Hall,Addison,,1
rec7QFk37tD1CriFs,14907,Jenny Walker,Jenny,,1
rec7QKqlsRrCcs4Rd,14907,Cynthia D Mesker,Cynthia,,1
rec7QsPrCjP5aaOd2,14907,Collyn Smitherman,Collyn,,1
rec7S7t2RbbauTtda,14907,Rebecca Warth,Rebecca,,1
rec7Ut45GWfXhOC1M,14907,Lucy Wexler,Lucy,,1
rec7XYSluLDsrEm1b,14907,Shannon Y. Clifford,Shannon,,1
rec7f7BAxJlquItEu,14907,Allison Wise,Allison,,1
rec7t3G7rY0SFDSwO,14907,Richard A. Spooner,Richard,,1
rec7wgjXCOF4uxl6i,14907,Marlow Rickun,Marlow,,1
rec7zPNAjOrAi3nVJ,14907,Maja Mossberg,Maja,,1
rec80MabN4TywgT9f,14907,Marissa Creviston,Marissa,,1
rec8ChXFoOgj2B53g,14907,Stefano Baruzzo,Stefano,,1
rec8CvnauqvLMVUf0,14907,Ellie Zimmerman,Ellie,,1
rec8GL7h1CWWbSviG,14907,Grace Phan,Grace,,1
rec8KP4FWbKeaxKB3,14907,Tom Monaghan,Tom,,1
rec8UUBoADypKtGHQ,14907,Stephen Dicarlo,Stephen,,1
rec8eowQRZXV3oVxo,14907,Jennifer Phethean,Jennifer,,1
rec8mAGBiGYk3HpkV,14907,Dolores Funes,Dolores,,1
rec8mL4WnVntpQaTA,14907,Izabella Zourdos,Izabella,,1
rec8pjhUK2dw0I7FB,14907,Lily Gloriod,Lily,,1
rec90AY2oQyQzzoUN,14907,Amelia Tredinnick,Amelia,,1
rec91JoLPmojny7Ah,14907,Miro Frey,Miro,,1
rec974lTBQb8pAelY,14907,Leah Lang-Gluscic,Leah,,1
rec9AOBY6djC53osc,14907,Jessica Collins,Jessica,,1
rec9ElUH8g5rla1mh,14907,Rachel Zaluski,Rachel,,1
rec9QNDx2IegGtFnl,14907,Elizabeth C. de Golian,Elizabeth,,1
rec9WGfroIzNJgxYO,14907,Jamie M. Stryker,Jamie,,1
rec9bdGQgGu9zWiEQ,14907,Captain Brian Cournane,Captain,,1
rec9bvr48FkMESsHg,14907,Kalli Core,Kalli,,1
rec9fIR10f73qL1si,14907,Kimberly S. Maloomian,Kimberly,,1
rec9hDnDABk2Jn63Z,14907,Athena Lekkas,Athena,,1
rec9sgXQpjPkE204z,14907,Matt Martin,Matt,,1
rec9wGvChkIEYr9ra,14907,Lilly Mack,Lilly,,1
rec9xdU3MJtpDiRxC,14907,Elli Yeager,Elli,,1
recAATtzYsIZzhjnb,14907,Samantha Mccleerey,Samantha,,1
recAAhXIBGzsVMAOV,14907,Lola Bacardi,Lola,,1
recAIlcnxeRCGBqqF,14907,Lillian Hardman,Lillian,,1
recAMgqGRAz57OiAs,14907,Grace Lyons,Grace,,1
recAOcQC7VSiD7LHH,14907,Lyla Payne,Lyla,,1
recAV58cJTpaxDTN6,14907,Elleana Bender,Elleana,,1
recAVN8QWh2A6nZOL,14907,Maddison Stephen,Maddison,,1
recAVWkAQVv9aBNJj,14907,Alejandra Ortiz Orozco,Alejandra,,1
recAe7S3iuE2LSdMM,14907,Mireya Godoy,Mireya,,1
recAfTlChemRxsLKj,14907,Leena Rivera,Leena,,1
recAgHM50DSJcxYoF,14907,Windsor Ryan,Windsor,,1
recAmZSREqpAqaQ5C,14907,David Cameron,David,,1
recAxawahZ8fxICUO,14907,Annie Ashton,Annie,,1
recAy1BXpYpPWq8FE,14907,Mona Bettant,Mona,,1
recB24KD5cfFLAQLQ,14907,Juan Vegas,Juan,,1
recB4QCufSOyEq6bx,14907,Jennifer Giovino,Jennifer,,1
recB5Plz99xL18UVe,14907,Traci Ribeiro,Traci,,1
recBNTGE25Iu0b3a6,14907,Victoria Free Knott,Victoria,,1
recBNoi4NI4sHMozS,14907,Julianne Lurie,Julianne,,1
recBT5NSSosYjYJEA,14907,Wendy J. Hechler,Wendy,,1
recBVfnQM8nNbbdxu,14907,Andrew C. Welles,Andrew,,1
recBW5fiD0x2A09pZ,14907,Kacey Conway,Kacey,,1
recBiXeZ9sjJZpkqE,14907,Kari Gilley,Kari,,1
recBjI827CmqKZ34c,14907,Chloe Mouton,Chloe,,1
recBsgA1wwnEqhLqK,14907,Lily Niebur,Lily,,1
recBvnLmlMg8sppYy,14907,Randi Callahan,Randi,,1
recC09AfMrEyrk5ms,14907,Juan A. Rodriguez Silva,Juan,,1
recC1iPVmbpbSBj7x,14907,Natalie Johnson Russell,Natalie,,1
recC3p9Pnylt1n6Wr,14907,Caroline Willard Briles,Caroline,,1
recC4avxEI7hGm32h,14907,Kelly Kiser,Kelly,,1
recCA5R1gLJVfkock,14907,Debbie L. Mccarthy-Connor,Debbie,,1
recCGQAHzRxj61j7x,14907,Samantha Fields,Samantha,,1
recCMlq6p9MboaRTk,14907,Emma Reimer,Emma,,1
recCSEBtoiH12jjkL,14907,Marlene Gonzalez,Marlene,,1
recCcq5PlsD69xriP,14907,Cassie Gil,Cassie,,1
recCnv14vIoaimxWs,14907,Ashlynn Meuchel,Ashlynn,,1
recCyC3z96ioVgKzW,14907,Mallory Vale,Mallory,,1
recCzkqiwznIfOd3g,14907,Katherine F. Dewar,Katherine,,1
recD4asSzMCiJoxEc,14907,Taylor Oakvik,Taylor,,1
recDLNYS4jejx7XWt,14907,Matthew Le Master,Matthew,,1
recDO1ZAzYfy82SNU,14907,Diego Bedoya,Diego,,1
recDgiEEaFBd36p3d,14907,Lainey Posa,Lainey,,1
recDpzt0NNWMYoccN,14907,Izabella Mcnerney,Izabella,,1
recDrzNxBBJxTR1nP,14907,Ellery Winkler,Ellery,,1
recDvQhcGTW6G54Jc,14907,Teresa Pompay,Teresa,,1
recDyFLYrfFkJWmIR,14907,Victoria Rotsaert,Victoria,,1
recE67bCSPJNSkL7j,14907,Jackson Callahan,Jackson,,1
recEJipuTn6MGygSi,14907,Catherine Souza,Catherine,,1
recEJlwUSbNSsfpy2,14907,Seanna Reser,Seanna,,1
recEQTb1rKMDCNj7U,14907,Bonnie Silver,Bonnie,,1
recER3fldSHgHdZie,14907,Kelly Prather,Kelly,,1
recEXA5KIi7zkcuMz,14907,Jessica Leto,Jessica,,1
recEbKJxQ8cADfblu,14907,Fabian Herrera,Fabian,,1
recEbcgaKc5Dpkk1Q,14907,Aria Waxman,Aria,,1
recEcvnOYgFTFKxaR,14907,Sherri R. Geddes,Sherri,,1
recEugMVGmdhgYxSU,14907,Joanne Clemente,Joanne,,1
recExGej0SLoxXNcX,14907,David Levendorf,David,,1
recF8g1NlVHtsHCCG,14907,Adeline Forrester,Adeline,,1
recF9YT0HjPEeG1TA,14907,Annastasia Valentine,Annastasia,,1
recFAEZkb410RquB4,14907,Sofia Clark,Sofia,,1
recFF5ezULmsdkBPt,14907,Leah Blomquist,Leah,,1
recFFcGmDfwcL61rx,14907,Sara Setian,Sara,,1
recFGOrpqErAQfkOW,14907,Caitlin Maloney,Caitlin,,1
recFJdeuDkXro5LmG,14907,Alberto Sarmiento,Alberto,,1
recFK6T5ZILUn6E1g,14907,Amy Nelson,Amy,,1
recFMGCfWZVJcHYe7,14907,Addison Evans,Addison,,1
recFNH3dlWOMcE4BU,14907,Ruby Lauria,Ruby,,1
recFZeUYjog2WhqRM,14907,Victoria Edwards,Victoria,,1
recFcDAkmM11SfTyQ,14907,Sophie Sacagiu,Sophie,,1
recFcXz3F6WXnFFiO,14907,Heidi White,Heidi,,1
recFm96WBLydmOKPb,14907,Staisha Connors,Staisha,,1
recFpywyjhA2PMReJ,14907,Megan Charms,Megan,,1
recG4gQUnXvzjTpbP,14907,Isabella Adams,Isabella,,1
recG8GBXDrqNT5sCX,14907,Lucia Rivas,Lucia,,1
recGRLrIrLGE485c5,14907,Iliana Palumbo,Iliana,,1
recGZEOj52levwJ5z,14907,Gianni Gabrielli,Gianni,,1
recGiSFKDWTwdJoPF,14907,Elizabeth D. Blaisdell,Elizabeth,,1
recGmNTAC24c74vst,14907,Andrea Clark,Andrea,,1
recGuw7QdyWQyTX6q,14907,Libby Woodworth,Libby,,1
recH6EVKjG6HBGt14,14907,Jingxuan Zhou,Jingxuan,,1
recH6p1VUgxnUtntJ,14907,Lucas Garcia,Lucas,,1
recH9akzVEVnBeaLr,14907,Charlotte H. Wiese,Charlotte,,1
recHIRQceipabxP3g,14907,Clementine Lidsky,Clementine,,1
recHQrH3ARzcwckou,14907,Chandler Robinson,Chandler,,1
recHX2ArcWkBK8opr,14907,Lacoste Davis,Lacoste,,1
recHeQeDK4Lzn635W,14907,Carsyn Korotkin,Carsyn,,1
recHemA85CjCUdo0t,14907,Jamie Ricciardi,Jamie,,1
recHewY5dcEfgwlof,14907,Gabriela Tirado,Gabriela,,1
recHgg15iR1gmE3se,14907,Ashley Romano,Ashley,,1
recHjmrQNcl4jAQmy,14907,Kevin C. Eufemia,Kevin,,1
recHjv9em55EZ8g2D,14907,Sadie Koresh,Sadie,,1
recHmTWBod6JZu0hF,14907,Riley Delbecq,Riley,,1
recHsSjq869gbpIbp,14907,Mia Smith,Mia,,1
recI0ALQRlCHCd046,14907,Emma J Lopez,Emma,,1
recI8AUfFyisPjYuQ,14907,Elisabeth Rotsaert,Elisabeth,,1
recIEWQXASuV2H7Yh,14907,Mike Holtkamp,Mike,,1
recIF0LG8oHnJvWAU,14907,Lesley Grant-Law,Lesley,,1
recILyVkpLmgOfH9F,14907,Audrey Price,Audrey,,1
recIdlNIImGCWKqrx,14907,Rowan Willis,Rowan,,1
recIfAJxdyRG9m1b3,14907,Pablo J. Barrios,Pablo,,1
recIiT6acuIgcj2Mm,14907,Taryn M. Adamy,Taryn,,1
recIksBgzHgeXEK4H,14907,Kamal Gabrie,Kamal,,1
recIkuCoDdkiwsGIJ,14907,Jai Smith Rezac,Jai,,1
recIpUgiZMUitm7VT,14907,Giavona Pirolo,Giavona,,1
recIvgr2ouqPr2MO5,14907,Sage Bain,Sage,,1
recIyU5MvYiv0F83D,14907,Ved Sarma Sarkar,Ved,,1
recJ5QtdFwwSvt6f5,14907,Alberto Michan,Alberto,,1
recJA1B7ysTElfU5j,14907,Lanie Nash,Lanie,,1
recJEi1nlMz6pLTm3,14907,Tinsley Robson,Tinsley,,1
recJi60YstBWSLuyc,14907,Alicia Taylor,Alicia,,1
recJk81dslzlz9SLS,14907,Kit Falzone,Kit,,1
recJmjHzdDwvZl5mz,14907,Lauren Balcomb,Lauren,,1
recJsWnYNSlIgIepG,14907,Julianna Irwin,Julianna,,1
recJtDOkatkQ755LX,14907,Anna Mead,Anna,,1
recJtLdnd1Pye7RNU,14907,Autumn Farr,Autumn,,1
recJuaov51EBccleb,14907,Fallon Badini,Fallon,,1
recK2pLt58HPpPYET,14907,Luis Sabino Goncalves,Luis,,1
recK4EsxpaJjX3LUB,14907,Grayson Moore,Grayson,,1
recK9lW7nTdieDMhe,14907,Kennedy Kluber,Kennedy,,1
recKMctgmVmyqxECd,14907,Tricia Sales,Tricia,,1
recKRoIduTxw8DsFS,14907,Addison Fulbright,Addison,,1
recKSFffAB38A7Qc7,14907,Andras Szieberth,Andras,,1
recKTcsZ4zpTvlcB3,14907,Maria Ospina,Maria,,1
recKUZuBFUuIJfYe1,14907,Holly K. Sims,Holly,,1
recKaccadK6FZieQl,14907,DRAG BREAK,DRAG,,1
recKcvl4bqHepAxuo,14907,Aidan Murphy,Aidan,,1
recKdlBZESMpynqTs,14907,Asuni Zamudio,Asuni,,1
recKe0fEOC2617vU1,14907,Daniela Pulgar,Daniela,,1
recKyS0g5eEgkhboQ,14907,Jake Evans,Jake,,1
recL4jSskbkJn8L05,14907,Jad Dana,Jad,,1
recL4pj1n339zhgHs,14907,Jennifer Strickland,Jennifer,,1
recL7ukkyjSp9ZHvs,14907,Ellham Memari,Ellham,,1
recLDDDVjl8UWm6VT,14907,Amanda Gardiner,Amanda,,1
recLEG9lIoQdlLyaD,14907,Erica Robson,Erica,,1
recLFMHh1Qpy7gpgf,14907,Hayley G. Waters Wear,Hayley,,1
recLNTfb8hDjb4veq,14907,Spencer Brittan,Spencer,,1
recLP6sOdNoKo8Xxd,14907,Madelyn Stillwell,Madelyn,,1
recLPd8U60MI5DjCy,14907,Zeynep Mira Ozyurt,Zeynep,,1
recLSkao4RJ9VeamB,14907,Robert Duffy-Levendorf,Robert,,1
recLfxbxgtscXLGFT,14907,Sabrina Lefebvre,Sabrina,,1
recLrKVLwt2RR3Tbg,14907,Bruno Diniz Das Neves,Bruno,,1
recLyTrE6tVxN0uIu,14907,Tracy Fenney,Tracy,,1
recLzzBYsHVDPuiDg,14907,Anna Weiss,Anna,,1
recM7ioOHefDmEAqq,14907,Heather Froehlich Cortell,Heather,,1
recM7mIEX7KrsLZpU,14907,Kayla Singh,Kayla,,1
recME2nnHHq3MGprb,14907,Skylyn Crisante,Skylyn,,1
recMPbYmzweoEuQZw,14907,Emily Plante,Emily,,1
recMU6VojE1ZcAXyd,14907,Sophia Oosthuizen,Sophia,,1
recMVQ94M8BVWywgu,14907,Mya Carrico,Mya,,1
recMaad2LIEbjro0b,14907,Mason Maclean,Mason,,1
recMifDCMUrKBbuO5,14907,Jane C. Ehrhart,Jane,,1
recMy5T1t0dArdrEM,14907,Kennedy Morrison,Kennedy,,1
recMzk8ShOgT6gTZr,14907,Carlota Goyeneche,Carlota,,1
recN6EWy3cICz9L58,14907,Cullen Drescher,Cullen,,1
recNBQyuhKbs4KSEm,14907,Suzanne Burns,Suzanne,,1
recNZdF2y3UymF3hZ,14907,Megan Wexler,Megan,,1
recNirM4RHUlZhnbx,14907,Alexandria Beneson,Alexandria,,1
recNl2xmTcpi4Qutb,14907,Amanda Majewski,Amanda,,1
recNlymSrDpNu9n0h,14907,Jenna P. Friedman-Lopez,Jenna,,1
recNn7KbaFwOOFbYW,14907,Jamie Reinheimer,Jamie,,1
recNqQR6DgevXhdjd,14907,Laikynn Mixon,Laikynn,,1
recNxwU3qLAqtCJos,14907,Lauren Schweppe,Lauren,,1
recNzSUHTpZtd7NWZ,14907,Casey M. Millis,Casey,,1
recOGT7wK06oAdsHU,14907,Janie Stevenson,Janie,,1
recONcc9Y1eFbsIqb,14907,Côme Bettant,Côme,,1
recOYADvDrfdlL1bZ,14907,Scarlett Hamaoui,Scarlett,,1
recOa9hAA7Il6GJF2,14907,Morgan Daly,Morgan,,1
recOh2Fao2Dj2qlPT,14907,Debra L. Ward,Debra,,1
recOkGkqEmmFznq4k,14907,Miranda Gabrielli,Miranda,,1
recP43wcoh66HhylY,14907,Adrianna Schneider,Adrianna,,1
recPB7WI5VyV8QMB2,14907,Katlynn Butler,Katlynn,,1
recPFYBgAHsC0RKNr,14907,H Douglas Schreiber,H,,1
recPFqrG7eCkbV1oV,14907,Camille Pacheco,Camille,,1
recPGJTiI6K3uYwx2,14907,Dominique Gonzalez,Dominique,,1
recPIeLFekmtztRSS,14907,Sharon S. Maloney,Sharon,,1
recPKZKemiflnx7tw,14907,Kimberly Tobias,Kimberly,,1
recPMAhk7mQkCWVJk,14907,Josh Dolan,Josh,,1
recPQoiV65KHQ45rz,14907,Christina Faninger,Christina,,1
recPQsoqkap3XkAa0,14907,Shiloh Roseboom,Shiloh,,1
recPXLEaURBERJ9rQ,14907,Lee D. Cesery,Lee,,1
recPXdNTrV4Jh4bzw,14907,Xavier Gomez,Xavier,,1
recPYRCEIs5ZuvAm6,14907,Emily Caudle,Emily,,1
recPdCUxo8dHxOsst,14907,Sienna Jones,Sienna,,1
recPeGkEKhaTp6cBV,14907,Sebastian Presa Tejada,Sebastian,,1
recPg8rVHALW0MdJX,14907,Andrea Correa,Andrea,,1
recPgxcjKp2mPObNu,14907,Sydney Matalon,Sydney,,1
recPhhmTvRfqCQMot,14907,Jenelle Branom,Jenelle,,1
recPnQqnbJEkMT3dY,14907,Robert Blanchette,Robert,,1
recPq12kGtlUnKNeW,14907,Maya Allhusen,Maya,,1
recPssTPHylHZbouQ,14907,Amanda Cabel,Amanda,,1
recPtl3r1mpHxJ3g7,14907,Ali Arbabi,Ali,,1
recPuKAnYtugBQcK9,14907,Kate Phillips,Kate,,1
recQ8qRBqfZBiXcsy,14907,Dakota Sheikh,Dakota,,1
recQQrPH3WjlKE04C,14907,Ella Clark,Ella,,1
recQVrVcnghBYOhLX,14907,Brinley Farr,Brinley,,1
recQXT3tHMHJl4tss,14907,Mckenzie Miller,Mckenzie,,1
recQYtoWytkrBT5u6,14907,Josephine Lurie,Josephine,,1
recQegkSIOiKIORwi,14907,Lawson Whitaker,Lawson,,1
recQk7a0vqvqeHwYS,14907,Madison Boutilier,Madison,,1
recQtl36CipbQcEZ6,14907,Joy Rollefson,Joy,,1
recQxb0Ax2Q7oNNKl,14907,Olivia Oakvik,Olivia,,1
recR15trSJEmLl1BW,14907,Sophia Ayers,Sophia,,1
recR2Qqw14ekrhhEb,14907,Reagan Williams,Reagan,,1
recRIMcTnKFY5QT1D,14907,Alexandra Stauffer,Alexandra,,1
recRLAErJt0gGFTo1,14907,Luke Sassi,Luke,,1
recRU1Mej9Bok2L0a,14907,Averie Foss,Averie,,1
recRZ3xBHi6OjRlHK,14907,Kendall Stephens,Kendall,,1
recRc1almev7LLLEO,14907,Ella Sasso,Ella,,1
recRqmqFiWa1SNEQF,14907,Felicia Rodgers,Felicia,,1
recRtC0F3ysCyAaTr,14907,Leslie Law,Leslie,,1
recRwKQn4Cpl8Zqzz,14907,Emery Kobel,Emery,,1
recS6NEHW8df5rwkS,14907,Linda E. Vellman,Linda,,1
recS7xRIWP2pzZCg3,14907,Melanie Mendoza,Melanie,,1
recSD3oLcU0QYz1H7,14907,Ashley Nokes,Ashley,,1
recSjgiaxtLvji5uq,14907,Raquel V Toro,Raquel,,1
recSlmjMGDyanRxR7,14907,Juliane Stephan,Juliane,,1
recSpZwBDTYVDdVOK,14907,Peyton Krumin,Peyton,,1
recStDHonwdQtwWja,14907,Ivy Nyberg,Ivy,,1
recSwYgVxYeWHJAvI,14907,Hanna Pieri,Hanna,,1
recSx6zrBtxT7i8gh,14907,Nick Edmunds,Nick,,1
recT4DmfdKkyGN2BH,14907,Maya Fischl,Maya,,1
recT9NpDNfSMhikLG,14907,Juan E. Hidalgo,Juan,,1
recTCHnChSTIiwvZX,14907,David Duffy-Levendorf,David,,1
recTCvI0mQz6rAjWg,14907,Ben Taylor,Ben,,1
recTDMo7hqCpuyKDo,14907,Robert Mendoza,Robert,,1
recTHJagHE9Q3tPsI,14907,Alexa Riccio,Alexa,,1
recTbPPrT5MS4uV32,14907,Savannah Groselle,Savannah,,1
recTf0sGZjMph4C5x,14907,Devin A. Seek,Devin,,1
recTf2Xim4Op3oBot,14907,Harlow Kobel,Harlow,,1
recTzVdXN2lQX7IZJ,14907,Lenir Perez,Lenir,,1
recUAXMBbSwmB7zjl,14907,Ella Ofarrell,Ella,,1
recUFm6Wapo7Qrf6n,14907,Molly Frei,Molly,,1
recUMVpOTXnrfo6VI,14907,Jacob Fletcher,Jacob,,1
recUMvSAuUWgkBqLP,14907,Alise Carrico,Alise,,1
recUXk1rCTBLl3j4S,14907,Samuel Parot,Samuel,,1
recUgFp1uT5JPlHTn,14907,Alexandra Welles,Alexandra,,1
recUp0PuFTPxVBAqS,14907,Ariana Zuccolotto,Ariana,,1
recUwNcxdLMqUK3KT,14907,Anthony Sauriol,Anthony,,1
recV9LW30IW7R1YBf,14907,Ella Saidi,Ella,,1
recV9LcVTEC4F1lFv,14907,Lynn Yoos,Lynn,,1
recVEALy4YPkqWZIK,14907,Jacqueline Steffens Daly,Jacqueline,,1
recVJofoqKgb9upuP,14907,Sophia A. Thomson,Sophia,,1
recVKO2NQO19jKTke,14907,Ryan Baldwin,Ryan,,1
recVSWIptAdOlozCa,14907,Reena Moumnine,Reena,,1
recVYmCyz3WQKbmGi,14907,Amelia Ruth,Amelia,,1
recVqgz5Pcd0lDWMD,14907,Helen Goddard,Helen,,1
recVyFnsCEnBxwmHx,14907,Nicole Schulze,Nicole,,1
recW2UNuebpQOcSsH,14907,Gabriella Savettiere,Gabriella,,1
recW5RVnDW4GorcuS,14907,Ashlee Bond,Ashlee,,1
recW5c6UYARQVomg8,14907,Riley Hilliard,Riley,,1
recWbZukYiZRz2KJD,14907,Elizabeth Schumann,Elizabeth,,1
recWfvZLKxCuHjeU8,14907,Kendall Bland,Kendall,,1
recWgnylWhkmIDhco,14907,Jamie Alnwick,Jamie,,1
recWnhS4f3syx16A3,14907,Elliana Rivera,Elliana,,1
recWqMq2Vyup6j34N,14907,Theya Savoy,Theya,,1
recWvS6hQL8R9Smz1,14907,Stella Hartman,Stella,,1
recX08ZCdFPtFNJCN,14907,Bay Hammer,Bay,,1
recXJhirTRueJMKgU,14907,Samantha Schulze,Samantha,,1
recXL6ewYYdPAwYVU,14907,Samantha Brooks,Samantha,,1
recXSff0neRglrRwx,14907,Clara Vidal,Clara,,1
recXe7Px1s1mT5The,14907,Olivia Mcginnis,Olivia,,1
recXig31jQJbwJJlg,14907,Kristina Photakis,Kristina,,1
recXjKxdNF0lGEVIK,14907,Estefania Lee,Estefania,,1
recXmEN1YTg2iS1Mk,14907,Alyssa Padlo,Alyssa,,1
recXovs9KjxpTkCpj,14907,Bliss Heers,Bliss,,1
recXpyTqK11X414vG,14907,Annie Cooper,Annie,,1
recY69naIWJFUyAd2,14907,Leslie Taylor,Leslie,,1
recY8O6Lce7YtfvQI,14907,Paige Figueiredo Agrawal,Paige,,1
recY8qeRhWAe7RPzG,14907,Mckenzie Badley,Mckenzie,,1
recYAMMYSikFNZf1a,14907,Jordan Petersen,Jordan,,1
recYDYpVKNJFGCcQZ,14907,Danielle Guy,Danielle,,1
recYHXSyICCmg2fjP,14907,Laura Sherren,Laura,,1
recYJZyUDcjmGTPUE,14907,Cormac Hanley,Cormac,,1
recYVfznfD87EnNds,14907,River A. Wylde,River,,1
recYfk01EegWuH04x,14907,Lynde Johnson,Lynde,,1
recYnDaBSRGGCe3PR,14907,Juan Carlos Arriaga Radilla,Juan,,1
recYuW2sDtfJ70Oph,14907,Camille Maynard,Camille,,1
recYuZ7hB1tbpgznK,14907,Aurora R. Rangel De Alba,Aurora,,1
recYxSrzV8TEJcBWx,14907,Sophie Heap,Sophie,,1
recYydYY39G3BcGLd,14907,Mario Garcia,Mario,,1
recZ1bCRiNAzUqRKJ,14907,Alexandra Dastjerdi,Alexandra,,1
recZ2J6OAJ9QD4wY1,14907,Soleil Katsur,Soleil,,1
recZ5EwnPE36HTiXi,14907,Georgia Bouzaid,Georgia,,1
recZ5wzygnW42KQVr,14907,Lizabeth Perez-Pascual,Lizabeth,,1
recZ6bukRuLkzx7R1,14907,Michelle Lin,Michelle,,1
recZCGuytgOV0ElOg,14907,Emily Mckendry,Emily,,1
recZCyDovHC8Skku3,14907,Cyril Chatel,Cyril,,1
recZKx0rOpn5ThLPf,14907,Jennifer Moclair,Jennifer,,1
recZSuImgt5CS4NOz,14907,Joan V. Ehrhart,Joan,,1
recZTikiJFTplPVMn,14907,Piper Wise,Piper,,1
recZVjIZbv3aB4HuP,14907,Gia Pallitto,Gia,,1
recZX9OprffUfumki,14907,Zoey Burton,Zoey,,1
recZYpUo2wQDeHdRc,14907,Heather Farmer,Heather,,1
recZe5YwA2cdOJKps,14907,Gabriela Juron,Gabriela,,1
recZeXwiclBhaislj,14907,Zella Esposito,Zella,,1
recZfCUedmN6e4tva,14907,Harper Conway,Harper,,1
recZv0Kz1HlCWvWvz,14907,Lindsay Haselden,Lindsay,,1
recZvQD6Y4wJKPe7F,14907,Paul O'Shea,Paul,,1
recZzmxP8vC1h4Ixu,14907,Joshua Tabor,Joshua,,1
reca28cCzi6t0iAKS,14907,Diego Farje,Diego,,1
reca7yiYzxQ3gtYWo,14907,Naomi Selleck,Naomi,,1
recaKiCcAz57uZZru,14907,Hanna R. Egan,Hanna,,1
recaRgvYZE0TBZ6VR,14907,Reagan Brown,Reagan,,1
recaUkMVVwrXgrWQQ,14907,Angelina M Palmeri,Angelina,,1
recaYewbSiDYrXT7p,14907,Annabelle Poirier,Annabelle,,1
recaZx28r0BSMxn0j,14907,Declan Egan,Declan,,1
recagRAhtEb8H7veW,14907,Veronica Arenas,Veronica,,1
recandUNivppmOwX6,14907,Sarah Callahan,Sarah,,1
recb1rMqysX4FAaMx,14907,John Michael Durr,John,,1
recbEm8GGmws15KlY,14907,Jeannie M. Savegnago,Jeannie,,1
recbFJhHS5IlTuTPc,14907,Zara Adnams,Zara,,1
recbIEV5U9qm9h3iA,14907,Estefania Navarro,Estefania,,1
recbM07wfCfOR7Orx,14907,Brooklyn Delgado,Brooklyn,,1
recbTZTntK2RVTp2c,14907,Aria Collins,Aria,,1
recbYvaGOoKCR5aok,14907,Campbell Cobb,Campbell,,1
recbrgeNFLBoH10vu,14907,Jesus A. Rigu,Jesus,,1
recc1yQxHYrJDaQpE,14907,Tarrin Kirby,Tarrin,,1
recc4s9XxQqAv1rup,14907,Jelmer Hoekstra,Jelmer,,1
reccSzGDIKf9DLzAW,14907,Alyssa Pascucci,Alyssa,,1
reccdMY4DqXa2MtUK,14907,Maria Pantaliao,Maria,,1
recchBHYpfx21fK86,14907,Sara Lent,Sara,,1
recchSR2cIrnif7YT,14907,Kole Floyd,Kole,,1
recckz3rNTMAJcTAb,14907,Emerson Ritter,Emerson,,1
reccwHv3NHXUKADE0,14907,Taylor Finkle,Taylor,,1
recd1WEHiwAp0241z,14907,Ashley Ann McGehee,Ashley,,1
recdXJtDodXupFQgk,14907,Maddie Mcinturf,Maddie,,1
recdjEm6x9g7ssHiR,14907,Kelly P. Murphy,Kelly,,1
recdjhwbi07xAvBjH,14907,Peyton Villalona,Peyton,,1
recdsjuMklF5j8vEb,14907,Noemi Varela,Noemi,,1
recduOMJhv4KgHjFF,14907,Megan Gardiner,Megan,,1
rece4lFbqi3oXjypv,14907,Daisy Green,Daisy,,1
rece7037Ou7CmZJQD,14907,Henley Fletcher,Henley,,1
rece86WN8FUEah4HY,14907,Olivia Planer,Olivia,,1
receBFuBzYlXyUiqp,14907,Julia Worden,Julia,,1
rececJFgkUViuuW0F,14907,Tanner Korotkin,Tanner,,1
receh6wzaOvbbOtxr,14907,Simon Arango,Simon,,1
recejZEU2nOrxsEbI,14907,Claire de Hechavarria,Claire,,1
recejsmKqHfknNq9t,14907,Allison Beck,Allison,,1
recenZm3fZa4dmtCi,14907,H Dougl Schreiber,H,,1
recesupg2Pf1wqO3M,14907,Emily Kowit,Emily,,1
receuTpQmC2SBCNfl,14907,Tatjana Almeida,Tatjana,,1
recevtp2XSKUsSb00,14907,Margot Hirsch,Margot,,1
recf8UPoJAute0lLH,14907,Nora Nauss,Nora,,1
recfFEe6i6PAEJnMn,14907,Taylor St Jacques,Taylor,,1
recfR9BJNbGmRzfY2,14907,Ember Litteken,Ember,,1
recfX9tkRPqafsgqM,14907,Madelyn Oster,Madelyn,,1
recfeMZuv1V7kRVao,14907,Katie Drummond,Katie,,1
recfhXiw51cMvZnpT,14907,Teresa Martinoli,Teresa,,1
recflgCvkeR6BJO47,14907,Kristen Litteken,Kristen,,1
recfmpHccsWBBEZ8A,14907,Kyle Dewar,Kyle,,1
recfn31wbWzRswJJ1,14907,Anne W. Eldridge,Anne,,1
recfrrrCvA6xEVPB3,14907,Sofia Parise,Sofia,,1
recg59HBxOm9PG0aB,14907,Molly Adams,Molly,,1
recgDIs2S8W0GaeCz,14907,Sophie Smith,Sophie,,1
recgWS0eomDZ0KN96,14907,Bowers A. Cone,Bowers,,1
recgdnXFKviBsM1pd,14907,Madison Cohen,Madison,,1
recgkygxy7DBOBH3M,14907,Stephanie King,Stephanie,,1
recgr1j4YRVMWvW1P,14907,Maria Balleza,Maria,,1
recgvL9zCVq8cPEyZ,14907,Guiliana Itzo,Guiliana,,1
recgwMtX6ewmLIDvH,14907,Susannah Cooper,Susannah,,1
rech5IrfxPETA39wn,14907,Ciaran Flynn,Ciaran,,1
rech7TFqfgZVXf3mn,14907,Abby Strohmeyer,Abby,,1
rechCNEEWI9jQDhjW,14907,Tomas Yofre,Tomas,,1
rechDlKMAvhUM4Mji,14907,Kelsey Duffy,Kelsey,,1
rechI5JK3oX8sujyd,14907,Camille Gabrie,Camille,,1
rechMaBOPshWSbNGK,14907,Margaret L. Swanson,Margaret,,1
rechOpyPKMOuBZwv4,14907,Ella Boutilier,Ella,,1
rechnWuL5DdqOxT4V,14907,Brittany G. Wyatt,Brittany,,1
rechp7Vc1sVhhq9q4,14907,Brian Murphy,Brian,,1
rechqgzesv0gfUZwq,14907,Nicole Presa Tejada,Nicole,,1
rechuzUPNLOsASgzX,14907,Anne L. Bingler,Anne,,1
rechwnqfyZjTTKeIr,14907,Andres A. Correa,Andres,,1
rechzGJ6nB5ZniPYe,14907,Hector Florentino,Hector,,1
rechztYIkKPPbsQzF,14907,Darragh Kerins,Darragh,,1
reciBZ8QpFwqIA4Ew,14907,Annaliz Alberts,Annaliz,,1
reciFnFY2wXYdozii,14907,Noemi Koziol,Noemi,,1
reciLpQETY1uEIqrJ,14907,Madison Olvert,Madison,,1
reciYNTcLBgGxIdBQ,14907,Audrey Turner,Audrey,,1
recing1PXwupaqjba,14907,Lourdes Lopez,Lourdes,,1
recip657fGkaQRua3,14907,Valentina Autiero,Valentina,,1
recipdUIV44DeFGfq,14907,Sharn L. Wordley,Sharn,,1
recir0Emss79Ih2b9,14907,Charlotte Mack,Charlotte,,1
recirL4qXIi9KcD3P,14907,Janet Dannenhoffer,Janet,,1
recisB6O1frXIGQpJ,14907,Katherine Standley,Katherine,,1
recivIS48AouxAUBQ,14907,Abigail Sterling,Abigail,,1
reciw6rXmSt6wROlN,14907,Dana Ventrice,Dana,,1
reciwY4N97nHnfqdX,14907,Marie Lawlor,Marie,,1
reciwzeQGkjyILquI,14907,Barbara H. Center,Barbara,,1
recj0huhTEnvjmgCe,14907,Kirk Webby,Kirk,,1
recj6C9Do5xzRdjbN,14907,Phillipa Greenberg,Phillipa,,1
recjIhYtwuar8948X,14907,Frances Derrer,Frances,,1
recjIl9wzfSQdxVf5,14907,Mackenzie R. McGehee,Mackenzie,,1
recjKv2e3jfgm3H8j,14907,Alexandria Gonzalez,Alexandria,,1
recjL9YTEPKBmsA7A,14907,Khloe Brinkmann,Khloe,,1
recjLOY1OsaNDXlCt,14907,Finley Hilson,Finley,,1
recjObU6v016KjDEF,14907,Emily F. H. Buxton,Emily,,1
recjVUwSgfYOO7TXn,14907,Olivia Israel,Olivia,,1
recjYzZcxgGjI5pgc,14907,Chloe D. Reid,Chloe,,1
recjcDG5Oqd7HV3jC,14907,Emma Ecarius,Emma,,1
recjcj45sBhpQrs0F,14907,Lindsay Woinarowicz,Lindsay,,1
recjdOKFVTEQpA1oS,14907,Ramsey Wise,Ramsey,,1
recjgIY4F0kPfUp55,14907,Lindsay Standley,Lindsay,,1
recjjPMDbFyKkl8lN,14907,Luciano Dome,Luciano,,1
recjlTvTCF5JyyZhz,14907,Katherine Addington,Katherine,,1
recjmkO8nfWJ8eRTr,14907,Kitt Ritter,Kitt,,1
recjw1We9NSeCvXYA,14907,Blythe Novick,Blythe,,1
reck2Oohvt2yj474g,14907,Morgan Cusick,Morgan,,1
reck7CWVqseCHyMVg,14907,Rita de Goes,Rita,,1
reckMRVODtVnrCtbb,14907,Juan M. Bolanos,Juan,,1
reckR5d1FrfCNnjWe,14907,Kathryn Camunas,Kathryn,,1
reckTX8q1hHSEHPSA,14907,Claire Doran,Claire,,1
reckUXCBVWgpOAhP8,14907,Ava Parker,Ava,,1
reckWIEgC8AtVzK5d,14907,Jessica Heap,Jessica,,1
reckjg3dLSRWJr9kX,14907,Ana Elena Armas,Ana,,1
reckyoekd19RylkMS,14907,Kinser Vale,Kinser,,1
recl8qN4avWdxvdcJ,14907,Leslie S. Prinz,Leslie,,1
reclIcIUWajd0pWG3,14907,Ryan Haselden,Ryan,,1
reclLfj1GjA4bZwOH,14907,Molly A. Kenney,Molly,,1
reclSOb4GWH74Vfnm,14907,Ada Rose Walker,Ada,,1
reclT1ePqkZKMN7nA,14907,Chloe Peterson,Chloe,,1
reclWXLaY1toeG4F0,14907,Isabella Keyman,Isabella,,1
reclZ2ykwhfdNmr2p,14907,Olivia Gaul,Olivia,,1
reclZp0eQIJMvkdeG,14907,Miley Davidyan,Miley,,1
recljNPWmSNvK6A9m,14907,Elle Bassion,Elle,,1
reclpKfaEvwZJnMfX,14907,Amelia Khan,Amelia,,1
reclqAXTrl6kfnVrM,14907,Shelby Heyer,Shelby,,1
reclzewcZLj2VWKNz,14907,Wendell Abraham,Wendell,,1
recm5LlH0tNXEDJT0,14907,Campbell Lear,Campbell,,1
recm5bS9waZAZiTYu,14907,Carlota Padron,Carlota,,1
recmKdF508Few61hD,14907,Sarah Kraemer,Sarah,,1
recmZ39r1B0a9zA3p,14907,Ariel J. Fletcher,Ariel,,1
recmb5vK1TYiSD47T,14907,Francesca Chiatti,Francesca,,1
recmbNX4piYJQ41A7,14907,Juan Benítez,Juan,,1
recme1lRJQRYS9wIB,14907,Lilly Bradish,Lilly,,1
recmkwpSa6JYJNHCD,14907,Taylor Manning,Taylor,,1
recmwUUHA0wfJfA8y,14907,Cinthia Ane' Mcgreevy,Cinthia,,1
recmy93tzMkYZukPY,14907,Bryce P. Richardson,Bryce,,1
recn0NKepR3DQJiul,14907,Valeska Furlong,Valeska,,1
recn0cD6aeT6wfqk1,14907,John M. Struzzieri,John,,1
recnA20IykjkAhaF3,14907,Rob Billings,Rob,,1
recnHmk4TDLEAymHK,14907,Daniela Roy,Daniela,,1
recnQD0owI3kUe0KE,14907,Grant Seger,Grant,,1
recnWmZ9TpWY6ilZ6,14907,Cristobal Castro,Cristobal,,1
recnaYU8vPhsPNIdN,14907,Anna Scott Ault,Anna,,1
recnfQrsqInUBQK5e,14907,Flavio Montenegro,Flavio,,1
recnnh5mz9woQxU4M,14907,Hannah Eddlemon,Hannah,,1
recnpNZ5EJQ6vUwD4,14907,Brooklin Hernandez,Brooklin,,1
recnq0SxsppmltiqF,14907,Addison Reed,Addison,,1
recnzaHCIumNpAjr4,14907,Mia Felipe,Mia,,1
reco40AZFnYO1VXuv,14907,Diego Loria,Diego,,1
recoCynxHbGtrr4vn,14907,Jessin Blossom,Jessin,,1
recoEG978VWcbWV8X,14907,Lauren E. Hough,Lauren,,1
recoIRjDD1WpA7gR6,14907,Amanda Gomez,Amanda,,1
recoNEIuUpTxc4I4q,14907,Cat Zampieri,Cat,,1
recoNjZbKwEyCsnDR,14907,Ariane Harris,Ariane,,1
recoZrUYI8oPw5BWZ,14907,Eva Bernstein,Eva,,1
recoi16CYNCvdlZJc,14907,Chiara Zuccolotto,Chiara,,1
recoplw0C0H8tom54,14907,Tyla Hackett,Tyla,,1
recpClmYzvicJYruv,14907,Mari Gromkowski,Mari,,1
recpHNIIZeH8CbPqR,14907,Stephanie Frey,Stephanie,,1
recpSVfbFbwfpYVBj,14907,Gonzalo Guevara,Gonzalo,,1
recpd7J1VrCuAvmcO,14907,Victoria Fazio,Victoria,,1
recpgVv0PoTAjefFa,14907,Ella Walker,Ella,,1
recpjb54dkhaQrJ0b,14907,Tyra Cleary,Tyra,,1
recpk7RlPXXrhJUrR,14907,Janice Varandas,Janice,,1
recprk8Tvo9TV0dFe,14907,Robert P. Stucky,Robert,,1
recps55oii224WXAJ,14907,Isabella Agliano,Isabella,,1
recq3Kwj7QfrgwWtt,14907,Cathy Kubacak,Cathy,,1
recqHIOykXcWkBlKs,14907,Jake Endicott,Jake,,1
recqOxxtUOYT72PUN,14907,Kimberley Pickens,Kimberley,,1
recqbxVBgZQBatkFP,14907,Jackie Sawyer,Jackie,,1
recqkcALf0KGMSP5o,14907,Maddie Yarborough,Maddie,,1
recqsQJCmH0zsgQee,14907,Vannakay Hurnevich,Vannakay,,1
recqv4i5FTWrNGQSF,14907,Stacey L. Reser,Stacey,,1
recqv8mkyhPNuHHzH,14907,Andrea Hirsch,Andrea,,1
recr07kSQUFbPxfgq,14907,Belen Guarderas,Belen,,1
recrBFGCYWQJ3r8F0,14907,Audrey Muscari,Audrey,,1
recrFCA3KOnHIR0dX,14907,Lola Reardon,Lola,,1
recrHYQZEkbg68kV9,14907,Josephine Demmo,Josephine,,1
recrRxrDU3Bbz5Yce,14907,Kelly Saporito,Kelly,,1
recrV61WHjIJdaJga,14907,Dorothy Douglas,Dorothy,,1
recrVgVphGg6JJy1k,14907,Ana Sofia Rodriguez,Ana,,1
recrf7PgKC15AUlP3,14907,Reya Popat,Reya,,1
recrkiIsEe2KF5z4b,14907,Kaleigh Holroyd,Kaleigh,,1
recrnFLPKd1yT29th,14907,Laura Linback,Laura,,1
recroSHpES6tulq9z,14907,Lukene Arenas,Lukene,,1
recruAjwKHbVtAngD,14907,Brielle Watkins,Brielle,,1
recrvwnO1g9OSNswQ,14907,Alexandra Hird,Alexandra,,1
recrxStYnnbtC31mN,14907,Selcuk Koksalan,Selcuk,,1
recs2gLHCw8SRWe3a,14907,Christine M. Reilly,Christine,,1
recs9meILMT15Y84h,14907,Danae Oliveri,Danae,,1
recsO1C4R1X36JbFl,14907,Rebecca Conway,Rebecca,,1
recsOmoDFyGYzdjTp,14907,Alyssa Amberge,Alyssa,,1
recsZWzfb3MPtdoRj,14907,Abby Grabowski,Abby,,1
recsfAA9iVQUzRFfI,14907,Danielle Platt,Danielle,,1
recsnjYEp1bn5r3eT,14907,Madison Wayda Smith,Madison,,1
recsoGpzF7G0PjVs0,14907,Ameera Chin,Ameera,,1
recsqboni2em23Dth,14907,Clark Montgomery,Clark,,1
rect03lMQpTFAs8ti,14907,Elin Mossberg,Elin,,1
rect52uOzyzLMjX4S,14907,Bianca Renard Roth,Bianca,,1
rectBTk6pw8bsCI9z,14907,Elizabeth Epstein,Elizabeth,,1
rectCb1wW269hD03a,14907,Clara Sipple,Clara,,1
rectHI2mQe5r1di42,14907,Sophia Myers,Sophia,,1
rectJZmU38sTYCk2K,14907,Gabriella Rivera,Gabriella,,1
rectLFrMEjn7PuMvr,14907,Katie Moniz Floyd,Katie,,1
rectP0g6k2KgWDlqi,14907,Stephanie Ezzo,Stephanie,,1
rectQMRKMJcOriLlq,14907,Tiffany Townson,Tiffany,,1
recteKVeDnmWYvJOn,14907,Andie Ulrich,Andie,,1
rectjEJjeGHseZX7L,14907,Emma Brody,Emma,,1
rectkaEQRoM6ggO0b,14907,Jessica Cross,Jessica,,1
rectmEwV3h7WWAyp8,14907,Sofia Fayad,Sofia,,1
rectoBj1C2z2vZ4HO,14907,Michael J. Mccormick,Michael,,1
rectqhcQlWXJdiaxl,14907,Katherine Brinkmann,Katherine,,1
recttOL5rZHf8hkjV,14907,Katelyn Martin,Katelyn,,1
rectvNxnKQSB98E47,14907,Scarlett Yana,Scarlett,,1
rectxPJhIjLqzZXeE,14907,Mila Meredith,Mila,,1
recu08MrN0g4FlTr5,14907,Mia Baez,Mia,,1
recu4LT4UbFIY5xsX,14907,Francisco Vaca,Francisco,,1
recuB93tp86huMHOF,14907,Brittni A. Raflowitz,Brittni,,1
recuCjfT3Zi0PZ7TV,14907,Jenny Miller,Jenny,,1
recuHd7x3ghIfNhky,14907,Erynn L. Ballard,Erynn,,1
recuLEaHKZQRPR6B6,14907,Currie Cooper,Currie,,1
recuOmyiBbHhkiEJK,14907,Ana Sofia Perez,Ana,,1
recuRfqCXumIZugTG,14907,Pamela Mattel,Pamela,,1
recuXMRmQaiViYiGM,14907,Ella Jane Blaisdell,Ella,,1
recudKxq4aIcwHDSV,14907,Francisco E. Toro,Francisco,,1
recukBaoFzRGru2uh,14907,Emma Parker,Emma,,1
reculOoDct2P25DGc,14907,Audrey Haywood,Audrey,,1
recumIAMi7sP2aloJ,14907,Tzofi Horner Brown,Tzofi,,1
recusKsOvT8TWWQd6,14907,Hailey Royce,Hailey,,1
recusXJB2e7ym5WkL,14907,Gabriela Mccloskey,Gabriela,,1
recuuXZuhtdqgphBs,14907,Sarah Kerins,Sarah,,1
recuwXlsiu8fGpzYP,14907,Kennedy Miller,Kennedy,,1
recuyfo3nv68HVefs,14907,Evana Somareddy,Evana,,1
recv2Qp5YXU9QbViB,14907,Schuyler Dayner,Schuyler,,1
recvD6KL2dqqPvN0v,14907,Justine L. Dutton Barnard,Justine,,1
recvDuOEe724R4dAX,14907,Maggie Jacobs,Maggie,,1
recvGTTxZSbHtC8Ym,14907,Vicente Guillen,Vicente,,1
recvPEe5AM3OgbEpI,14907,Jennifer Tate,Jennifer,,1
recvPk4behpKl5tTy,14907,Jessica L. Roth Thomas,Jessica,,1
recvQT9BbjlLzBWkJ,14907,Anslee Bell,Anslee,,1
recvZYIJFRTfwCpkw,14907,Juan J. Bancalari,Juan,,1
recvmzNpRJ5NWadPh,14907,Robert Levendorf,Robert,,1
recvrmp3sgOmigpg4,14907,Nadine Beck,Nadine,,1
recvvZ2Rt9VyNxKue,14907,Elizabeth Solomon,Elizabeth,,1
recvwXGNJIXVgfeMV,14907,Catalina Arzu,Catalina,,1
recvxuvEt674Zkc3J,14907,Claire Arnold,Claire,,1
recvzY7VV91XCa5aH,14907,Addy Dewalt,Addy,,1
recw0WGQE7cSRXkqe,14907,Katie M. Savarise,Katie,,1
recw1RkTLz6AB4VfY,14907,Priscilla Broger,Priscilla,,1
recw1lC5ChTZacpJT,14907,Adina Gesthalter,Adina,,1
recwAwQ18eeOC9QU4,14907,Adelyn Miller,Adelyn,,1
recwXqtaxLJy9JnT1,14907,Kirsten L. Malacarne,Kirsten,,1
recwapWJfltFf6kxX,14907,Mary Frances Looke,Mary,,1
recweHlv4BRsQoksS,14907,Anna Mazor-Allhusen,Anna,,1
recwg7qokrsfkrqNT,14907,Natalia Perez,Natalia,,1
recwj9P1QCrZn1Tfd,14907,Kendall Crowell,Kendall,,1
recwnV5ZrH6yg5bA2,14907,Shelby Romp,Shelby,,1
recxDhjsFLj5GbY1X,14907,Lynn M. Reed,Lynn,,1
recxHoEIFUSL0yeKt,14907,Stella Stinnett,Stella,,1
recxILKo5fImj0Xlg,14907,Camila Inestroza,Camila,,1
recxLjC7HUMdCYgIG,14907,Jana Schwartzberg,Jana,,1
recxNEqG5Syb1Sa3u,14907,Todd D. Minikus,Todd,,1
recxXib2W6xrD6opu,14907,Addison Benio,Addison,,1
recxZJzN67B3dP2k5,14907,Grace Everhart,Grace,,1
recxatpI8UXNwRwnp,14907,Maurah Burkholder,Maurah,,1
recxclfcUZPGKeFde,14907,Alma Bettant,Alma,,1
recxdi1hJSSi7n9QQ,14907,Lindsey Mohr,Lindsey,,1
recxgbLwO4GonAr53,14907,Della White,Della,,1
recxoNeIVLQ2TXQhe,14907,Sarah Gordon,Sarah,,1
recxq3x3oKp3xoKiz,14907,Emilio Medina,Emilio,,1
recxzzbGbfXwvPmbw,14907,Ryan Michael Genn,Ryan,,1
recyB7G0HT109oTGz,14907,Bailey P. Tims-Ferira,Bailey,,1
recyCRNKIwxuHWSZm,14907,Ainsley Colvin,Ainsley,,1
recyChuS0cEcXAyR5,14907,Kathleen A. Rice,Kathleen,,1
recyG2L0F5ju9AGky,14907,Brittany Doughty,Brittany,,1
recyGVYLmZDyh1vIT,14907,Annalise Kapsokavathis,Annalise,,1
recyJaFvQ2RYfJpTw,14907,Jolene Plante,Jolene,,1
recyQ8PVWq12G0typ,14907,Mauricio Gruener,Mauricio,,1
recyZ1h5oigC6Gysp,14907,Elaina Davis,Elaina,,1
recyZIUbNSKQsUStt,14907,Vivian Heyer,Vivian,,1
recyd1akfUaUasyyP,14907,Ella Davis,Ella,,1
recyeNVotnVgNhjjo,14907,Lila Isaac,Lila,,1
recygw9bvT3ZSiJEC,14907,Kennedy Callis,Kennedy,,1
recyyfu2HOLFiJ5za,14907,Lindsay Meyer,Lindsay,,1
recz2I8wN6TVGLg4t,14907,Aubrey Frank,Aubrey,,1
recz2JaMEL3nVN0Tv,14907,Sofia Popescu,Sofia,,1
reczCzo5iiSfHV7ul,14907,Mary Collier Pope,Mary,,1
reczNEv98kgm9cPGM,14907,Scott Diffey,Scott,,1
reczNxdkVce2RRYW0,14907,Hannah Morejon,Hannah,,1
reczVFHP2jM0E4cX6,14907,Josselyn Mersereau,Josselyn,,1
reczXM3prGmBnwRWV,14907,Frederica Alcalay,Frederica,,1
reczaezaIlujYbict,14907,Graciela Bolanos,Graciela,,1
reczdYNCGFEUyxVMl,14907,Debbie Smith,Debbie,,1
reczfPsdP8FSWYkKZ,14907,Allison Donahue,Allison,,1
reczxBmF34jQEchbp,14907,Carrie Riddle,Carrie,,1
