Name,Slug,Collection ID,Locale ID,Item ID,Archived,Draft,Created On,Updated On,Published On,Active,Core,Kicker,Display label,Style,Agg category,Field,Dimension,Calculation mode,Display type,Subset,Source key,Metric key,Sort order,Window max days
classes-count,classes-count,6a93283f3e79e76602c137c3,69d681f3e5bf7b084d8d85c2,6a9338e043434688a51141ac,false,false,Sat Aug 29 2026 19:54:07 GMT+0000 (Coordinated Universal Time),Sat Aug 29 2026 20:10:35 GMT+0000 (Coordinated Universal Time),Sat Aug 29 2026 20:10:35 GMT+0000 (Coordinated Universal Time),true,true,Classes,Classes,,,,core,count,number,false,classes_count,classes-count,10,
horses-count,horses-count,6a93283f3e79e76602c137c3,69d681f3e5bf7b084d8d85c2,6a9338e043434688a51141ae,false,false,Sat Aug 29 2026 19:54:07 GMT+0000 (Coordinated Universal Time),Sat Aug 29 2026 20:10:35 GMT+0000 (Coordinated Universal Time),Sat Aug 29 2026 20:10:35 GMT+0000 (Coordinated Universal Time),true,true,Horses,Horses,,,,core,distinct-count,number,false,horses_count,horses-count,20,
competitions-count,competitions-count,6a93283f3e79e76602c137c3,69d681f3e5bf7b084d8d85c2,6a9338e043434688a51141b0,false,false,Sat Aug 29 2026 19:54:07 GMT+0000 (Coordinated Universal Time),Sat Aug 29 2026 20:10:35 GMT+0000 (Coordinated Universal Time),Sat Aug 29 2026 20:10:35 GMT+0000 (Coordinated Universal Time),true,true,Competitions,Shows,,,,core,distinct-count,number,false,competitions_count,competitions-count,30,
years-count,years-count,6a93283f3e79e76602c137c3,69d681f3e5bf7b084d8d85c2,6a9338e043434688a51141b2,false,false,Sat Aug 29 2026 19:54:07 GMT+0000 (Coordinated Universal Time),Sat Aug 29 2026 20:10:35 GMT+0000 (Coordinated Universal Time),Sat Aug 29 2026 20:10:35 GMT+0000 (Coordinated Universal Time),true,true,Years,Years,,,,core,distinct-count,number,false,years_count,years-count,40,
wins-count,wins-count,6a93283f3e79e76602c137c3,69d681f3e5bf7b084d8d85c2,6a9338e043434688a51141b4,false,false,Sat Aug 29 2026 19:54:07 GMT+0000 (Coordinated Universal Time),Sat Aug 29 2026 20:10:35 GMT+0000 (Coordinated Universal Time),Sat Aug 29 2026 20:10:35 GMT+0000 (Coordinated Universal Time),true,false,Wins,Wins,,,,result,count,number,false,wins_count,wins-count,10,
second-count,second-count,6a93283f3e79e76602c137c3,69d681f3e5bf7b084d8d85c2,6a9338e043434688a51141b6,false,false,Sat Aug 29 2026 19:54:07 GMT+0000 (Coordinated Universal Time),Sat Aug 29 2026 20:10:35 GMT+0000 (Coordinated Universal Time),Sat Aug 29 2026 20:10:35 GMT+0000 (Coordinated Universal Time),true,false,Second,2nd,,,,result,count,number,false,second_count,second-count,20,
third-count,third-count,6a93283f3e79e76602c137c3,69d681f3e5bf7b084d8d85c2,6a9338e043434688a51141b8,false,false,Sat Aug 29 2026 19:54:07 GMT+0000 (Coordinated Universal Time),Sat Aug 29 2026 20:10:35 GMT+0000 (Coordinated Universal Time),Sat Aug 29 2026 20:10:35 GMT+0000 (Coordinated Universal Time),true,false,Third,3rd,,,,result,count,number,false,third_count,third-count,30,
top3-count,top3-count,6a93283f3e79e76602c137c3,69d681f3e5bf7b084d8d85c2,6a9338e043434688a51141ba,false,false,Sat Aug 29 2026 19:54:07 GMT+0000 (Coordinated Universal Time),Sat Aug 29 2026 20:10:35 GMT+0000 (Coordinated Universal Time),Sat Aug 29 2026 20:10:35 GMT+0000 (Coordinated Universal Time),true,false,Top3,Top 3,,,,result,count,number,false,top3_count,top3-count,40,
top8-count,top8-count,6a93283f3e79e76602c137c3,69d681f3e5bf7b084d8d85c2,6a9338e043434688a51141bc,false,false,Sat Aug 29 2026 19:54:07 GMT+0000 (Coordinated Universal Time),Sat Aug 29 2026 20:10:35 GMT+0000 (Coordinated Universal Time),Sat Aug 29 2026 20:10:35 GMT+0000 (Coordinated Universal Time),true,false,Top8,Top 8,,,,result,count,number,false,top8_count,top8-count,50,
outside-top8-count,outside-top8-count,6a93283f3e79e76602c137c3,69d681f3e5bf7b084d8d85c2,6a9338e043434688a51141be,false,false,Sat Aug 29 2026 19:54:07 GMT+0000 (Coordinated Universal Time),Sat Aug 29 2026 20:10:35 GMT+0000 (Coordinated Universal Time),Sat Aug 29 2026 20:10:35 GMT+0000 (Coordinated Universal Time),false,false,Internal,Outside Top 8,,,,result,count,number,false,outside_top8_count,outside-top8-count,60,
dnp-count,dnp-count,6a93283f3e79e76602c137c3,69d681f3e5bf7b084d8d85c2,6a9338e043434688a51141c0,false,false,Sat Aug 29 2026 19:54:07 GMT+0000 (Coordinated Universal Time),Sat Aug 29 2026 20:10:35 GMT+0000 (Coordinated Universal Time),Sat Aug 29 2026 20:10:35 GMT+0000 (Coordinated Universal Time),false,false,Internal,DNP,,,,result,count,number,false,dnp_count,dnp-count,70,
rf-count,rf-count,6a93283f3e79e76602c137c3,69d681f3e5bf7b084d8d85c2,6a9338e043434688a51141c2,false,false,Sat Aug 29 2026 19:54:07 GMT+0000 (Coordinated Universal Time),Sat Aug 29 2026 20:10:35 GMT+0000 (Coordinated Universal Time),Sat Aug 29 2026 20:10:35 GMT+0000 (Coordinated Universal Time),false,false,Internal,RF,,,,result,count,number,false,rf_count,rf-count,80,
year-2024-count,year-2024-count,6a93283f3e79e76602c137c3,69d681f3e5bf7b084d8d85c2,6a9338e043434688a51141c4,false,false,Sat Aug 29 2026 19:54:07 GMT+0000 (Coordinated Universal Time),Sat Aug 29 2026 20:10:35 GMT+0000 (Coordinated Universal Time),Sat Aug 29 2026 20:10:35 GMT+0000 (Coordinated Universal Time),true,false,Years,2024,,,,years,count,number,false,year_2024_count,year-2024-count,10,
year-2025-count,year-2025-count,6a93283f3e79e76602c137c3,69d681f3e5bf7b084d8d85c2,6a9338e043434688a51141c6,false,false,Sat Aug 29 2026 19:54:07 GMT+0000 (Coordinated Universal Time),Sat Aug 29 2026 20:10:35 GMT+0000 (Coordinated Universal Time),Sat Aug 29 2026 20:10:35 GMT+0000 (Coordinated Universal Time),true,false,Years,2025,,,,years,count,number,false,year_2025_count,year-2025-count,20,
year-2026-count,year-2026-count,6a93283f3e79e76602c137c3,69d681f3e5bf7b084d8d85c2,6a9338e043434688a51141c8,false,false,Sat Aug 29 2026 19:54:07 GMT+0000 (Coordinated Universal Time),Sat Aug 29 2026 20:10:35 GMT+0000 (Coordinated Universal Time),Sat Aug 29 2026 20:10:35 GMT+0000 (Coordinated Universal Time),true,false,Years,2026,,,,years,count,number,false,year_2026_count,year-2026-count,30,
height-2ft-3in-count,height-2ft-3in-count,6a93283f3e79e76602c137c3,69d681f3e5bf7b084d8d85c2,6a9338e043434688a51141ca,false,false,Sat Aug 29 2026 19:54:07 GMT+0000 (Coordinated Universal Time),Sat Aug 29 2026 20:10:35 GMT+0000 (Coordinated Universal Time),Sat Aug 29 2026 20:10:35 GMT+0000 (Coordinated Universal Time),true,false,Heights,"2'3""",,,,height,count,number,false,height_2ft_3in_count,height-2ft-3in-count,10,
height-2ft-6in-count,height-2ft-6in-count,6a93283f3e79e76602c137c3,69d681f3e5bf7b084d8d85c2,6a9338e043434688a51141cc,false,false,Sat Aug 29 2026 19:54:07 GMT+0000 (Coordinated Universal Time),Sat Aug 29 2026 20:10:35 GMT+0000 (Coordinated Universal Time),Sat Aug 29 2026 20:10:35 GMT+0000 (Coordinated Universal Time),true,false,Heights,"2'6""",,,,height,count,number,false,height_2ft_6in_count,height-2ft-6in-count,20,
height-2ft-9in-count,height-2ft-9in-count,6a93283f3e79e76602c137c3,69d681f3e5bf7b084d8d85c2,6a9338e043434688a51141ce,false,false,Sat Aug 29 2026 19:54:07 GMT+0000 (Coordinated Universal Time),Sat Aug 29 2026 20:10:35 GMT+0000 (Coordinated Universal Time),Sat Aug 29 2026 20:10:35 GMT+0000 (Coordinated Universal Time),true,false,Heights,"2'9""",,,,height,count,number,false,height_2ft_9in_count,height-2ft-9in-count,30,
height-3ft-count,height-3ft-count,6a93283f3e79e76602c137c3,69d681f3e5bf7b084d8d85c2,6a9338e043434688a51141d0,false,false,Sat Aug 29 2026 19:54:07 GMT+0000 (Coordinated Universal Time),Sat Aug 29 2026 20:10:35 GMT+0000 (Coordinated Universal Time),Sat Aug 29 2026 20:10:35 GMT+0000 (Coordinated Universal Time),true,false,Heights,3',,,,height,count,number,false,height_3ft_count,height-3ft-count,40,
height-3ft-3in-count,height-3ft-3in-count,6a93283f3e79e76602c137c3,69d681f3e5bf7b084d8d85c2,6a9338e043434688a51141d2,false,false,Sat Aug 29 2026 19:54:07 GMT+0000 (Coordinated Universal Time),Sat Aug 29 2026 20:10:35 GMT+0000 (Coordinated Universal Time),Sat Aug 29 2026 20:10:35 GMT+0000 (Coordinated Universal Time),true,false,Heights,"3'3""",,,,height,count,number,false,height_3ft_3in_count,height-3ft-3in-count,50,
height-3ft-6in-count,height-3ft-6in-count,6a93283f3e79e76602c137c3,69d681f3e5bf7b084d8d85c2,6a9338e043434688a51141d4,false,false,Sat Aug 29 2026 19:54:07 GMT+0000 (Coordinated Universal Time),Sat Aug 29 2026 20:10:35 GMT+0000 (Coordinated Universal Time),Sat Aug 29 2026 20:10:35 GMT+0000 (Coordinated Universal Time),true,false,Heights,"3'6""",,,,height,count,number,false,height_3ft_6in_count,height-3ft-6in-count,60,
discipline-hunter-count,discipline-hunter-count,6a93283f3e79e76602c137c3,69d681f3e5bf7b084d8d85c2,6a9338e043434688a51141d6,false,false,Sat Aug 29 2026 19:54:07 GMT+0000 (Coordinated Universal Time),Sat Aug 29 2026 20:10:35 GMT+0000 (Coordinated Universal Time),Sat Aug 29 2026 20:10:35 GMT+0000 (Coordinated Universal Time),true,false,Disciplines,Hunter,,,,discipline,count,number,false,discipline_hunter_count,discipline-hunter-count,10,
discipline-jumper-count,discipline-jumper-count,6a93283f3e79e76602c137c3,69d681f3e5bf7b084d8d85c2,6a9338e043434688a51141d8,false,false,Sat Aug 29 2026 19:54:07 GMT+0000 (Coordinated Universal Time),Sat Aug 29 2026 20:10:35 GMT+0000 (Coordinated Universal Time),Sat Aug 29 2026 20:10:35 GMT+0000 (Coordinated Universal Time),true,false,Disciplines,Jumper,,,,discipline,count,number,false,discipline_jumper_count,discipline-jumper-count,20,
discipline-equitation-count,discipline-equitation-count,6a93283f3e79e76602c137c3,69d681f3e5bf7b084d8d85c2,6a9338e043434688a51141da,false,false,Sat Aug 29 2026 19:54:07 GMT+0000 (Coordinated Universal Time),Sat Aug 29 2026 20:10:35 GMT+0000 (Coordinated Universal Time),Sat Aug 29 2026 20:10:35 GMT+0000 (Coordinated Universal Time),true,false,Disciplines,Equitation,,,,discipline,count,number,false,discipline_equitation_count,discipline-equitation-count,30,
skill-ushja-jump-seat-count,skill-ushja-jump-seat-count,6a93283f3e79e76602c137c3,69d681f3e5bf7b084d8d85c2,6a9338e043434688a51141dc,false,false,Sat Aug 29 2026 19:54:07 GMT+0000 (Coordinated Universal Time),Sat Aug 29 2026 20:10:35 GMT+0000 (Coordinated Universal Time),Sat Aug 29 2026 20:10:35 GMT+0000 (Coordinated Universal Time),true,false,Skills,Ushja Jump Seat,,,,skill,count,badge,false,skill_ushja_jump_seat_count,skill-ushja-jump-seat-count,10,
skill-usef-medal-count,skill-usef-medal-count,6a93283f3e79e76602c137c3,69d681f3e5bf7b084d8d85c2,6a9338e043434688a51141de,false,false,Sat Aug 29 2026 19:54:07 GMT+0000 (Coordinated Universal Time),Sat Aug 29 2026 20:10:35 GMT+0000 (Coordinated Universal Time),Sat Aug 29 2026 20:10:35 GMT+0000 (Coordinated Universal Time),true,false,Skills,Usef Medal,,,,skill,count,badge,false,skill_usef_medal_count,skill-usef-medal-count,20,
skill-this-childrens-medal-count,skill-this-childrens-medal-count,6a93283f3e79e76602c137c3,69d681f3e5bf7b084d8d85c2,6a9338e043434688a51141e0,false,false,Sat Aug 29 2026 19:54:08 GMT+0000 (Coordinated Universal Time),Sat Aug 29 2026 20:10:35 GMT+0000 (Coordinated Universal Time),Sat Aug 29 2026 20:10:35 GMT+0000 (Coordinated Universal Time),true,false,Skills,This Childrens Medal,,,,skill,count,badge,false,skill_this_childrens_medal_count,skill-this-childrens-medal-count,30,
skill-uset-talent-search-count,skill-uset-talent-search-count,6a93283f3e79e76602c137c3,69d681f3e5bf7b084d8d85c2,6a9338e043434688a51141e2,false,false,Sat Aug 29 2026 19:54:08 GMT+0000 (Coordinated Universal Time),Sat Aug 29 2026 20:10:35 GMT+0000 (Coordinated Universal Time),Sat Aug 29 2026 20:10:35 GMT+0000 (Coordinated Universal Time),true,false,Skills,Uset Talent Search,,,,skill,count,badge,false,skill_uset_talent_search_count,skill-uset-talent-search-count,40,
skill-nhs-hamel-count,skill-nhs-hamel-count,6a93283f3e79e76602c137c3,69d681f3e5bf7b084d8d85c2,6a9338e043434688a51141e4,false,false,Sat Aug 29 2026 19:54:08 GMT+0000 (Coordinated Universal Time),Sat Aug 29 2026 20:10:35 GMT+0000 (Coordinated Universal Time),Sat Aug 29 2026 20:10:35 GMT+0000 (Coordinated Universal Time),true,false,Skills,Nhs Hamel,,,,skill,count,badge,false,skill_nhs_hamel_count,skill-nhs-hamel-count,50,
skill-aspca-maclay-count,skill-aspca-maclay-count,6a93283f3e79e76602c137c3,69d681f3e5bf7b084d8d85c2,6a9338e043434688a51141e6,false,false,Sat Aug 29 2026 19:54:08 GMT+0000 (Coordinated Universal Time),Sat Aug 29 2026 20:10:35 GMT+0000 (Coordinated Universal Time),Sat Aug 29 2026 20:10:35 GMT+0000 (Coordinated Universal Time),true,false,Skills,Aspca Maclay,,,,skill,count,badge,false,skill_aspca_maclay_count,skill-aspca-maclay-count,60,
skill-age-group-eq-count,skill-age-group-eq-count,6a93283f3e79e76602c137c3,69d681f3e5bf7b084d8d85c2,6a9338e043434688a51141e8,false,false,Sat Aug 29 2026 19:54:08 GMT+0000 (Coordinated Universal Time),Sat Aug 29 2026 20:10:35 GMT+0000 (Coordinated Universal Time),Sat Aug 29 2026 20:10:35 GMT+0000 (Coordinated Universal Time),true,false,Skills,Age Group Eq,,,,skill,count,badge,false,skill_age_group_eq_count,skill-age-group-eq-count,70,
skill-premier-cup-count,skill-premier-cup-count,6a93283f3e79e76602c137c3,69d681f3e5bf7b084d8d85c2,6a9338e043434688a51141ea,false,false,Sat Aug 29 2026 19:54:08 GMT+0000 (Coordinated Universal Time),Sat Aug 29 2026 20:10:35 GMT+0000 (Coordinated Universal Time),Sat Aug 29 2026 20:10:35 GMT+0000 (Coordinated Universal Time),true,false,Skills,Premier Cup,,,,skill,count,badge,false,skill_premier_cup_count,skill-premier-cup-count,80,
skill-wihs-count,skill-wihs-count,6a93283f3e79e76602c137c3,69d681f3e5bf7b084d8d85c2,6a9338e043434688a51141ec,false,false,Sat Aug 29 2026 19:54:08 GMT+0000 (Coordinated Universal Time),Sat Aug 29 2026 20:10:35 GMT+0000 (Coordinated Universal Time),Sat Aug 29 2026 20:10:35 GMT+0000 (Coordinated Universal Time),true,false,Skills,Wihs,,,,skill,count,badge,false,skill_wihs_count,skill-wihs-count,90,
window-under-1-mo,window-under-1-mo,6a93283f3e79e76602c137c3,69d681f3e5bf7b084d8d85c2,6a9338e043434688a51141ee,false,false,Sat Aug 29 2026 19:54:08 GMT+0000 (Coordinated Universal Time),Sat Aug 29 2026 20:10:35 GMT+0000 (Coordinated Universal Time),Sat Aug 29 2026 20:10:35 GMT+0000 (Coordinated Universal Time),true,false,Window,UNDER 1 MO,,,,window,assigned,badge,false,under-1-mo,window-under-1-mo,10,30
window-under-6-mos,window-under-6-mos,6a93283f3e79e76602c137c3,69d681f3e5bf7b084d8d85c2,6a9338e043434688a51141f0,false,false,Sat Aug 29 2026 19:54:08 GMT+0000 (Coordinated Universal Time),Sat Aug 29 2026 20:10:35 GMT+0000 (Coordinated Universal Time),Sat Aug 29 2026 20:10:35 GMT+0000 (Coordinated Universal Time),true,false,Window,UNDER 6 MOS,,,,window,assigned,badge,false,under-6-mos,window-under-6-mos,20,183
window-under-12-mos,window-under-12-mos,6a93283f3e79e76602c137c3,69d681f3e5bf7b084d8d85c2,6a9338e043434688a51141f2,false,false,Sat Aug 29 2026 19:54:08 GMT+0000 (Coordinated Universal Time),Sat Aug 29 2026 20:10:35 GMT+0000 (Coordinated Universal Time),Sat Aug 29 2026 20:10:35 GMT+0000 (Coordinated Universal Time),true,false,Window,UNDER 12 MOS,,,,window,assigned,badge,false,under-12-mos,window-under-12-mos,30,365
window-12-plus-mos,window-12-plus-mos,6a93283f3e79e76602c137c3,69d681f3e5bf7b084d8d85c2,6a9338e043434688a51141f4,false,false,Sat Aug 29 2026 19:54:08 GMT+0000 (Coordinated Universal Time),Sat Aug 29 2026 20:10:35 GMT+0000 (Coordinated Universal Time),Sat Aug 29 2026 20:10:35 GMT+0000 (Coordinated Universal Time),true,false,Window,12+ MOS,,,,window,assigned,badge,false,12-plus-mos,window-12-plus-mos,40,
video-available,video-available,6a93283f3e79e76602c137c3,69d681f3e5bf7b084d8d85c2,6a9338e043434688a51141f6,false,false,Sat Aug 29 2026 19:54:08 GMT+0000 (Coordinated Universal Time),Sat Aug 29 2026 20:10:35 GMT+0000 (Coordinated Universal Time),Sat Aug 29 2026 20:10:35 GMT+0000 (Coordinated Universal Time),true,false,assigned,Video,,,,video,assigned,badge,false,video_available,video-available,10,
height-3ft-9in-count,height-3ft-9in-count,6a93283f3e79e76602c137c3,69d681f3e5bf7b084d8d85c2,6a9338e043434688a51141f8,false,false,Sat Aug 29 2026 19:54:08 GMT+0000 (Coordinated Universal Time),Sat Aug 29 2026 20:10:35 GMT+0000 (Coordinated Universal Time),Sat Aug 29 2026 20:10:35 GMT+0000 (Coordinated Universal Time),true,false,Heights,"3'9""",,,,height,count,number,false,height_3ft_9in_count,height-3ft-9in-count,70,
window-years,window-years,6a93283f3e79e76602c137c3,69d681f3e5bf7b084d8d85c2,6a933cabffd1d7cd1c086971,false,false,Sat Aug 29 2026 20:10:19 GMT+0000 (Coordinated Universal Time),Sat Aug 29 2026 20:10:35 GMT+0000 (Coordinated Universal Time),Sat Aug 29 2026 21:23:10 GMT+0000 (Coordinated Universal Time),true,false,Internal,Window Years,,,,window,calculated,number,false,window_years,window-years,70,
window-months,window-months,6a93283f3e79e76602c137c3,69d681f3e5bf7b084d8d85c2,6a933cabffd1d7cd1c086973,false,false,Sat Aug 29 2026 20:10:19 GMT+0000 (Coordinated Universal Time),Sat Aug 29 2026 20:10:35 GMT+0000 (Coordinated Universal Time),Sat Aug 29 2026 21:23:10 GMT+0000 (Coordinated Universal Time),true,false,Internal,Window Months,,,,window,calculated,number,false,window_months,window-months,60,
window-display,window-display,6a93283f3e79e76602c137c3,69d681f3e5bf7b084d8d85c2,6a933cabffd1d7cd1c086975,false,false,Sat Aug 29 2026 20:10:19 GMT+0000 (Coordinated Universal Time),Sat Aug 29 2026 20:10:35 GMT+0000 (Coordinated Universal Time),Sat Aug 29 2026 21:23:10 GMT+0000 (Coordinated Universal Time),true,false,Internal,Window Display,,,,window,calculated,text,false,window_display,window-display,80,
window-days,window-days,6a93283f3e79e76602c137c3,69d681f3e5bf7b084d8d85c2,6a933cabffd1d7cd1c086977,false,false,Sat Aug 29 2026 20:10:19 GMT+0000 (Coordinated Universal Time),Sat Aug 29 2026 20:10:35 GMT+0000 (Coordinated Universal Time),Sat Aug 29 2026 21:23:10 GMT+0000 (Coordinated Universal Time),true,false,Internal,Window Days,,,,window,calculated,number,false,window_days,window-days,50,
unofficial,unofficial,6a93283f3e79e76602c137c3,69d681f3e5bf7b084d8d85c2,6a933cabffd1d7cd1c086979,false,false,Sat Aug 29 2026 20:10:19 GMT+0000 (Coordinated Universal Time),Sat Aug 29 2026 20:10:35 GMT+0000 (Coordinated Universal Time),Sat Aug 29 2026 21:23:10 GMT+0000 (Coordinated Universal Time),false,false,Internal,Unofficial,,,,internal,assigned,boolean,false,unofficial,unofficial,20,
latest-date,latest-date,6a93283f3e79e76602c137c3,69d681f3e5bf7b084d8d85c2,6a933cabffd1d7cd1c08697b,false,false,Sat Aug 29 2026 20:10:19 GMT+0000 (Coordinated Universal Time),Sat Aug 29 2026 20:10:35 GMT+0000 (Coordinated Universal Time),Sat Aug 29 2026 21:23:10 GMT+0000 (Coordinated Universal Time),true,false,Milestone,Latest Date,,,,milestone,assigned,date,false,latest_date,latest-date,20,
latest,latest,6a93283f3e79e76602c137c3,69d681f3e5bf7b084d8d85c2,6a933cabffd1d7cd1c08697d,false,false,Sat Aug 29 2026 20:10:19 GMT+0000 (Coordinated Universal Time),Sat Aug 29 2026 20:10:35 GMT+0000 (Coordinated Universal Time),Sat Aug 29 2026 21:23:10 GMT+0000 (Coordinated Universal Time),false,false,Internal,Latest,,,,internal,assigned,boolean,false,latest,latest,10,
highest-result-class,highest-result-class,6a93283f3e79e76602c137c3,69d681f3e5bf7b084d8d85c2,6a933cabffd1d7cd1c08697f,false,false,Sat Aug 29 2026 20:10:19 GMT+0000 (Coordinated Universal Time),Sat Aug 29 2026 20:10:35 GMT+0000 (Coordinated Universal Time),Sat Aug 29 2026 21:23:10 GMT+0000 (Coordinated Universal Time),true,false,Internal,Highest Result Class,,,,milestone,assigned,link,false,highest_result_class,highest-result-class,40,
highest-result,highest-result,6a93283f3e79e76602c137c3,69d681f3e5bf7b084d8d85c2,6a933cabffd1d7cd1c086981,false,false,Sat Aug 29 2026 20:10:19 GMT+0000 (Coordinated Universal Time),Sat Aug 29 2026 20:10:35 GMT+0000 (Coordinated Universal Time),Sat Aug 29 2026 21:23:10 GMT+0000 (Coordinated Universal Time),true,false,Results,Highest Result,,,,milestone,assigned,result,false,highest_result,highest-result,30,
first-date,first-date,6a93283f3e79e76602c137c3,69d681f3e5bf7b084d8d85c2,6a933cabffd1d7cd1c086983,false,false,Sat Aug 29 2026 20:10:19 GMT+0000 (Coordinated Universal Time),Sat Aug 29 2026 20:10:35 GMT+0000 (Coordinated Universal Time),Sat Aug 29 2026 21:23:10 GMT+0000 (Coordinated Universal Time),true,false,assigned,First Date,,,,milestone,assigned,date,false,first_date,first-date,10,
