cluster_id,reason,rank,show_no,focus_day,ring_day_no,ring_no,ring_name,display_time,class_order_min,class_order_values,class_no,class_number,class_name,entry_count,active_entries,active_horses,hide,conflict,class_hide_linked
14906|2026-06-14|3911|678|cluster_1,same_ring_day_time,1,14906,2026-06-14,3911,678,INDOOR 4 - Lucy,7:30A,1,1,29038,332,Low Adult Hunter 55+ 2'6,5,0,,,,
14906|2026-06-14|3911|678|cluster_1,same_ring_day_time,2,14906,2026-06-14,3911,678,INDOOR 4 - Lucy,7:30A,2,2,29039,333,Low Adult Hunter 55+ 2'6,5,0,,1,,
14906|2026-06-14|3911|678|cluster_1,same_ring_day_time,3,14906,2026-06-14,3911,678,INDOOR 4 - Lucy,7:30A,3,3,29032,327,Low Adult Hunter 36-54 2'6,9,0,,1,,
14906|2026-06-14|3911|678|cluster_1,same_ring_day_time,4,14906,2026-06-14,3911,678,INDOOR 4 - Lucy,7:30A,4,4,29034,328,Low Adult Hunter 36-54 2'6,8,0,,1,,
14906|2026-06-14|3911|678|cluster_1,same_ring_day_time,5,14906,2026-06-14,3911,678,INDOOR 4 - Lucy,7:30A,5,5,29200,428,Low Adult Hunter Classic 36+ 2'6',9,0,,1,,
14906|2026-06-14|3911|678|cluster_2,same_ring_day_time,1,14906,2026-06-14,3911,678,INDOOR 4 - Lucy,9:30A,7,7,29027,322,Low Adult Hunter 18-35 2'6,10,0,,,,
14906|2026-06-14|3911|678|cluster_2,same_ring_day_time,2,14906,2026-06-14,3911,678,INDOOR 4 - Lucy,9:30A,8,8,29028,323,Low Adult Hunter 18-35 2'6,9,0,,1,,
14906|2026-06-14|3911|678|cluster_2,same_ring_day_time,3,14906,2026-06-14,3911,678,INDOOR 4 - Lucy,9:30A,9,9,29199,427,Low Adult Hunter Classic 18-35 2'6',7,0,,1,,
14906|2026-06-14|3911|678|cluster_3,same_ring_day_time,1,14906,2026-06-14,3911,678,INDOOR 4 - Lucy,11:30A,12,12,33545,307,Low Children's Hunter 2'/6',12,0,,,,
14906|2026-06-14|3911|678|cluster_3,same_ring_day_time,2,14906,2026-06-14,3911,678,INDOOR 4 - Lucy,11:30A,13,13,33546,308,Low Children's Hunter 2'/6',11,0,,1,,
14906|2026-06-14|3911|678|cluster_3,same_ring_day_time,3,14906,2026-06-14,3911,678,INDOOR 4 - Lucy,11:30A,14,14,33454,425,Low Children's Hunter Classic 2'6,11,0,,1,,
14906|2026-06-14|3911|678|cluster_4,same_ring_day_time,1,14906,2026-06-14,3911,678,INDOOR 4 - Lucy,1:15P,16,16,28956,164,Green Pony Hunter Lg 2'9,4,0,,,,
14906|2026-06-14|3911|678|cluster_4,same_ring_day_time,2,14906,2026-06-14,3911,678,INDOOR 4 - Lucy,1:15P,17,17,28957,165,Green Pony Hunter Lg 2'9,4,0,,1,,
14906|2026-06-14|3911|678|cluster_4,same_ring_day_time,3,14906,2026-06-14,3911,678,INDOOR 4 - Lucy,1:15P,18,18,28972,184,Pony Hunter Lg 2'9,5,0,,1,,
14906|2026-06-14|3911|678|cluster_4,same_ring_day_time,4,14906,2026-06-14,3911,678,INDOOR 4 - Lucy,1:15P,19,19,28973,185,Pony Hunter Lg 2'9,5,0,,1,,
14906|2026-06-14|3911|678|cluster_4,same_ring_day_time,5,14906,2026-06-14,3911,678,INDOOR 4 - Lucy,1:15P,24,24,29463,419,Green Pony Hunter Classic 2'9,8,0,,,1,
14906|2026-06-14|3911|678|cluster_4,same_ring_day_time,6,14906,2026-06-14,3911,678,INDOOR 4 - Lucy,1:15P,25,25,29431,418,Pony Hunter Classic 2'3/2'6,10,1,Knox,,1,
14906|2026-06-14|3911|678|cluster_5,same_ring_day_time,1,14906,2026-06-14,3911,678,INDOOR 4 - Lucy,2:30P,20,20,33538,152,Green Pony Hunter Med/Sm 2'6,4,1,Knox,,,
14906|2026-06-14|3911|678|cluster_5,same_ring_day_time,2,14906,2026-06-14,3911,678,INDOOR 4 - Lucy,2:30P,21,21,33539,153,Green Pony Hunter Med/Sm 2'6,4,1,Knox,1,,
14906|2026-06-14|3911|678|cluster_5,same_ring_day_time,3,14906,2026-06-14,3911,678,INDOOR 4 - Lucy,2:30P,22,22,33550,172,Pony Hunter Sm/Med 2'3,6,1,Knox,1,,
14906|2026-06-14|3911|678|cluster_5,same_ring_day_time,4,14906,2026-06-14,3911,678,INDOOR 4 - Lucy,2:30P,23,23,33551,173,Pony Hunter Sm/Med 2'3,6,1,Knox,1,,
14906|2026-06-14|3893|675|cluster_6,same_ring_day_time,1,14906,2026-06-14,3893,675,INDOOR 1 - Sarah,7:30A,1,1,33520,84,AO Hunter 3'6,5,0,,,,
14906|2026-06-14|3893|675|cluster_6,same_ring_day_time,2,14906,2026-06-14,3893,675,INDOOR 1 - Sarah,7:30A,10,10,33558,416,Amateur Owner Hunter Classic 3'6,11,0,,1,1,
14906|2026-06-14|3893|675|cluster_7,same_ring_day_time,1,14906,2026-06-14,3893,675,INDOOR 1 - Sarah,7:45A,2,2,33518,82,AO Hunter 3'6,5,0,,,,
14906|2026-06-14|3893|675|cluster_7,same_ring_day_time,2,14906,2026-06-14,3893,675,INDOOR 1 - Sarah,7:45A,3,3,33519,83,AO Hunter 3'6,5,0,,1,,
14906|2026-06-14|3893|675|cluster_8,same_ring_day_near_time,1,14906,2026-06-14,3893,675,INDOOR 1 - Sarah,8:30A,4,4,29349,99,Amateur Owner Hunter 3'3,4,0,,,,
14906|2026-06-14|3893|675|cluster_8,same_ring_day_near_time,2,14906,2026-06-14,3893,675,INDOOR 1 - Sarah,8:30A,5,5,29347,97,Amateur Owner Hunter 3'3,4,0,,1,,
14906|2026-06-14|3893|675|cluster_8,same_ring_day_near_time,3,14906,2026-06-14,3893,675,INDOOR 1 - Sarah,8:30A,6,6,29348,98,Amateur Owner Hunter 3'3,4,0,,1,,
14906|2026-06-14|3893|675|cluster_8,same_ring_day_near_time,4,14906,2026-06-14,3893,675,INDOOR 1 - Sarah,9:15A,7,7,29344,94,Amateur Owner Hunter 3'3,4,0,,,,
14906|2026-06-14|3893|675|cluster_8,same_ring_day_near_time,5,14906,2026-06-14,3893,675,INDOOR 1 - Sarah,9:30A,8,8,29342,92,Amateur Owner Hunter 3'3,4,0,,,,
14906|2026-06-14|3893|675|cluster_8,same_ring_day_near_time,6,14906,2026-06-14,3893,675,INDOOR 1 - Sarah,9:30A,9,9,29343,93,Amateur Owner Hunter 3'3,4,0,,1,,
14906|2026-06-14|3893|675|cluster_9,same_ring_day_near_time,1,14906,2026-06-14,3893,675,INDOOR 1 - Sarah,10:00A,11,11,33525,104,Junior Hunter 3'6,4,1,Macho,,,
14906|2026-06-14|3893|675|cluster_9,same_ring_day_near_time,2,14906,2026-06-14,3893,675,INDOOR 1 - Sarah,10:30A,13,13,33523,102,Junior Hunter 3'6,4,1,Macho,,,
14906|2026-06-14|3893|675|cluster_9,same_ring_day_near_time,3,14906,2026-06-14,3893,675,INDOOR 1 - Sarah,10:30A,14,14,33524,103,Junior Hunter 3'6,4,1,Macho,1,,
14906|2026-06-14|3893|675|cluster_9,same_ring_day_near_time,4,14906,2026-06-14,3893,675,INDOOR 1 - Sarah,10:30A,17,17,33541,412,Junior Hunter Classic 3'6,9,1,Macho,,1,
14906|2026-06-14|3893|675|cluster_10,same_ring_day_time,1,14906,2026-06-14,3893,675,INDOOR 1 - Sarah,11:00A,15,15,33528,122,Junior Hunter 3'3,6,0,,,,
14906|2026-06-14|3893|675|cluster_10,same_ring_day_time,2,14906,2026-06-14,3893,675,INDOOR 1 - Sarah,11:00A,16,16,33529,123,Junior Hunter 3'3,7,0,,1,,
14906|2026-06-14|3893|675|cluster_11,same_ring_day_time,1,14906,2026-06-14,3893,675,INDOOR 1 - Sarah,12:45P,20,20,28996,222,Adult Hunter 18-35 3',14,2,"Curtis, Navy",,,
14906|2026-06-14|3893|675|cluster_11,same_ring_day_time,2,14906,2026-06-14,3893,675,INDOOR 1 - Sarah,12:45P,21,21,28998,223,Adult Hunter 18-35 3',14,2,"Curtis, Navy",1,,
14906|2026-06-14|3893|675|cluster_11,same_ring_day_time,3,14906,2026-06-14,3893,675,INDOOR 1 - Sarah,12:45P,22,22,29196,423,NAL/WIHS Adult Hunter Classic 18-35 3',11,2,"Navy, Curtis",1,,
14906|2026-06-14|3893|675|cluster_12,same_ring_day_time,1,14906,2026-06-14,3893,675,INDOOR 1 - Sarah,3:00P,24,24,29002,227,Adult Hunter 36-54 3',4,0,,,,
14906|2026-06-14|3893|675|cluster_12,same_ring_day_time,2,14906,2026-06-14,3893,675,INDOOR 1 - Sarah,3:00P,25,25,29003,228,Adult Hunter 36-54 3',4,0,,1,,
14906|2026-06-14|3893|675|cluster_12,same_ring_day_time,3,14906,2026-06-14,3893,675,INDOOR 1 - Sarah,3:00P,26,26,29007,232,Adult Hunter 55+ 3',5,0,,1,,
14906|2026-06-14|3893|675|cluster_12,same_ring_day_time,4,14906,2026-06-14,3893,675,INDOOR 1 - Sarah,3:00P,27,27,29008,233,Adult Hunter 55+ 3',5,0,,1,,
14906|2026-06-14|3893|675|cluster_12,same_ring_day_time,5,14906,2026-06-14,3893,675,INDOOR 1 - Sarah,3:00P,28,28,29197,424,NAL/WIHS Adult Hunter Classic 36+ 3',7,0,,1,,
14906|2026-06-14|3893|675|cluster_13,same_ring_day_time,1,14906,2026-06-14,3893,675,INDOOR 1 - Sarah,4:45P,31,31,28991,207,Child Hunter 15-17 3',4,0,,,,
14906|2026-06-14|3893|675|cluster_13,same_ring_day_time,2,14906,2026-06-14,3893,675,INDOOR 1 - Sarah,4:45P,32,32,28992,208,Child Hunter 15-17 3',4,0,,1,,
14906|2026-06-14|3893|675|cluster_14,same_ring_day_time,1,14906,2026-06-14,3893,675,INDOOR 1 - Sarah,5:30P,34,34,28986,202,Child Hunter 14/U 3',8,2,"Tommy, Pedro",,,
14906|2026-06-14|3893|675|cluster_14,same_ring_day_time,2,14906,2026-06-14,3893,675,INDOOR 1 - Sarah,5:30P,35,35,28987,203,Child Hunter 14/U 3',9,2,"Pedro, Tommy",1,,
14906|2026-06-14|3899|676|cluster_15,same_ring_day_time,1,14906,2026-06-14,3899,676,INDOOR 2 - Jo,8:00A,1,1,29250,929,Walk Trot Equitation Ground Rails,10,0,,,,
14906|2026-06-14|3899|676|cluster_15,same_ring_day_time,2,14906,2026-06-14,3899,676,INDOOR 2 - Jo,8:00A,2,2,29251,930,Walk Trot Equitation Ground Rails,10,0,,1,,
14906|2026-06-14|3899|676|cluster_16,same_ring_day_time,1,14906,2026-06-14,3899,676,INDOOR 2 - Jo,8:45A,3,3,33457,918,Crossrails 18,15,0,,,,
14906|2026-06-14|3899|676|cluster_16,same_ring_day_time,2,14906,2026-06-14,3899,676,INDOOR 2 - Jo,8:45A,4,4,33458,919,Crossrails 18,14,0,,1,,
14906|2026-06-14|3899|676|cluster_17,same_ring_day_time,1,14906,2026-06-14,3899,676,INDOOR 2 - Jo,10:30A,6,6,29472,902,Short/Long Stirrup Hunter 2',19,0,,,,
14906|2026-06-14|3899|676|cluster_17,same_ring_day_time,2,14906,2026-06-14,3899,676,INDOOR 2 - Jo,10:30A,8,8,29473,903,Short/Long Stirrup Hunter 2',19,0,,1,,
14906|2026-06-14|3899|676|cluster_17,same_ring_day_time,3,14906,2026-06-14,3899,676,INDOOR 2 - Jo,10:30A,9,9,29201,926,Short Stirrup/Long Stirrup Classic 2',14,0,,,,
14906|2026-06-14|3899|676|cluster_18,same_ring_day_time,1,14906,2026-06-14,3899,676,INDOOR 2 - Jo,1:30P,11,11,33533,212,Child Pony Hunter 2'/2'6,7,0,,,,
14906|2026-06-14|3899|676|cluster_18,same_ring_day_time,2,14906,2026-06-14,3899,676,INDOOR 2 - Jo,1:30P,12,12,33534,213,Child Pony Hunter 2'/2'6,7,0,,1,,
14906|2026-06-14|3899|676|cluster_18,same_ring_day_time,3,14906,2026-06-14,3899,676,INDOOR 2 - Jo,1:30P,13,13,29193,420,Children's Pony Hunter Classic 2'/2'6',6,0,,1,,
14906|2026-06-14|4186|683|cluster_19,same_ring_day_time,1,14906,2026-06-14,4186,683,INDOOR 5 - Cassie,1:00P,7,7,29121,809,.95m Novice Junior Classic II.2b,26,1,Shrek,,,
14906|2026-06-14|4186|683|cluster_19,same_ring_day_time,2,14906,2026-06-14,4186,683,INDOOR 5 - Cassie,1:00P,8,8,29124,810,.95m Novice Amateur Classic II.2b,13,0,,1,,