class_no,ring_no,ring_day_no,ring_name,time_text,event_name,entry_count,lock,shows,classes,ring_days,rings,show_days,events,focus_show,record_id
30070,685,4224,INDOOR 5,1:00 pm,683) 1.0m Young Jumpers II,20,true,recYzHH8l3BfSw93e,recTzXm1PBH2F0Tfo,recYpG64M9deHCFs3,recbtp3vCFG3g21jJ,reclDCSjqeQ3CLDeV,recogabRROeM0aZtv,recLh1GS3VPfTe1z2,recveJGLkk9RjGHh7
29776,685,4224,INDOOR 5,11:45 am,630) 1.10m Jumper  II.1,26,true,recYzHH8l3BfSw93e,recKYeZbINNd8OkRn,recYpG64M9deHCFs3,recbtp3vCFG3g21jJ,reclDCSjqeQ3CLDeV,recmWHzAJ8Mn4uurS,recLh1GS3VPfTe1z2,recP9oVXUDS2eAmyS
30052,685,4224,INDOOR 5,2:00 pm,680) .90m Young Jumpers II,9,true,recYzHH8l3BfSw93e,rechrO2BNz7y9sris,recYpG64M9deHCFs3,recbtp3vCFG3g21jJ,reclDCSjqeQ3CLDeV,reckQQguUQ8h5F6cu,recLh1GS3VPfTe1z2,reci3odRyUkDjLulD
30012,685,4224,INDOOR 5,8:00 am,624) .95m Jumper II.1,23,true,recYzHH8l3BfSw93e,recxbHPNQpMiWhGFv,recYpG64M9deHCFs3,recbtp3vCFG3g21jJ,reclDCSjqeQ3CLDeV,recq9VpngbCBt0yaT,recLh1GS3VPfTe1z2,recO9CW9FR6D75kYl
29774,685,4224,INDOOR 5,9:45 am,627) 1.00m Jumper II.1,31,true,recYzHH8l3BfSw93e,recwFzSMh5PPs5gSZ,recYpG64M9deHCFs3,recbtp3vCFG3g21jJ,reclDCSjqeQ3CLDeV,rec46159Svo87ZIV4,recLh1GS3VPfTe1z2,recjxDAEQi3YtW4qB
29754,686,3936,WEC GRAND ARENA,1:00 pm,645) $1000 1.35m Jumper II.1,66,true,recYzHH8l3BfSw93e,recU8ipADrabfsLVl,recQ6EzTsDkI9kOGC,recbIfaR987YLeOAi,reclDCSjqeQ3CLDeV,receQvzEsYGU4LVJV,recLh1GS3VPfTe1z2,recvfqbyymIQa6kuI
33311,686,3936,WEC GRAND ARENA,11:30 am,"1101) $3,000 Coca-Cola 1.40m CSIU25 Two Phase 222.1.4.3",21,true,recYzHH8l3BfSw93e,rec1ObrG6ch801GSH,recQ6EzTsDkI9kOGC,recbIfaR987YLeOAi,reclDCSjqeQ3CLDeV,recKWuookqLLBVGCQ,recLh1GS3VPfTe1z2,recLsogDnoaD6LfYD
29855,686,3936,WEC GRAND ARENA,8:00 am,"3301) $5,000 Coca-Cola1.40m CSI3* Two Phase 222.1.4.3",23,true,recYzHH8l3BfSw93e,recDuOOkHotwvqpMl,recQ6EzTsDkI9kOGC,recbIfaR987YLeOAi,reclDCSjqeQ3CLDeV,recVhXWacuT19LLcr,recLh1GS3VPfTe1z2,reciUkVHWVFgDzrar
29559,686,3936,WEC GRAND ARENA,9:45 am,"3302) $32,000 Coca-Cola  1.45m CSI3* Speed 220.2.1.1",26,true,recYzHH8l3BfSw93e,recLw6NllktIgseWI,recQ6EzTsDkI9kOGC,recbIfaR987YLeOAi,reclDCSjqeQ3CLDeV,recAcIZQtiCodMzb3,recLh1GS3VPfTe1z2,recERmIcmVMi480ad
29784,687,4219,INDOOR 6,1:45 pm,689) $250 1.20m Young Jumper  II.1,25,true,recYzHH8l3BfSw93e,recRlU8ER76Na0ZXe,recv7mhX5hNKN8RAC,recLpYWCRxBEPGXpM,reclDCSjqeQ3CLDeV,recVEpzk8bCKt41Jw,recLh1GS3VPfTe1z2,recd43jMYOrlkRcvJ
29751,687,4219,INDOOR 6,12:15 pm,642) $1000 1.30m Jumper II.1,25,true,recYzHH8l3BfSw93e,recXrEUKzI8zuMgaH,recv7mhX5hNKN8RAC,recLpYWCRxBEPGXpM,reclDCSjqeQ3CLDeV,rec7ropZVM6uVSYdD,recLh1GS3VPfTe1z2,recHsu95Zb5ro0M9X
29787,687,4219,INDOOR 6,3:00 pm,692) $250 1.30m Young Jumper   II.1,12,true,recYzHH8l3BfSw93e,recPftKF95dVuiFHr,recv7mhX5hNKN8RAC,recLpYWCRxBEPGXpM,reclDCSjqeQ3CLDeV,recR3uS5xkKgSAixE,recLh1GS3VPfTe1z2,recxsGXaqIoHHxbMf
29781,687,4219,INDOOR 6,3:45 pm,686) 1.10m Young Jumper  II,20,true,recYzHH8l3BfSw93e,rec877b8wbKFMTFk5,recv7mhX5hNKN8RAC,recLpYWCRxBEPGXpM,reclDCSjqeQ3CLDeV,recaQIRgBzOO9F9IH,recLh1GS3VPfTe1z2,recY2iDxTBV2qsUYP
29779,687,4219,INDOOR 6,7:30 am,633) 1.15m Jumper II.1,41,true,recYzHH8l3BfSw93e,recFMShlFsuZlEoBE,recv7mhX5hNKN8RAC,recLpYWCRxBEPGXpM,reclDCSjqeQ3CLDeV,recHRSCju4RVqwo4g,recLh1GS3VPfTe1z2,recHjufb3p5ruel7a
29748,687,4219,INDOOR 6,9:45 am,636) $500 1.20m Jumper II.1,46,true,recYzHH8l3BfSw93e,recdfOeBkYD0obhv0,recv7mhX5hNKN8RAC,recLpYWCRxBEPGXpM,reclDCSjqeQ3CLDeV,recdzmIaSMcr9zbT4,recLh1GS3VPfTe1z2,recreUBiFC2MZmR9i
29690,688,3942,INDOOR 1,11:00 am,245) USHJA Hunter 3'3,5,true,recYzHH8l3BfSw93e,recVDataLkvg0jfSZ,receHgC0WW7ikFhx7,recs89ouqGsLmJXfj,reclDCSjqeQ3CLDeV,recfekrnA7iPahNjZ,recLh1GS3VPfTe1z2,recfHcZEh4ZLqA1QZ
29691,688,3942,INDOOR 1,11:00 am,246) USHJA Hunter 3'3,5,true,recYzHH8l3BfSw93e,rec73clhdGfWydZyX,receHgC0WW7ikFhx7,recs89ouqGsLmJXfj,reclDCSjqeQ3CLDeV,rec5PK82Jk81M137z,recLh1GS3VPfTe1z2,recPyMhA8KV8ZTfk1
29914,688,3942,INDOOR 1,11:00 am,28) $350 Green Hunter 3'3,2,true,recYzHH8l3BfSw93e,recFYrylbEB9UicSj,receHgC0WW7ikFhx7,recs89ouqGsLmJXfj,reclDCSjqeQ3CLDeV,recAs26eXjCNq8s2T,recLh1GS3VPfTe1z2,recU0Eiatz0k27CQ1
29909,688,3942,INDOOR 1,9:00 am,23) $600 Green Hunter 3'6,3,true,recYzHH8l3BfSw93e,recUPfwSFg8Zp50WW,receHgC0WW7ikFhx7,recs89ouqGsLmJXfj,reclDCSjqeQ3CLDeV,recCpoLbSgdxAkGYw,recLh1GS3VPfTe1z2,rec2BzDNSg4WDQHgz
29913,688,3942,INDOOR 1,9:30 am,27) $200 Green Hunter 3'6,3,true,recYzHH8l3BfSw93e,recSxp0DCZwQxPmp7,receHgC0WW7ikFhx7,recs89ouqGsLmJXfj,reclDCSjqeQ3CLDeV,recKu8SZCXDULtBSa,recLh1GS3VPfTe1z2,recBX9xbONzyDrolx
29878,689,3948,INDOOR 2,1:15 pm,274) USHJA Hunter 2'9,8,true,recYzHH8l3BfSw93e,recYHHJ0QHspzDp7O,reci75cOdjPTTp62w,reciXxIicTUg0rqJb,reclDCSjqeQ3CLDeV,reciiQO8Z5vzReDi5,recLh1GS3VPfTe1z2,recjZI0rhly5sHxcT
29924,689,3948,INDOOR 2,11:45 am,37) $200 Green Hunter 3'0,14,true,recYzHH8l3BfSw93e,rec7hR6OgFfdqJcp9,reci75cOdjPTTp62w,reciXxIicTUg0rqJb,reclDCSjqeQ3CLDeV,recODTrbmoQz5utO0,recLh1GS3VPfTe1z2,reczcmooFTMVEtyx8
29881,689,3948,INDOOR 2,12:15 pm,271) USHJA Hunter 2'9,7,true,recYzHH8l3BfSw93e,rec1S51NC12JPiHYE,reci75cOdjPTTp62w,reciXxIicTUg0rqJb,reclDCSjqeQ3CLDeV,recDqPLN0uknBJOut,recLh1GS3VPfTe1z2,recI3RpiCRDuYHCWz
29930,689,3948,INDOOR 2,2:00 pm,48) $350 Young Hunter 2'9,7,true,recYzHH8l3BfSw93e,recc2Q7U192WG3Wz5,reci75cOdjPTTp62w,reciXxIicTUg0rqJb,reclDCSjqeQ3CLDeV,recypQVPgLReXg7og,recLh1GS3VPfTe1z2,recO0syHYNAZKGykW
29934,689,3948,INDOOR 2,2:45 pm,52) $150 Young Hunter 2'9,7,true,recYzHH8l3BfSw93e,recxQxnQqkoCgSMdn,reci75cOdjPTTp62w,reciXxIicTUg0rqJb,reclDCSjqeQ3CLDeV,rec1SRJ39GKJITquF,recLh1GS3VPfTe1z2,rec3ZDEoJUW4HN32r
29936,689,3948,INDOOR 2,3:00 pm,54) $350 Young Hunter 3',6,true,recYzHH8l3BfSw93e,recQwudhKZUCbt6aA,reci75cOdjPTTp62w,reciXxIicTUg0rqJb,reclDCSjqeQ3CLDeV,recEwHidqvsr0TbQs,recLh1GS3VPfTe1z2,recbMVcMhnEPoI63z
29939,689,3948,INDOOR 2,3:30 pm,57) $150 Young Hunter 3' U/S,6,true,recYzHH8l3BfSw93e,recjS7iP9xYTz8znQ,reci75cOdjPTTp62w,reciXxIicTUg0rqJb,reclDCSjqeQ3CLDeV,recjTiFbudS2JW4Pr,recLh1GS3VPfTe1z2,recXkcWM45qeAOL6h
29941,689,3948,INDOOR 2,3:45 pm,59) $350 Young Hunter 3'3,4,true,recYzHH8l3BfSw93e,recn6UXqW50lKZjP8,reci75cOdjPTTp62w,reciXxIicTUg0rqJb,reclDCSjqeQ3CLDeV,recXleA5Vd1UWSuWZ,recLh1GS3VPfTe1z2,rec0IXlin151hIPEp
29684,689,3948,INDOOR 2,8:00 am,275) USHJA Hunter 3',19,true,recYzHH8l3BfSw93e,rec0W5uZJmzIsZmiD,reci75cOdjPTTp62w,reciXxIicTUg0rqJb,reclDCSjqeQ3CLDeV,rec3DNMrUjc0Qt6x1,recLh1GS3VPfTe1z2,recnxcUtLZ3Rb50u9
29920,689,3948,INDOOR 2,8:00 am,34) $350 Green Hunter 3'0,13,true,recYzHH8l3BfSw93e,recU5qKkhL3yRCilZ,reci75cOdjPTTp62w,reciXxIicTUg0rqJb,reclDCSjqeQ3CLDeV,recJRfkU48qqomzGm,recLh1GS3VPfTe1z2,rechE6ahuk2jjboIl
29683,691,3960,INDOOR 4,1:00 pm,269) USHJA Hunter 2'6,18,true,recYzHH8l3BfSw93e,recmPY3RDveUU9wqL,recpM8qf9qp09BUKZ,rec49a6FWHtrmZs4k,reclDCSjqeQ3CLDeV,rectsAC8P3KuxGPp2,recLh1GS3VPfTe1z2,rec23tvCOEUoKRv8l
29674,691,3960,INDOOR 4,1:45 pm,260) USHJA Hunter 2'3,14,true,recYzHH8l3BfSw93e,recWot11uIPWdNeUZ,recpM8qf9qp09BUKZ,rec49a6FWHtrmZs4k,reclDCSjqeQ3CLDeV,recltNKlvARi3j0wG,recLh1GS3VPfTe1z2,recRGEMY5hanFFY49
29665,691,3960,INDOOR 4,8:00 am,281) Baby Green Hunter 2'6',9,true,recYzHH8l3BfSw93e,recAYWdCuq6xvZWwf,recpM8qf9qp09BUKZ,rec49a6FWHtrmZs4k,reclDCSjqeQ3CLDeV,recqVlhIKj9jGmn07,recLh1GS3VPfTe1z2,rec6EfOywfR4xwCc2
29679,691,3960,INDOOR 4,8:00 am,265) USHJA Hunter 2'6,42,true,recYzHH8l3BfSw93e,rec3AJKFZBFYZmShK,recpM8qf9qp09BUKZ,rec49a6FWHtrmZs4k,reclDCSjqeQ3CLDeV,recObDQTaUfpYB8Fc,recLh1GS3VPfTe1z2,recXIA3AMnmQ2u8cb
33349,742,4232,STADIUM,3:00 pm,337) WEC Hunter 3' US,15,true,recYzHH8l3BfSw93e,recGIzVXXTVlQ9Mgd,rec3OBitqsaENELLc,rec80qovSB0UvOZep,reclDCSjqeQ3CLDeV,recBftQQ2Hk9NsChA,recLh1GS3VPfTe1z2,recgNDJfzi57Owmno
33348,742,4232,STADIUM,7:30 am,336) WEC Hunter 3',65,true,recYzHH8l3BfSw93e,rec0R7TihIKFkgFuI,rec3OBitqsaENELLc,rec80qovSB0UvOZep,reclDCSjqeQ3CLDeV,recza242wkuaZyXw2,recLh1GS3VPfTe1z2,rec7OR4MTmy0UlsVD