record_id,class_visual_key,ring_visual_key,class_start_time,focus_day,Created,class_name,status,class_no,class_start_key,last_synced_at,show_no,ring_name_normalized,ring_name,ring_no,ring_day_no,class_number,entry_count,display_time,live_source
rec1yNhOIFMY6Hloo,indoor_5|27089,643|indoor_5,09:00:00,2026-07-03,2026-07-03T19:51:41.000Z,.75m Jumper Junior/Amateur IV.1,active,27089,indoor_5|27089,2026-07-03 20:06:20,14909,indoor 5,Indoor 5 - Cassie Goebel,643,3598,610,14,9:00 am,hs_update_schedule.step4_runtime_prep
rec2g06rauPqBpdX8,indoor_4|26918,747|indoor_4,11:15:00,2026-07-03,2026-07-03T19:51:42.000Z,Children's Pony Equitation 2'6,active,26918,indoor_4|26918,2026-07-03 20:06:20,14909,indoor 4,Indoor 4 - Lucy Bolton,747,4320,524,2,11:15 am,hs_update_schedule.step4_runtime_prep
rec2vXVFUTSO7qG5w,grand|26829,640|grand,10:00:00,2026-07-03,2026-07-03T14:00:29.000Z,1.35m Jumper II.2b,active,26829,grand|26829,2026-07-03 20:06:20,14909,grand,WEC Grand Arena - Nate Poliquin,640,3580,647,22,10:00 am,hs_update_schedule.step4_runtime_prep
rec36KG7c2SiqPEVc,indoor_2|26909,645|indoor_2,14:00:00,2026-07-03,2026-07-03T19:51:41.000Z,Low Children's Equitation 2'6,active,26909,indoor_2|26909,2026-07-03 20:06:20,14909,indoor 2,Indoor 2 - Jo Walker,645,3610,515,13,2:00 pm,hs_update_schedule.step4_runtime_prep
rec4TVxmr71ZsPQNp,indoor_2|26904,645|indoor_2,08:45:00,2026-07-03,2026-07-03T19:51:42.000Z,Adult Equitation 3',active,26904,indoor_2|26904,2026-07-03 20:06:20,14909,indoor 2,Indoor 2 - Jo Walker,645,3610,510,10,8:45 am,hs_update_schedule.step4_runtime_prep
rec5UfrN7dlZEqRRk,indoor_4|26749,747|indoor_4,09:30:00,2026-07-03,2026-07-03T19:51:42.000Z,USHJA Hunter 2',active,26749,indoor_4|26749,2026-07-03 20:06:20,14909,indoor 4,Indoor 4 - Lucy Bolton,747,4320,258,9,9:30 am,hs_update_schedule.step4_runtime_prep
rec5XN12WzPAUpBWK,annex|26923,648|annex,09:30:00,2026-07-03,2026-07-03T14:00:31.000Z,USEF Talent Search 3'9,active,26923,annex|26923,2026-07-03 20:06:20,14909,annex,Jumper Annex - Gary Gregory,648,4202,527,4,9:30 am,hs_update_schedule.step4_runtime_prep
rec5hvg2DWexUfrpH,indoor_4|26920,747|indoor_4,11:30:00,2026-07-03,2026-07-03T19:51:42.000Z,Children's Pony Equitation Flat,active,26920,indoor_4|26920,2026-07-03 20:06:20,14909,indoor 4,Indoor 4 - Lucy Bolton,747,4320,526,2,11:30 am,hs_update_schedule.step4_runtime_prep
rec77ctkuEpZmwfgu,indoor_6|26823,642|indoor_6,14:15:00,2026-07-03,2026-07-03T19:51:40.000Z,1.20m Jumper II.2b,active,26823,indoor_6|26823,2026-07-03 20:06:20,14909,indoor 6,Indoor 6 - Brandon Serpico,642,3592,638,29,2:15 pm,hs_update_schedule.step4_runtime_prep
rec7WlaFgndRRZMom,indoor_4|26740,747|indoor_4,09:15:00,2026-07-03,2026-07-03T19:51:42.000Z,Future Hunter 2' U/S,active,26740,indoor_4|26740,2026-07-03 20:06:20,14909,indoor 4,Indoor 4 - Lucy Bolton,747,4320,254,3,9:15 am,hs_update_schedule.step4_runtime_prep
rec7lxXnIpJxrbT1x,indoor_4|26916,747|indoor_4,11:45:00,2026-07-03,2026-07-03T19:51:42.000Z,Pony Equitation 2'3,active,26916,indoor_4|26916,2026-07-03 20:06:20,14909,indoor 4,Indoor 4 - Lucy Bolton,747,4320,522,2,11:45 am,hs_update_schedule.step4_runtime_prep
rec8cAKd1TM3jzH80,indoor_2|26907,645|indoor_2,10:30:00,2026-07-03,2026-07-03T19:51:41.000Z,Children's Equitation 3',active,26907,indoor_2|26907,2026-07-03 20:06:20,14909,indoor 2,Indoor 2 - Jo Walker,645,3610,513,5,10:30 am,hs_update_schedule.step4_runtime_prep
rec9Wh7OWmnnOHK0E,annex|35271,648|annex,08:30:00,2026-07-03,2026-07-03T14:00:31.000Z,USHJA Jumping Seat Medal 3'3,active,35271,annex|35271,2026-07-03 20:06:20,14909,annex,Jumper Annex - Gary Gregory,648,4202,537,9,8:30 am,hs_update_schedule.step4_runtime_prep
recBOO1flLQpQsgs2,indoor_4|26739,747|indoor_4,09:30:00,2026-07-03,2026-07-03T19:51:42.000Z,Future Hunter 2',active,26739,indoor_4|26739,2026-07-03 20:06:20,14909,indoor 4,Indoor 4 - Lucy Bolton,747,4320,253,3,9:30 am,hs_update_schedule.step4_runtime_prep
recBTvQCkkwAARbdd,indoor_2|26901,645|indoor_2,11:45:00,2026-07-03,2026-07-03T19:51:41.000Z,Equitation 15-17 3'3,active,26901,indoor_2|26901,2026-07-03 20:06:20,14909,indoor 2,Indoor 2 - Jo Walker,645,3610,507,4,11:45 am,hs_update_schedule.step4_runtime_prep
recBlWjwecQUtHw7a,indoor_6|30647,642|indoor_6,11:45:00,2026-07-03,2026-07-03T19:51:40.000Z,1.20m Amateur/Junior Jumper II.1,active,30647,indoor_6|30647,2026-07-03 20:06:20,14909,indoor 6,Indoor 6 - Brandon Serpico,642,3592,768,28,11:45 am,hs_update_schedule.step4_runtime_prep
recBxzhf358FLqe16,indoor_6|26800,642|indoor_6,09:15:00,2026-07-03,2026-07-03T19:51:40.000Z,1.10m Junior Jumper II.1,active,26800,indoor_6|26800,2026-07-03 20:06:20,14909,indoor 6,Indoor 6 - Brandon Serpico,642,3592,749,8,9:15 am,hs_update_schedule.step4_runtime_prep
recCTS3ToHD9Lkhj2,indoor_2|26900,645|indoor_2,11:45:00,2026-07-03,2026-07-03T19:51:41.000Z,Equitation 15-17 3'3,active,26900,indoor_2|26900,2026-07-03 20:06:20,14909,indoor 2,Indoor 2 - Jo Walker,645,3610,506,4,11:45 am,hs_update_schedule.step4_runtime_prep
recDZ6ZumFbegyey7,indoor_5|26820,643|indoor_5,13:15:00,2026-07-03,2026-07-03T19:51:41.000Z,Thoroughbred Jumper 1.0m II.2b,active,26820,indoor_5|26820,2026-07-03 20:06:20,14909,indoor 5,Indoor 5 - Cassie Goebel,643,3598,697,2,1:15 pm,hs_update_schedule.step4_runtime_prep
recGRFpB0pXgvQzyI,indoor_4|26738,747|indoor_4,09:30:00,2026-07-03,2026-07-03T19:51:42.000Z,Future Hunter 2',active,26738,indoor_4|26738,2026-07-03 20:06:20,14909,indoor 4,Indoor 4 - Lucy Bolton,747,4320,252,3,9:30 am,hs_update_schedule.step4_runtime_prep
recI1cqHddjuq80Rt,grand|26788,640|grand,13:15:00,2026-07-03,2026-07-03T14:00:29.000Z,1.40m Junior/AmateurJumper II.1,active,26788,grand|26788,2026-07-03 20:06:20,14909,grand,WEC Grand Arena - Nate Poliquin,640,3580,781,11,1:15 pm,hs_update_schedule.step4_runtime_prep
recIlNl6ruKhFZTxp,indoor_5|26815,643|indoor_5,12:30:00,2026-07-03,2026-07-03T19:51:41.000Z,.90m Amateur Jumper II.1,active,26815,indoor_5|26815,2026-07-03 20:06:20,14909,indoor 5,Indoor 5 - Cassie Goebel,643,3598,734,7,12:30 pm,hs_update_schedule.step4_runtime_prep
recLxNIBEbLZMnYey,indoor_2|26912,645|indoor_2,13:00:00,2026-07-03,2026-07-03T19:51:41.000Z,Low Adult Equitation 2'6,active,26912,indoor_2|26912,2026-07-03 20:06:20,14909,indoor 2,Indoor 2 - Jo Walker,645,3610,518,6,1:00 pm,hs_update_schedule.step4_runtime_prep
recM0RrXRSBO92TW9,indoor_5|26809,643|indoor_5,14:30:00,2026-07-03,2026-07-03T19:51:41.000Z,1.00m Adult Jumper II.1,active,26809,indoor_5|26809,2026-07-03 20:06:20,14909,indoor 5,Indoor 5 - Cassie Goebel,643,3598,740,16,2:30 pm,hs_update_schedule.step4_runtime_prep
recO0qn1G2zBuexWQ,indoor_5|26837,643|indoor_5,07:30:00,2026-07-03,2026-07-03T19:51:41.000Z,.65m Long Creek Farms Jr/Am IV.1,active,26837,indoor_5|26837,2026-07-03 20:06:20,14909,indoor 5,Indoor 5 - Cassie Goebel,643,3598,604,12,7:30 am,hs_update_schedule.step4_runtime_prep
recP4Ap5ZoHDZFnM3,indoor_2|26908,645|indoor_2,11:00:00,2026-07-03,2026-07-03T19:51:41.000Z,Children's Equitation Flat,active,26908,indoor_2|26908,2026-07-03 20:06:20,14909,indoor 2,Indoor 2 - Jo Walker,645,3610,514,6,11:00 am,hs_update_schedule.step4_runtime_prep
recPXYuwxHMxSB50E,indoor_5|26834,643|indoor_5,07:30:00,2026-07-03,2026-07-03T19:51:41.000Z,.65m Jumper Open IV.1,active,26834,indoor_5|26834,2026-07-03 20:06:20,14909,indoor 5,Indoor 5 - Cassie Goebel,643,3598,601,15,7:30 am,hs_update_schedule.step4_runtime_prep
recQIZyHmHcQjq4vs,indoor_1|26870,644|indoor_1,13:15:00,2026-07-03,2026-07-03T19:51:41.000Z,Golden Ocala Hunter Derby 3'6,active,26870,indoor_1|26870,2026-07-03 20:06:20,14909,indoor 1,Indoor 1- Sarah Haas,644,3604,406,12,1:15 pm,hs_update_schedule.step4_runtime_prep
recQbUoIx74mE3ZfU,indoor_5|26812,643|indoor_5,12:30:00,2026-07-03,2026-07-03T19:51:41.000Z,.90m Junior Jumper II.1,active,26812,indoor_5|26812,2026-07-03 20:06:20,14909,indoor 5,Indoor 5 - Cassie Goebel,643,3598,731,7,12:30 pm,hs_update_schedule.step4_runtime_prep
recQdDRVbfFl6yXug,indoor_6|26797,642|indoor_6,10:30:00,2026-07-03,2026-07-03T19:51:40.000Z,1.15m Junior/Amateur Jumper II.1,active,26797,indoor_6|26797,2026-07-03 20:06:20,14909,indoor 6,Indoor 6 - Brandon Serpico,642,3592,757,15,10:30 am,hs_update_schedule.step4_runtime_prep
recSt0Kt6kB1AWotr,indoor_5|26806,643|indoor_5,14:30:00,2026-07-03,2026-07-03T19:51:41.000Z,1.00m Junior Jumper II.1,active,26806,indoor_5|26806,2026-07-03 20:06:20,14909,indoor 5,Indoor 5 - Cassie Goebel,643,3598,737,21,2:30 pm,hs_update_schedule.step4_runtime_prep
recTJvScUCpWijuW9,indoor_2|26911,645|indoor_2,15:00:00,2026-07-03,2026-07-03T19:51:42.000Z,Low Children's Equitation Flat,active,26911,indoor_2|26911,2026-07-03 20:06:20,14909,indoor 2,Indoor 2 - Jo Walker,645,3610,517,11,3:00 pm,hs_update_schedule.step4_runtime_prep
recVAWU358inmJiGc,indoor_2|26906,645|indoor_2,10:30:00,2026-07-03,2026-07-03T19:51:41.000Z,Children's Equitation 3',active,26906,indoor_2|26906,2026-07-03 20:06:20,14909,indoor 2,Indoor 2 - Jo Walker,645,3610,512,6,10:30 am,hs_update_schedule.step4_runtime_prep
recWHEzBjudxXDpfZ,indoor_6|26855,642|indoor_6,07:30:00,2026-07-03,2026-07-03T19:51:40.000Z,1.10m Jumper II.2b,active,26855,indoor_6|26855,2026-07-03 20:06:20,14909,indoor 6,Indoor 6 - Brandon Serpico,642,3592,632,19,7:30 am,hs_update_schedule.step4_runtime_prep
recYzV5ttHJhAbdLc,grand|26676,640|grand,08:00:00,2026-07-03,2026-07-03T14:00:29.000Z,C.Jarvis Insurance Welcome Prix 1.40m II.2b,active,26676,grand|26676,2026-07-03 20:06:20,14909,grand,WEC Grand Arena - Nate Poliquin,640,3580,804,25,8:00 am,hs_update_schedule.step4_runtime_prep
recZ1N6YkdfhtZ3e0,indoor_5|26849,643|indoor_5,10:45:00,2026-07-03,2026-07-03T19:51:41.000Z,.85m Jumper Junior/Amateur II.2d,active,26849,indoor_5|26849,2026-07-03 20:06:20,14909,indoor 5,Indoor 5 - Cassie Goebel,643,3598,622,9,10:45 am,hs_update_schedule.step4_runtime_prep
recZ7Vk1fiTe0rW1B,indoor_2|26905,645|indoor_2,10:00:00,2026-07-03,2026-07-03T19:51:41.000Z,Adult Equitation Flat,active,26905,indoor_2|26905,2026-07-03 20:06:20,14909,indoor 2,Indoor 2 - Jo Walker,645,3610,511,8,10:00 am,hs_update_schedule.step4_runtime_prep
recZHmQfHRHGPr4a4,indoor_2|26914,645|indoor_2,13:45:00,2026-07-03,2026-07-03T19:51:41.000Z,Low Adult Equitation Flat,active,26914,indoor_2|26914,2026-07-03 20:06:20,14909,indoor 2,Indoor 2 - Jo Walker,645,3610,520,4,1:45 pm,hs_update_schedule.step4_runtime_prep
recZMzVkbqCz0iLmv,indoor_1|26868,644|indoor_1,08:30:00,2026-07-03,2026-07-03T19:51:41.000Z,USHJA UF Vet Hunter Derby 3' Open,active,26868,indoor_1|26868,2026-07-03 20:06:20,14909,indoor 1,Indoor 1- Sarah Haas,644,3604,404,12,8:30 am,hs_update_schedule.step4_runtime_prep
recZgF5WeO6Afy5nZ,indoor_2|26898,645|indoor_2,12:15:00,2026-07-03,2026-07-03T19:51:41.000Z,Equitation 12-14 2'9,active,26898,indoor_2|26898,2026-07-03 20:06:20,14909,indoor 2,Indoor 2 - Jo Walker,645,3610,504,6,12:15 pm,hs_update_schedule.step4_runtime_prep
recb2JaNEStBJQzJM,indoor_6|26826,642|indoor_6,15:30:00,2026-07-03,2026-07-03T19:51:40.000Z,1.30m Jumper II.2b,active,26826,indoor_6|26826,2026-07-03 20:06:20,14909,indoor 6,Indoor 6 - Brandon Serpico,642,3592,644,15,3:30 pm,hs_update_schedule.step4_runtime_prep
recdehIvwKOObMkDG,indoor_4|26748,747|indoor_4,09:30:00,2026-07-03,2026-07-03T19:51:42.000Z,USHJA Hunter 2',active,26748,indoor_4|26748,2026-07-03 20:06:20,14909,indoor 4,Indoor 4 - Lucy Bolton,747,4320,257,10,9:30 am,hs_update_schedule.step4_runtime_prep
recgNQKbYoSeupK8r,indoor_4|26919,747|indoor_4,11:15:00,2026-07-03,2026-07-03T19:51:42.000Z,Children's Pony Equitation 2'6,active,26919,indoor_4|26919,2026-07-03 20:06:20,14909,indoor 4,Indoor 4 - Lucy Bolton,747,4320,525,2,11:15 am,hs_update_schedule.step4_runtime_prep
rechYsVshYm04E3Pw,indoor_2|26899,645|indoor_2,00:00:00,2026-07-03,2026-07-03T19:51:41.000Z,Equitation 12-14 Flat,active,26899,indoor_2|26899,2026-07-03 20:06:20,14909,indoor 2,Indoor 2 - Jo Walker,645,3610,505,6,12:00 am,hs_update_schedule.step4_runtime_prep
recnC5xbupfAa70XG,indoor_2|26897,645|indoor_2,12:15:00,2026-07-03,2026-07-03T19:51:41.000Z,Equitation 12-14 2'9,active,26897,indoor_2|26897,2026-07-03 20:06:20,14909,indoor 2,Indoor 2 - Jo Walker,645,3610,503,6,12:15 pm,hs_update_schedule.step4_runtime_prep
recnrdP9kYqNegQw6,indoor_2|26913,645|indoor_2,13:00:00,2026-07-03,2026-07-03T19:51:41.000Z,Low Adult Equitation 2'6,active,26913,indoor_2|26913,2026-07-03 20:06:20,14909,indoor 2,Indoor 2 - Jo Walker,645,3610,519,5,1:00 pm,hs_update_schedule.step4_runtime_prep
recoSWx8IsMU7WjQY,indoor_1|26869,644|indoor_1,10:15:00,2026-07-03,2026-07-03T19:51:41.000Z,USHJA National Hunter Derby 3' Jr/Am,active,26869,indoor_1|26869,2026-07-03 20:06:20,14909,indoor 1,Indoor 1- Sarah Haas,644,3604,405,20,10:15 am,hs_update_schedule.step4_runtime_prep
recqUIUZt91ufQN7h,indoor_2|26910,645|indoor_2,14:00:00,2026-07-03,2026-07-03T19:51:42.000Z,Low Children's Equitation 2'6,active,26910,indoor_2|26910,2026-07-03 20:06:20,14909,indoor 2,Indoor 2 - Jo Walker,645,3610,516,13,2:00 pm,hs_update_schedule.step4_runtime_prep
recqxQl38aa7jIuBX,indoor_4|26917,747|indoor_4,00:15:00,2026-07-03,2026-07-03T19:51:42.000Z,Pony Equitation Flat,active,26917,indoor_4|26917,2026-07-03 20:06:20,14909,indoor 4,Indoor 4 - Lucy Bolton,747,4320,523,2,12:15 am,hs_update_schedule.step4_runtime_prep
recrk2RHbi2Va61xD,indoor_5|26846,643|indoor_5,10:45:00,2026-07-03,2026-07-03T19:51:41.000Z,.85m Jumper Open II.2d,active,26846,indoor_5|26846,2026-07-03 20:06:20,14909,indoor 5,Indoor 5 - Cassie Goebel,643,3598,619,15,10:45 am,hs_update_schedule.step4_runtime_prep
rectPv3oZg4F9Vv0d,indoor_6|26803,642|indoor_6,09:15:00,2026-07-03,2026-07-03T19:51:41.000Z,1.10m Amateur Jumper II.1,active,26803,indoor_6|26803,2026-07-03 20:06:20,14909,indoor 6,Indoor 6 - Brandon Serpico,642,3592,755,15,9:15 am,hs_update_schedule.step4_runtime_prep
rectsbhfo5k7QrptK,indoor_5|26966,643|indoor_5,13:15:00,2026-07-03,2026-07-03T19:51:41.000Z,1.00m Jumper II.2b,active,26966,indoor_5|26966,2026-07-03 20:06:20,14909,indoor 5,Indoor 5 - Cassie Goebel,643,3598,629,12,1:15 pm,hs_update_schedule.step4_runtime_prep
rectz4Z7RZapNXSZw,indoor_2|26903,645|indoor_2,08:45:00,2026-07-03,2026-07-03T19:51:42.000Z,Adult Equitation 3',active,26903,indoor_2|26903,2026-07-03 20:06:20,14909,indoor 2,Indoor 2 - Jo Walker,645,3610,509,10,8:45 am,hs_update_schedule.step4_runtime_prep
recuIsnoqmODtocYk,indoor_2|26936,645|indoor_2,08:00:00,2026-07-03,2026-07-03T19:51:42.000Z,THIS Adult Medal 3',active,26936,indoor_2|26936,2026-07-03 20:06:20,14909,indoor 2,Indoor 2 - Jo Walker,645,3610,547,8,8:00 am,hs_update_schedule.step4_runtime_prep
recuXhQymanAxgdpF,grand|26791,640|grand,23:45:00,2026-07-03,2026-07-03T14:00:29.000Z,1.30m Junior/Amateur Jumper II.1,active,26791,grand|26791,2026-07-03 20:06:20,14909,grand,WEC Grand Arena - Nate Poliquin,640,3580,775,25,11:45 pm,hs_update_schedule.step4_runtime_prep
recvF9tjt0aTNMFZj,indoor_5|27083,643|indoor_5,09:00:00,2026-07-03,2026-07-03T19:51:41.000Z,.75m Jumper Open IV.1,active,27083,indoor_5|27083,2026-07-03 20:06:20,14909,indoor 5,Indoor 5 - Cassie Goebel,643,3598,607,17,9:00 am,hs_update_schedule.step4_runtime_prep
recy4R0C2g437MOGY,indoor_2|26902,645|indoor_2,11:30:00,2026-07-03,2026-07-03T19:51:41.000Z,Equitation 15-17 Flat,active,26902,indoor_2|26902,2026-07-03 20:06:20,14909,indoor 2,Indoor 2 - Jo Walker,645,3610,508,4,11:30 am,hs_update_schedule.step4_runtime_prep
recyPXxlH53p3z9vs,indoor_4|26750,747|indoor_4,09:00:00,2026-07-03,2026-07-03T19:51:42.000Z,USHJA Hunter 2' U/S,active,26750,indoor_4|26750,2026-07-03 20:06:20,14909,indoor 4,Indoor 4 - Lucy Bolton,747,4320,259,10,9:00 am,hs_update_schedule.step4_runtime_prep
recz7OQvW625BRJwv,indoor_4|26915,747|indoor_4,11:45:00,2026-07-03,2026-07-03T19:51:42.000Z,Pony Equitation 2'3,active,26915,indoor_4|26915,2026-07-03 20:06:20,14909,indoor 4,Indoor 4 - Lucy Bolton,747,4320,521,2,11:45 am,hs_update_schedule.step4_runtime_prep
