record_id,entry_count,source_payload,show_no,ring_no,oc_id,focus_day_key,show_focus_key,run_id,date_text,ring_day_no,iso_date,event_type,source_endpoint,class_name,live_flag,event_id,ring_name,heartbeat_id,update_schedule_key,class_no,Last Modified,event_name,focus_day,hs_heartbeat,class_number,time_text,class_payout,test,test_date
rec00d4USLLcM01yn,0,"{""event_id"":""65123"",""data_class"":""0"",""data_name"":""Derby Flat Work Only 5:00am-7:45 am"",""data_time"":"""",""data_entries"":""0""}",14909,644,0,20260703,14909|20260703,wec-step1-20260703T200602397Z-step2,"Friday, July 3, 2026",3604,2026-07-03,5,update_schedule.php,Derby Flat Work Only 5:00am-7:45 am,false,65123,Indoor 1- Sarah Haas,14909|2026-07-03|wec-step1-20260703T200602397Z-step2,14909|3604|65123,0,2026-07-03T04:00:11.000Z,Derby Flat Work Only 5:00am-7:45 am,2026-07-03,,,,,,
rec1dIAE81k2K3ZuX,0,"{""event_id"":""65128"",""data_class"":""0"",""data_name"":""Ring Maintenance"",""data_time"":"""",""data_entries"":""0""}",14909,644,0,20260703,14909|20260703,wec-step1-20260703T200602397Z-step2,"Friday, July 3, 2026",3604,2026-07-03,5,update_schedule.php,Ring Maintenance,false,65128,Indoor 1- Sarah Haas,14909|2026-07-03|wec-step1-20260703T200602397Z-step2,14909|3604|65128,0,2026-07-03T04:00:11.000Z,Ring Maintenance,2026-07-03,,,,,,
rec2NmkTgJv1IN7do,0,"{""event_id"":""65125"",""data_class"":""0"",""data_name"":""Course Walk/Hand Walk"",""data_time"":"""",""data_entries"":""0""}",14909,644,0,20260703,14909|20260703,wec-step1-20260703T200602397Z-step2,"Friday, July 3, 2026",3604,2026-07-03,5,update_schedule.php,Course Walk/Hand Walk,false,65125,Indoor 1- Sarah Haas,14909|2026-07-03|wec-step1-20260703T200602397Z-step2,14909|3604|65125,0,2026-07-03T04:00:11.000Z,Course Walk/Hand Walk,2026-07-03,,,,,,
rec2wrlItWnE2rziq,0,"{""event_id"":""65133"",""data_class"":""0"",""data_name"":""Ring Maintenance"",""data_time"":"""",""data_entries"":""0""}",14909,747,0,20260703,14909|20260703,wec-step1-20260703T200602397Z-step2,"Friday, July 3, 2026",4320,2026-07-03,5,update_schedule.php,Ring Maintenance,false,65133,Indoor 4 - Lucy Bolton,14909|2026-07-03|wec-step1-20260703T200602397Z-step2,14909|4320|65133,0,2026-07-03T04:00:17.000Z,Ring Maintenance,2026-07-03,,,,,,
rec3EU1vRJ1k8e6Bw,12,"{""event_id"":""59658"",""data_class"":""26870"",""data_name"":""406) $7,500 Golden Ocala Hunter Derby 3'6"",""data_time"":""1:15 pm"",""data_entries"":""12""}",14909,644,3604,20260703,14909|20260703,wec-step1-20260703T200602397Z-step2,"Friday, July 3, 2026",3604,2026-07-03,1,update_schedule.php,Golden Ocala Hunter Derby 3'6,false,59658,Indoor 1- Sarah Haas,14909|2026-07-03|wec-step1-20260703T200602397Z-step2,14909|26870,26870,2026-07-03T18:54:13.000Z,"406) $7,500 Golden Ocala Hunter Derby 3'6",2026-07-03,"[""rec8lQxGIu1Nk0uoX""]",406,1:15 pm,"$7,500",true,
rec4XAf0aYgYa62Af,14,"{""event_id"":""59970"",""data_class"":""27089"",""data_name"":""610) .75m Jumper Junior/Amateur IV.1"",""data_time"":""9:00 am"",""data_entries"":""14""}",14909,643,0,20260703,14909|20260703,wec-step1-20260703T200602397Z-step2,"Friday, July 3, 2026",3598,2026-07-03,1,update_schedule.php,.75m Jumper Junior/Amateur IV.1,false,59970,Indoor 5 - Cassie Goebel,14909|2026-07-03|wec-step1-20260703T200602397Z-step2,14909|27089,27089,2026-07-03T14:36:12.000Z,610) .75m Jumper Junior/Amateur IV.1,2026-07-03,"[""rec8lQxGIu1Nk0uoX""]",610,9:00 am,,true,2026-07-03
rec5VzVxI6VAX9vvl,0,"{""event_id"":""65115"",""data_class"":""0"",""data_name"":""Ring Maintenance"",""data_time"":"""",""data_entries"":""0""}",14909,640,0,20260703,14909|20260703,wec-step1-20260703T200602397Z-step2,"Friday, July 3, 2026",3580,2026-07-03,5,update_schedule.php,Ring Maintenance,false,65115,WEC Grand Arena - Nate Poliquin,14909|2026-07-03|wec-step1-20260703T200602397Z-step2,14909|3580|65115,0,2026-07-03T04:00:05.000Z,Ring Maintenance,2026-07-03,,,,,,
rec5WM34lZ2weT0Xb,10,"{""event_id"":""63392"",""data_class"":""26904"",""data_name"":""510) Adult Equitation 3'"",""data_time"":""8:45 am"",""data_entries"":""10""}",14909,645,0,20260703,14909|20260703,wec-step1-20260703T200602397Z-step2,"Friday, July 3, 2026",3610,2026-07-03,1,update_schedule.php,Adult Equitation 3',false,63392,Indoor 2 - Jo Walker,14909|2026-07-03|wec-step1-20260703T200602397Z-step2,14909|26904,26904,2026-07-03T14:42:14.000Z,510) Adult Equitation 3',2026-07-03,"[""rec8lQxGIu1Nk0uoX""]",510,8:45 am,,true,2026-07-03
rec72lpuqYksI93wG,2,"{""event_id"":""63432"",""data_class"":""26915"",""data_name"":""521) Pony Equitation 2'3"",""data_time"":""11:45 am"",""data_entries"":""2""}",14909,747,0,20260703,14909|20260703,wec-step1-20260703T200602397Z-step2,"Friday, July 3, 2026",4320,2026-07-03,1,update_schedule.php,Pony Equitation 2'3,false,63432,Indoor 4 - Lucy Bolton,14909|2026-07-03|wec-step1-20260703T200602397Z-step2,14909|26915,26915,2026-07-03T16:24:16.000Z,521) Pony Equitation 2'3,2026-07-03,"[""rec8lQxGIu1Nk0uoX""]",521,11:45 am,,true,
rec7JCNC63BoWWxUA,12,"{""event_id"":""59656"",""data_class"":""26868"",""data_name"":""404) $5,000 USHJA UF Vet Hunter Derby 3' Open"",""data_time"":""8:30 am"",""data_entries"":""12""}",14909,644,0,20260703,14909|20260703,wec-step1-20260703T200602397Z-step2,"Friday, July 3, 2026",3604,2026-07-03,1,update_schedule.php,USHJA UF Vet Hunter Derby 3' Open,false,59656,Indoor 1- Sarah Haas,14909|2026-07-03|wec-step1-20260703T200602397Z-step2,14909|26868,26868,2026-07-03T14:00:15.000Z,"404) $5,000 USHJA UF Vet Hunter Derby 3' Open",2026-07-03,"[""rec8lQxGIu1Nk0uoX""]",404,8:30 am,"$5,000",true,2026-07-03
rec7NDvqXTQ6QM3fp,6,"{""event_id"":""63401"",""data_class"":""26898"",""data_name"":""504) Equitation 12-14 2'9"",""data_time"":""12:15 pm"",""data_entries"":""6""}",14909,645,0,20260703,14909|20260703,wec-step1-20260703T200602397Z-step2,"Friday, July 3, 2026",3610,2026-07-03,1,update_schedule.php,Equitation 12-14 2'9,false,63401,Indoor 2 - Jo Walker,14909|2026-07-03|wec-step1-20260703T200602397Z-step2,14909|26898,26898,2026-07-03T17:54:14.000Z,504) Equitation 12-14 2'9,2026-07-03,"[""rec8lQxGIu1Nk0uoX""]",504,12:15 pm,,true,
rec7jC2KMBEbgBJMp,12,"{""event_id"":""59968"",""data_class"":""26837"",""data_name"":""604) $100 .65m Long Creek Farms Jr/Am IV.1"",""data_time"":""7:30 am"",""data_entries"":""12""}",14909,643,0,20260703,14909|20260703,wec-step1-20260703T200602397Z-step2,"Friday, July 3, 2026",3598,2026-07-03,1,update_schedule.php,.65m Long Creek Farms Jr/Am IV.1,false,59968,Indoor 5 - Cassie Goebel,14909|2026-07-03|wec-step1-20260703T200602397Z-step2,14909|26837,26837,2026-07-03T12:48:12.000Z,604) $100 .65m Long Creek Farms Jr/Am IV.1,2026-07-03,"[""rec8lQxGIu1Nk0uoX""]",604,7:30 am,$100,true,2026-07-03
rec7nCtlyvxjNCzSe,3,"{""event_id"":""63427"",""data_class"":""26738"",""data_name"":""252) Future Hunter 2'"",""data_time"":""9:30 am"",""data_entries"":""3""}",14909,747,0,20260703,14909|20260703,wec-step1-20260703T200602397Z-step2,"Friday, July 3, 2026",4320,2026-07-03,1,update_schedule.php,Future Hunter 2',false,63427,Indoor 4 - Lucy Bolton,14909|2026-07-03|wec-step1-20260703T200602397Z-step2,14909|26738,26738,2026-07-03T14:48:18.000Z,252) Future Hunter 2',2026-07-03,"[""rec8lQxGIu1Nk0uoX""]",252,9:30 am,,true,2026-07-03
rec8DLKcVG31Zq2e4,0,"{""event_id"":""65122"",""data_class"":""0"",""data_name"":""Ring Maintenance"",""data_time"":"""",""data_entries"":""0""}",14909,643,0,20260703,14909|20260703,wec-step1-20260703T200602397Z-step2,"Friday, July 3, 2026",3598,2026-07-03,5,update_schedule.php,Ring Maintenance,false,65122,Indoor 5 - Cassie Goebel,14909|2026-07-03|wec-step1-20260703T200602397Z-step2,14909|3598|65122,0,2026-07-03T04:00:10.000Z,Ring Maintenance,2026-07-03,,,,,,
rec8xqbQs1MKG0qJD,9,"{""event_id"":""63426"",""data_class"":""26749"",""data_name"":""258) USHJA Hunter 2'"",""data_time"":""9:30 am"",""data_entries"":""9""}",14909,747,0,20260703,14909|20260703,wec-step1-20260703T200602397Z-step2,"Friday, July 3, 2026",4320,2026-07-03,1,update_schedule.php,USHJA Hunter 2',false,63426,Indoor 4 - Lucy Bolton,14909|2026-07-03|wec-step1-20260703T200602397Z-step2,14909|26749,26749,2026-07-03T15:06:18.000Z,258) USHJA Hunter 2',2026-07-03,"[""rec8lQxGIu1Nk0uoX""]",258,9:30 am,,true,2026-07-03
recAYrV9psjXe6otN,13,"{""event_id"":""59812"",""data_class"":""26909"",""data_name"":""515) Low Children's Equitation 2'6"",""data_time"":""2:00 pm"",""data_entries"":""13""}",14909,645,0,20260703,14909|20260703,wec-step1-20260703T200602397Z-step2,"Friday, July 3, 2026",3610,2026-07-03,1,update_schedule.php,Low Children's Equitation 2'6,false,59812,Indoor 2 - Jo Walker,14909|2026-07-03|wec-step1-20260703T200602397Z-step2,14909|26909,26909,2026-07-03T19:54:13.000Z,515) Low Children's Equitation 2'6,2026-07-03,"[""rec8lQxGIu1Nk0uoX""]",515,2:00 pm,,true,
recBAbtxfHBSl6UvS,8,"{""event_id"":""63390"",""data_class"":""26936"",""data_name"":""547) THIS Adult Medal 3'"",""data_time"":""8:00 am"",""data_entries"":""8""}",14909,645,0,20260703,14909|20260703,wec-step1-20260703T200602397Z-step2,"Friday, July 3, 2026",3610,2026-07-03,1,update_schedule.php,THIS Adult Medal 3',false,63390,Indoor 2 - Jo Walker,14909|2026-07-03|wec-step1-20260703T200602397Z-step2,14909|26936,26936,2026-07-03T13:06:15.000Z,547) THIS Adult Medal 3',2026-07-03,"[""rec8lQxGIu1Nk0uoX""]",547,8:00 am,,true,2026-07-03
recCIkvUdCR2LVU1u,15,"{""event_id"":""59971"",""data_class"":""26846"",""data_name"":""619) .85m Jumper Open II.2d"",""data_time"":""10:45 am"",""data_entries"":""15""}",14909,643,0,20260703,14909|20260703,wec-step1-20260703T200602397Z-step2,"Friday, July 3, 2026",3598,2026-07-03,1,update_schedule.php,.85m Jumper Open II.2d,false,59971,Indoor 5 - Cassie Goebel,14909|2026-07-03|wec-step1-20260703T200602397Z-step2,14909|26846,26846,2026-07-03T16:12:12.000Z,619) .85m Jumper Open II.2d,2026-07-03,"[""rec8lQxGIu1Nk0uoX""]",619,10:45 am,,true,2026-07-03
recDnNlg4lvpXi2iz,15,"{""event_id"":""59922"",""data_class"":""26797"",""data_name"":""757) $600 1.15m Junior/Amateur Jumper II.1"",""data_time"":""10:30 am"",""data_entries"":""15""}",14909,642,0,20260703,14909|20260703,wec-step1-20260703T200602397Z-step2,"Friday, July 3, 2026",3592,2026-07-03,1,update_schedule.php,1.15m Junior/Amateur Jumper II.1,false,59922,Indoor 6 - Brandon Serpico,14909|2026-07-03|wec-step1-20260703T200602397Z-step2,14909|26797,26797,2026-07-03T15:18:09.000Z,757) $600 1.15m Junior/Amateur Jumper II.1,2026-07-03,"[""rec8lQxGIu1Nk0uoX""]",757,10:30 am,$600,true,2026-07-03
recE8MqsSWC8vKJI8,10,"{""event_id"":""63423"",""data_class"":""26750"",""data_name"":""259) USHJA Hunter 2' U/S"",""data_time"":""9:00 am"",""data_entries"":""10""}",14909,747,0,20260703,14909|20260703,wec-step1-20260703T200602397Z-step2,"Friday, July 3, 2026",4320,2026-07-03,1,update_schedule.php,USHJA Hunter 2' U/S,false,63423,Indoor 4 - Lucy Bolton,14909|2026-07-03|wec-step1-20260703T200602397Z-step2,14909|26750,26750,2026-07-03T13:12:18.000Z,259) USHJA Hunter 2' U/S,2026-07-03,"[""rec8lQxGIu1Nk0uoX""]",259,9:00 am,,true,2026-07-03
recELGP1QAOB7bxGl,9,"{""event_id"":""59972"",""data_class"":""26849"",""data_name"":""622) .85m Jumper Junior/Amateur II.2d"",""data_time"":""10:45 am"",""data_entries"":""9""}",14909,643,0,20260703,14909|20260703,wec-step1-20260703T200602397Z-step2,"Friday, July 3, 2026",3598,2026-07-03,1,update_schedule.php,.85m Jumper Junior/Amateur II.2d,false,59972,Indoor 5 - Cassie Goebel,14909|2026-07-03|wec-step1-20260703T200602397Z-step2,14909|26849,26849,2026-07-03T15:36:13.000Z,622) .85m Jumper Junior/Amateur II.2d,2026-07-03,"[""rec8lQxGIu1Nk0uoX""]",622,10:45 am,,true,2026-07-03
recEbtEllZOIEwZHZ,0,"{""event_id"":""65129"",""data_class"":""0"",""data_name"":""Course Walk/Hand Walk 15 Minutes"",""data_time"":"""",""data_entries"":""0""}",14909,644,0,20260703,14909|20260703,wec-step1-20260703T200602397Z-step2,"Friday, July 3, 2026",3604,2026-07-03,5,update_schedule.php,Course Walk/Hand Walk 15 Minutes,false,65129,Indoor 1- Sarah Haas,14909|2026-07-03|wec-step1-20260703T200602397Z-step2,14909|3604|65129,0,2026-07-03T04:00:11.000Z,Course Walk/Hand Walk 15 Minutes,2026-07-03,,,,,,
recGluoIN9Y6sQnct,19,"{""event_id"":""59919"",""data_class"":""26855"",""data_name"":""632) 1.10m Jumper II.2b"",""data_time"":""7:30 am"",""data_entries"":""19""}",14909,642,0,20260703,14909|20260703,wec-step1-20260703T200602397Z-step2,"Friday, July 3, 2026",3592,2026-07-03,1,update_schedule.php,1.10m Jumper II.2b,false,59919,Indoor 6 - Brandon Serpico,14909|2026-07-03|wec-step1-20260703T200602397Z-step2,14909|26855,26855,2026-07-03T12:48:11.000Z,632) 1.10m Jumper II.2b,2026-07-03,"[""rec8lQxGIu1Nk0uoX""]",632,7:30 am,,true,2026-07-03
recHJ0SFXfSd5PZfD,10,"{""event_id"":""63425"",""data_class"":""26748"",""data_name"":""257) USHJA Hunter 2'"",""data_time"":""9:30 am"",""data_entries"":""10""}",14909,747,0,20260703,14909|20260703,wec-step1-20260703T200602397Z-step2,"Friday, July 3, 2026",4320,2026-07-03,1,update_schedule.php,USHJA Hunter 2',false,63425,Indoor 4 - Lucy Bolton,14909|2026-07-03|wec-step1-20260703T200602397Z-step2,14909|26748,26748,2026-07-03T14:54:18.000Z,257) USHJA Hunter 2',2026-07-03,"[""rec8lQxGIu1Nk0uoX""]",257,9:30 am,,true,2026-07-03
recJHa4BGTAFpaktS,6,"{""event_id"":""63396"",""data_class"":""26908"",""data_name"":""514) Children's Equitation Flat"",""data_time"":""11:00 am"",""data_entries"":""6""}",14909,645,0,20260703,14909|20260703,wec-step1-20260703T200602397Z-step2,"Friday, July 3, 2026",3610,2026-07-03,1,update_schedule.php,Children's Equitation Flat,false,63396,Indoor 2 - Jo Walker,14909|2026-07-03|wec-step1-20260703T200602397Z-step2,14909|26908,26908,2026-07-03T04:00:13.000Z,514) Children's Equitation Flat,2026-07-03,"[""rec8lQxGIu1Nk0uoX""]",514,11:00 am,,,
recK88Q1VeUorO8IE,0,"{""event_id"":""65140"",""data_class"":""0"",""data_name"":""Ring Maintenance"",""data_time"":"""",""data_entries"":""0""}",14909,643,0,20260703,14909|20260703,wec-step1-20260703T200602397Z-step2,"Friday, July 3, 2026",3598,2026-07-03,5,update_schedule.php,Ring Maintenance,false,65140,Indoor 5 - Cassie Goebel,14909|2026-07-03|wec-step1-20260703T200602397Z-step2,14909|3598|65140,0,2026-07-03T04:00:09.000Z,Ring Maintenance,2026-07-03,,,,,,
recKPdmjsYhyGyWSf,22,"{""event_id"":""59893"",""data_class"":""26829"",""data_name"":""647) $1000 1.35m Jumper II.2b"",""data_time"":""10:00 am"",""data_entries"":""22""}",14909,640,0,20260703,14909|20260703,wec-step1-20260703T200602397Z-step2,"Friday, July 3, 2026",3580,2026-07-03,1,update_schedule.php,1.35m Jumper II.2b,false,59893,WEC Grand Arena - Nate Poliquin,14909|2026-07-03|wec-step1-20260703T200602397Z-step2,14909|26829,26829,2026-07-03T15:12:09.000Z,647) $1000 1.35m Jumper II.2b,2026-07-03,"[""rec8lQxGIu1Nk0uoX""]",647,10:00 am,$1000,true,2026-07-03
recLqjkZlWJCli9R4,0,"{""event_id"":""65127"",""data_class"":""0"",""data_name"":""Ring Maintenance"",""data_time"":"""",""data_entries"":""0""}",14909,644,0,20260703,14909|20260703,wec-step1-20260703T200602397Z-step2,"Friday, July 3, 2026",3604,2026-07-03,5,update_schedule.php,Ring Maintenance,false,65127,Indoor 1- Sarah Haas,14909|2026-07-03|wec-step1-20260703T200602397Z-step2,14909|3604|65127,0,2026-07-03T04:00:11.000Z,Ring Maintenance,2026-07-03,,,,,,
recNpF6uotR3QFBnT,3,"{""event_id"":""63428"",""data_class"":""26739"",""data_name"":""253) Future Hunter 2'"",""data_time"":""9:30 am"",""data_entries"":""3""}",14909,747,0,20260703,14909|20260703,wec-step1-20260703T200602397Z-step2,"Friday, July 3, 2026",4320,2026-07-03,1,update_schedule.php,Future Hunter 2',false,63428,Indoor 4 - Lucy Bolton,14909|2026-07-03|wec-step1-20260703T200602397Z-step2,14909|26739,26739,2026-07-03T14:30:19.000Z,253) Future Hunter 2',2026-07-03,"[""rec8lQxGIu1Nk0uoX""]",253,9:30 am,,true,2026-07-03
recOvmOGe7KRfn3OX,0,"{""event_id"":""65120"",""data_class"":""0"",""data_name"":""Ring Maintenance"",""data_time"":"""",""data_entries"":""0""}",14909,643,0,20260703,14909|20260703,wec-step1-20260703T200602397Z-step2,"Friday, July 3, 2026",3598,2026-07-03,5,update_schedule.php,Ring Maintenance,false,65120,Indoor 5 - Cassie Goebel,14909|2026-07-03|wec-step1-20260703T200602397Z-step2,14909|3598|65120,0,2026-07-03T04:00:09.000Z,Ring Maintenance,2026-07-03,,,,,,
recOwPtKEK98r3Pqd,0,"{""event_id"":""65116"",""data_class"":""0"",""data_name"":""Ring Maintenance"",""data_time"":"""",""data_entries"":""0""}",14909,642,0,20260703,14909|20260703,wec-step1-20260703T200602397Z-step2,"Friday, July 3, 2026",3592,2026-07-03,5,update_schedule.php,Ring Maintenance,false,65116,Indoor 6 - Brandon Serpico,14909|2026-07-03|wec-step1-20260703T200602397Z-step2,14909|3592|65116,0,2026-07-03T04:00:07.000Z,Ring Maintenance,2026-07-03,,,,,,
recPXK1eKFwoFlYOh,11,"{""event_id"":""59814"",""data_class"":""26911"",""data_name"":""517) Low Children's Equitation Flat"",""data_time"":""3:00 pm"",""data_entries"":""11""}",14909,645,0,20260703,14909|20260703,wec-step1-20260703T200602397Z-step2,"Friday, July 3, 2026",3610,2026-07-03,1,update_schedule.php,Low Children's Equitation Flat,false,59814,Indoor 2 - Jo Walker,14909|2026-07-03|wec-step1-20260703T200602397Z-step2,14909|26911,26911,2026-07-03T04:00:13.000Z,517) Low Children's Equitation Flat,2026-07-03,"[""rec8lQxGIu1Nk0uoX""]",517,3:00 pm,,,
recQOje9C5p8UcMro,15,"{""event_id"":""59967"",""data_class"":""26834"",""data_name"":""601) $100 .65m Jumper Open IV.1"",""data_time"":""7:30 am"",""data_entries"":""15""}",14909,643,0,20260703,14909|20260703,wec-step1-20260703T200602397Z-step2,"Friday, July 3, 2026",3598,2026-07-03,1,update_schedule.php,.65m Jumper Open IV.1,false,59967,Indoor 5 - Cassie Goebel,14909|2026-07-03|wec-step1-20260703T200602397Z-step2,14909|26834,26834,2026-07-03T12:36:12.000Z,601) $100 .65m Jumper Open IV.1,2026-07-03,"[""rec8lQxGIu1Nk0uoX""]",601,7:30 am,$100,true,2026-07-03
recQsifTjW0loJYGI,4,"{""event_id"":""59811"",""data_class"":""26914"",""data_name"":""520) Low Adult Equitation Flat"",""data_time"":""1:45 pm"",""data_entries"":""4""}",14909,645,0,20260703,14909|20260703,wec-step1-20260703T200602397Z-step2,"Friday, July 3, 2026",3610,2026-07-03,1,update_schedule.php,Low Adult Equitation Flat,false,59811,Indoor 2 - Jo Walker,14909|2026-07-03|wec-step1-20260703T200602397Z-step2,14909|26914,26914,2026-07-03T04:00:13.000Z,520) Low Adult Equitation Flat,2026-07-03,"[""rec8lQxGIu1Nk0uoX""]",520,1:45 pm,,,
recQzmgIPkNEroTII,2,"{""event_id"":""63433"",""data_class"":""26916"",""data_name"":""522) Pony Equitation 2'3"",""data_time"":""11:45 am"",""data_entries"":""2""}",14909,747,0,20260703,14909|20260703,wec-step1-20260703T200602397Z-step2,"Friday, July 3, 2026",4320,2026-07-03,1,update_schedule.php,Pony Equitation 2'3,false,63433,Indoor 4 - Lucy Bolton,14909|2026-07-03|wec-step1-20260703T200602397Z-step2,14909|26916,26916,2026-07-03T16:36:17.000Z,522) Pony Equitation 2'3,2026-07-03,"[""rec8lQxGIu1Nk0uoX""]",522,11:45 am,,true,
recRnZYLq7MowAqED,16,"{""event_id"":""59978"",""data_class"":""26809"",""data_name"":""740) $200 1.00m Adult Jumper II.1"",""data_time"":""2:30 pm"",""data_entries"":""16""}",14909,643,0,20260703,14909|20260703,wec-step1-20260703T200602397Z-step2,"Friday, July 3, 2026",3598,2026-07-03,1,update_schedule.php,1.00m Adult Jumper II.1,false,59978,Indoor 5 - Cassie Goebel,14909|2026-07-03|wec-step1-20260703T200602397Z-step2,14909|26809,26809,2026-07-03T20:06:13.000Z,740) $200 1.00m Adult Jumper II.1,2026-07-03,"[""rec8lQxGIu1Nk0uoX""]",740,2:30 pm,$200,true,
recSxBVw2Q1n4zPlN,4,"{""event_id"":""59938"",""data_class"":""26923"",""data_name"":""527) USEF Talent Search 3'9"",""data_time"":""9:30 am"",""data_entries"":""4""}",14909,648,0,20260703,14909|20260703,wec-step1-20260703T200602397Z-step2,"Friday, July 3, 2026",4202,2026-07-03,1,update_schedule.php,USEF Talent Search 3'9,false,59938,Jumper Annex - Gary Gregory,14909|2026-07-03|wec-step1-20260703T200602397Z-step2,14909|26923,26923,2026-07-03T14:48:17.000Z,527) USEF Talent Search 3'9,2026-07-03,"[""rec8lQxGIu1Nk0uoX""]",527,9:30 am,,true,2026-07-03
recTXcWWsqLMtwotI,0,"{""event_id"":""65124"",""data_class"":""0"",""data_name"":""Ring Maintenance"",""data_time"":"""",""data_entries"":""0""}",14909,644,0,20260703,14909|20260703,wec-step1-20260703T200602397Z-step2,"Friday, July 3, 2026",3604,2026-07-03,5,update_schedule.php,Ring Maintenance,false,65124,Indoor 1- Sarah Haas,14909|2026-07-03|wec-step1-20260703T200602397Z-step2,14909|3604|65124,0,2026-07-03T04:00:11.000Z,Ring Maintenance,2026-07-03,,,,,,
recTv4iQsOeXTW3qR,6,"{""event_id"":""59809"",""data_class"":""26912"",""data_name"":""518) Low Adult Equitation 2'6"",""data_time"":""1:00 pm"",""data_entries"":""6""}",14909,645,0,20260703,14909|20260703,wec-step1-20260703T200602397Z-step2,"Friday, July 3, 2026",3610,2026-07-03,1,update_schedule.php,Low Adult Equitation 2'6,false,59809,Indoor 2 - Jo Walker,14909|2026-07-03|wec-step1-20260703T200602397Z-step2,14909|26912,26912,2026-07-03T18:36:15.000Z,518) Low Adult Equitation 2'6,2026-07-03,"[""rec8lQxGIu1Nk0uoX""]",518,1:00 pm,,true,
recU8BYuJnG8ZVulB,2,"{""event_id"":""59976"",""data_class"":""26820"",""data_name"":""697) $100 Thoroughbred Jumper 1.0m II.2b"",""data_time"":""1:15 pm"",""data_entries"":""2""}",14909,643,0,20260703,14909|20260703,wec-step1-20260703T200602397Z-step2,"Friday, July 3, 2026",3598,2026-07-03,1,update_schedule.php,Thoroughbred Jumper 1.0m II.2b,false,59976,Indoor 5 - Cassie Goebel,14909|2026-07-03|wec-step1-20260703T200602397Z-step2,14909|26820,26820,2026-07-03T18:18:12.000Z,697) $100 Thoroughbred Jumper 1.0m II.2b,2026-07-03,"[""rec8lQxGIu1Nk0uoX""]",697,1:15 pm,$100,true,
recUB1A7wU22KiQK4,0,"{""event_id"":""65118"",""data_class"":""0"",""data_name"":""Ring Maintenance"",""data_time"":"""",""data_entries"":""0""}",14909,642,0,20260703,14909|20260703,wec-step1-20260703T200602397Z-step2,"Friday, July 3, 2026",3592,2026-07-03,5,update_schedule.php,Ring Maintenance,false,65118,Indoor 6 - Brandon Serpico,14909|2026-07-03|wec-step1-20260703T200602397Z-step2,14909|3592|65118,0,2026-07-03T04:00:07.000Z,Ring Maintenance,2026-07-03,,,,,,
recV3lj5vzWpDLjXn,0,"{""event_id"":""65132"",""data_class"":""0"",""data_name"":""Ring Maintenance"",""data_time"":"""",""data_entries"":""0""}",14909,645,0,20260703,14909|20260703,wec-step1-20260703T200602397Z-step2,"Friday, July 3, 2026",3610,2026-07-03,5,update_schedule.php,Ring Maintenance,false,65132,Indoor 2 - Jo Walker,14909|2026-07-03|wec-step1-20260703T200602397Z-step2,14909|3610|65132,0,2026-07-03T04:00:13.000Z,Ring Maintenance,2026-07-03,,,,,,
recV8vUJPR66xFZ4m,11,"{""event_id"":""59895"",""data_class"":""26788"",""data_name"":""781) $2500 1.40m Junior/AmateurJumper II.1"",""data_time"":""1:15 pm"",""data_entries"":""11""}",14909,640,3580,20260703,14909|20260703,wec-step1-20260703T200602397Z-step2,"Friday, July 3, 2026",3580,2026-07-03,1,update_schedule.php,1.40m Junior/AmateurJumper II.1,false,59895,WEC Grand Arena - Nate Poliquin,14909|2026-07-03|wec-step1-20260703T200602397Z-step2,14909|26788,26788,2026-07-03T18:00:09.000Z,781) $2500 1.40m Junior/AmateurJumper II.1,2026-07-03,"[""rec8lQxGIu1Nk0uoX""]",781,1:15 pm,$2500,true,
recVO9dsmHIh0McJU,28,"{""event_id"":""59923"",""data_class"":""30647"",""data_name"":""768) $1500 1.20m Amateur/Junior Jumper II.1"",""data_time"":""11:45 am"",""data_entries"":""28""}",14909,642,0,20260703,14909|20260703,wec-step1-20260703T200602397Z-step2,"Friday, July 3, 2026",3592,2026-07-03,1,update_schedule.php,1.20m Amateur/Junior Jumper II.1,false,59923,Indoor 6 - Brandon Serpico,14909|2026-07-03|wec-step1-20260703T200602397Z-step2,14909|30647,30647,2026-07-03T17:54:10.000Z,768) $1500 1.20m Amateur/Junior Jumper II.1,2026-07-03,"[""rec8lQxGIu1Nk0uoX""]",768,11:45 am,$1500,true,
recVWeA0ByIkbuCD8,0,"{""event_id"":""65134"",""data_class"":""0"",""data_name"":""Touch Up Drag"",""data_time"":"""",""data_entries"":""0""}",14909,747,0,20260703,14909|20260703,wec-step1-20260703T200602397Z-step2,"Friday, July 3, 2026",4320,2026-07-03,5,update_schedule.php,Touch Up Drag,false,65134,Indoor 4 - Lucy Bolton,14909|2026-07-03|wec-step1-20260703T200602397Z-step2,14909|4320|65134,0,2026-07-03T04:00:17.000Z,Touch Up Drag,2026-07-03,,,,,,
recVcutOSETBbeOhh,3,"{""event_id"":""65144"",""data_class"":""35272"",""data_name"":""9021) Ticket School- Friday I- 4 until 2:30pm Xrails 1:30pm-2:30pm"",""data_time"":"""",""data_entries"":""3""}",14909,747,0,20260703,14909|20260703,wec-step1-20260703T200602397Z-step2,"Friday, July 3, 2026",4320,2026-07-03,1,update_schedule.php,Ticket School- Friday I- 4 until 2:30pm Xrails 1:30pm-2:30pm,false,65144,Indoor 4 - Lucy Bolton,14909|2026-07-03|wec-step1-20260703T200602397Z-step2,14909|35272,35272,2026-07-03T18:24:18.000Z,9021) Ticket School- Friday I- 4 until 2:30pm Xrails 1:30pm-2:30pm,2026-07-03,,9021,,,true,
recWlAL2IoApv5m4B,0,"{""event_id"":""65130"",""data_class"":""0"",""data_name"":""Course Walk/Hand Walk 15 Minutes"",""data_time"":"""",""data_entries"":""0""}",14909,644,0,20260703,14909|20260703,wec-step1-20260703T200602397Z-step2,"Friday, July 3, 2026",3604,2026-07-03,5,update_schedule.php,Course Walk/Hand Walk 15 Minutes,false,65130,Indoor 1- Sarah Haas,14909|2026-07-03|wec-step1-20260703T200602397Z-step2,14909|3604|65130,0,2026-07-03T04:00:11.000Z,Course Walk/Hand Walk 15 Minutes,2026-07-03,,,,,,
recX6Ekyxhz09PeuP,2,"{""event_id"":""63430"",""data_class"":""26919"",""data_name"":""525) Children's Pony Equitation 2'6"",""data_time"":""11:15 am"",""data_entries"":""2""}",14909,747,0,20260703,14909|20260703,wec-step1-20260703T200602397Z-step2,"Friday, July 3, 2026",4320,2026-07-03,1,update_schedule.php,Children's Pony Equitation 2'6,false,63430,Indoor 4 - Lucy Bolton,14909|2026-07-03|wec-step1-20260703T200602397Z-step2,14909|26919,26919,2026-07-03T15:54:19.000Z,525) Children's Pony Equitation 2'6,2026-07-03,"[""rec8lQxGIu1Nk0uoX""]",525,11:15 am,,true,
recXhqPgDaLnqwCf5,8,"{""event_id"":""59920"",""data_class"":""26800"",""data_name"":""749) $500 1.10m Junior Jumper II.1"",""data_time"":""9:15 am"",""data_entries"":""8""}",14909,642,0,20260703,14909|20260703,wec-step1-20260703T200602397Z-step2,"Friday, July 3, 2026",3592,2026-07-03,1,update_schedule.php,1.10m Junior Jumper II.1,false,59920,Indoor 6 - Brandon Serpico,14909|2026-07-03|wec-step1-20260703T200602397Z-step2,14909|26800,26800,2026-07-03T14:18:12.000Z,749) $500 1.10m Junior Jumper II.1,2026-07-03,"[""rec8lQxGIu1Nk0uoX""]",749,9:15 am,$500,true,2026-07-03
recYgviQ0Cmz4RMHw,12,"{""event_id"":""59975"",""data_class"":""26966"",""data_name"":""629) 1.00m Jumper II.2b"",""data_time"":""1:15 pm"",""data_entries"":""12""}",14909,643,0,20260703,14909|20260703,wec-step1-20260703T200602397Z-step2,"Friday, July 3, 2026",3598,2026-07-03,1,update_schedule.php,1.00m Jumper II.2b,false,59975,Indoor 5 - Cassie Goebel,14909|2026-07-03|wec-step1-20260703T200602397Z-step2,14909|26966,26966,2026-07-03T18:06:13.000Z,629) 1.00m Jumper II.2b,2026-07-03,"[""rec8lQxGIu1Nk0uoX""]",629,1:15 pm,,true,
recZq2ebw2PB5rxpf,5,"{""event_id"":""59810"",""data_class"":""26913"",""data_name"":""519) Low Adult Equitation 2'6"",""data_time"":""1:00 pm"",""data_entries"":""5""}",14909,645,0,20260703,14909|20260703,wec-step1-20260703T200602397Z-step2,"Friday, July 3, 2026",3610,2026-07-03,1,update_schedule.php,Low Adult Equitation 2'6,false,59810,Indoor 2 - Jo Walker,14909|2026-07-03|wec-step1-20260703T200602397Z-step2,14909|26913,26913,2026-07-03T18:48:16.000Z,519) Low Adult Equitation 2'6,2026-07-03,"[""rec8lQxGIu1Nk0uoX""]",519,1:00 pm,,true,
reca1O00ho2McEzVT,29,"{""event_id"":""59924"",""data_class"":""26823"",""data_name"":""638) $500 1.20m Jumper II.2b"",""data_time"":""2:15 pm"",""data_entries"":""29""}",14909,642,0,20260703,14909|20260703,wec-step1-20260703T200602397Z-step2,"Friday, July 3, 2026",3592,2026-07-03,1,update_schedule.php,1.20m Jumper II.2b,false,59924,Indoor 6 - Brandon Serpico,14909|2026-07-03|wec-step1-20260703T200602397Z-step2,14909|26823,26823,2026-07-03T19:12:10.000Z,638) $500 1.20m Jumper II.2b,2026-07-03,"[""rec8lQxGIu1Nk0uoX""]",638,2:15 pm,$500,true,
recbjOtS8oev9egqP,15,"{""event_id"":""59925"",""data_class"":""26826"",""data_name"":""644) $1000 1.30m Jumper II.2b"",""data_time"":""3:30 pm"",""data_entries"":""15""}",14909,642,0,20260703,14909|20260703,wec-step1-20260703T200602397Z-step2,"Friday, July 3, 2026",3592,2026-07-03,1,update_schedule.php,1.30m Jumper II.2b,1,59925,Indoor 6 - Brandon Serpico,14909|2026-07-03|wec-step1-20260703T200602397Z-step2,14909|26826,26826,2026-07-03T19:42:11.000Z,644) $1000 1.30m Jumper II.2b,2026-07-03,"[""rec8lQxGIu1Nk0uoX""]",644,3:30 pm,$1000,true,
recbv3h2hnHIB0INI,0,"{""event_id"":""65114"",""data_class"":""0"",""data_name"":""Ring Maintenance"",""data_time"":"""",""data_entries"":""0""}",14909,640,0,20260703,14909|20260703,wec-step1-20260703T200602397Z-step2,"Friday, July 3, 2026",3580,2026-07-03,5,update_schedule.php,Ring Maintenance,false,65114,WEC Grand Arena - Nate Poliquin,14909|2026-07-03|wec-step1-20260703T200602397Z-step2,14909|3580|65114,0,2026-07-03T04:00:05.000Z,Ring Maintenance,2026-07-03,,,,,,
reccocqOkxTpbVDWR,2,"{""event_id"":""63429"",""data_class"":""26918"",""data_name"":""524) Children's Pony Equitation 2'6"",""data_time"":""11:15 am"",""data_entries"":""2""}",14909,747,0,20260703,14909|20260703,wec-step1-20260703T200602397Z-step2,"Friday, July 3, 2026",4320,2026-07-03,1,update_schedule.php,Children's Pony Equitation 2'6,false,63429,Indoor 4 - Lucy Bolton,14909|2026-07-03|wec-step1-20260703T200602397Z-step2,14909|26918,26918,2026-07-03T15:42:20.000Z,524) Children's Pony Equitation 2'6,2026-07-03,"[""rec8lQxGIu1Nk0uoX""]",524,11:15 am,,true,
recdyt4JsuuEu2FbI,3,"{""event_id"":""63424"",""data_class"":""26740"",""data_name"":""254) Future Hunter 2' U/S"",""data_time"":""9:15 am"",""data_entries"":""3""}",14909,747,0,20260703,14909|20260703,wec-step1-20260703T200602397Z-step2,"Friday, July 3, 2026",4320,2026-07-03,1,update_schedule.php,Future Hunter 2' U/S,false,63424,Indoor 4 - Lucy Bolton,14909|2026-07-03|wec-step1-20260703T200602397Z-step2,14909|26740,26740,2026-07-03T13:24:19.000Z,254) Future Hunter 2' U/S,2026-07-03,"[""rec8lQxGIu1Nk0uoX""]",254,9:15 am,,true,2026-07-03
rece2EL5S5zKsDhA3,0,"{""event_id"":""65113"",""data_class"":""0"",""data_name"":""Ring Maintenance"",""data_time"":"""",""data_entries"":""0""}",14909,640,0,20260703,14909|20260703,wec-step1-20260703T200602397Z-step2,"Friday, July 3, 2026",3580,2026-07-03,5,update_schedule.php,Ring Maintenance,false,65113,WEC Grand Arena - Nate Poliquin,14909|2026-07-03|wec-step1-20260703T200602397Z-step2,14909|3580|65113,0,2026-07-03T04:00:05.000Z,Ring Maintenance,2026-07-03,,,,,,
receoYQY7i9nhzgfL,0,"{""event_id"":""65131"",""data_class"":""0"",""data_name"":""Ring Maintenance"",""data_time"":"""",""data_entries"":""0""}",14909,645,0,20260703,14909|20260703,wec-step1-20260703T200602397Z-step2,"Friday, July 3, 2026",3610,2026-07-03,5,update_schedule.php,Ring Maintenance,false,65131,Indoor 2 - Jo Walker,14909|2026-07-03|wec-step1-20260703T200602397Z-step2,14909|3610|65131,0,2026-07-03T04:00:13.000Z,Ring Maintenance,2026-07-03,,,,,,
recetlghUCNsbPjmz,10,"{""event_id"":""63391"",""data_class"":""26903"",""data_name"":""509) Adult Equitation 3'"",""data_time"":""8:45 am"",""data_entries"":""10""}",14909,645,0,20260703,14909|20260703,wec-step1-20260703T200602397Z-step2,"Friday, July 3, 2026",3610,2026-07-03,1,update_schedule.php,Adult Equitation 3',false,63391,Indoor 2 - Jo Walker,14909|2026-07-03|wec-step1-20260703T200602397Z-step2,14909|26903,26903,2026-07-03T14:18:15.000Z,509) Adult Equitation 3',2026-07-03,"[""rec8lQxGIu1Nk0uoX""]",509,8:45 am,,true,2026-07-03
recfKcFnkTYrnQu1o,25,"{""event_id"":""59892"",""data_class"":""26676"",""data_name"":""804) $15,000 C.Jarvis Insurance Welcome Prix 1.40m II.2b"",""data_time"":""8:00 am"",""data_entries"":""25""}",14909,640,0,20260703,14909|20260703,wec-step1-20260703T200602397Z-step2,"Friday, July 3, 2026",3580,2026-07-03,1,update_schedule.php,C.Jarvis Insurance Welcome Prix 1.40m II.2b,false,59892,WEC Grand Arena - Nate Poliquin,14909|2026-07-03|wec-step1-20260703T200602397Z-step2,14909|26676,26676,2026-07-03T13:36:09.000Z,"804) $15,000 C.Jarvis Insurance Welcome Prix 1.40m II.2b",2026-07-03,"[""rec8lQxGIu1Nk0uoX""]",804,8:00 am,"$15,000",true,2026-07-03
recg8ws7CT8jRQQ8W,25,"{""event_id"":""59894"",""data_class"":""26791"",""data_name"":""775) $2000 1.30m Junior/Amateur Jumper II.1"",""data_time"":""11:45 pm"",""data_entries"":""25""}",14909,640,0,20260703,14909|20260703,wec-step1-20260703T200602397Z-step2,"Friday, July 3, 2026",3580,2026-07-03,1,update_schedule.php,1.30m Junior/Amateur Jumper II.1,false,59894,WEC Grand Arena - Nate Poliquin,14909|2026-07-03|wec-step1-20260703T200602397Z-step2,14909|26791,26791,2026-07-03T17:12:09.000Z,775) $2000 1.30m Junior/Amateur Jumper II.1,2026-07-03,"[""rec8lQxGIu1Nk0uoX""]",775,11:45 pm,$2000,true,
recgTiFNsozrNSL1o,0,"{""event_id"":""65117"",""data_class"":""0"",""data_name"":""Ring Maintenance"",""data_time"":"""",""data_entries"":""0""}",14909,642,0,20260703,14909|20260703,wec-step1-20260703T200602397Z-step2,"Friday, July 3, 2026",3592,2026-07-03,5,update_schedule.php,Ring Maintenance,false,65117,Indoor 6 - Brandon Serpico,14909|2026-07-03|wec-step1-20260703T200602397Z-step2,14909|3592|65117,0,2026-07-03T04:00:07.000Z,Ring Maintenance,2026-07-03,,,,,,
recgUviBWicjuePWV,7,"{""event_id"":""59974"",""data_class"":""26815"",""data_name"":""734) $150 .90m Amateur Jumper II.1"",""data_time"":""12:30 pm"",""data_entries"":""7""}",14909,643,0,20260703,14909|20260703,wec-step1-20260703T200602397Z-step2,"Friday, July 3, 2026",3598,2026-07-03,1,update_schedule.php,.90m Amateur Jumper II.1,false,59974,Indoor 5 - Cassie Goebel,14909|2026-07-03|wec-step1-20260703T200602397Z-step2,14909|26815,26815,2026-07-03T17:24:12.000Z,734) $150 .90m Amateur Jumper II.1,2026-07-03,"[""rec8lQxGIu1Nk0uoX""]",734,12:30 pm,$150,true,
recgaAy2kkFt5rq6b,4,"{""event_id"":""63444"",""data_class"":""27091"",""data_name"":""9009) Ticket School Friday H- 2 8am-3pm"",""data_time"":"""",""data_entries"":""4""}",14909,641,0,20260703,14909|20260703,wec-step1-20260703T200602397Z-step2,"Friday, July 3, 2026",3586,2026-07-03,1,update_schedule.php,Ticket School Friday H- 2 8am-3pm,false,63444,Hunter 2- Robbie Cyphert,14909|2026-07-03|wec-step1-20260703T200602397Z-step2,14909|27091,27091,2026-07-03T04:00:06.000Z,9009) Ticket School Friday H- 2 8am-3pm,2026-07-03,,9009,,,,
recgwqxtTkMz0BmM9,21,"{""event_id"":""59977"",""data_class"":""26806"",""data_name"":""737) $200 1.00m Junior Jumper II.1"",""data_time"":""2:30 pm"",""data_entries"":""21""}",14909,643,0,20260703,14909|20260703,wec-step1-20260703T200602397Z-step2,"Friday, July 3, 2026",3598,2026-07-03,1,update_schedule.php,1.00m Junior Jumper II.1,false,59977,Indoor 5 - Cassie Goebel,14909|2026-07-03|wec-step1-20260703T200602397Z-step2,14909|26806,26806,2026-07-03T19:54:11.000Z,737) $200 1.00m Junior Jumper II.1,2026-07-03,"[""rec8lQxGIu1Nk0uoX""]",737,2:30 pm,$200,true,
rechJz6yUI5RBIQAM,0,"{""event_id"":""65146"",""data_class"":""0"",""data_name"":""Ring Maintenance"",""data_time"":"""",""data_entries"":""0""}",14909,648,0,20260703,14909|20260703,wec-step1-20260703T200602397Z-step2,"Friday, July 3, 2026",4202,2026-07-03,5,update_schedule.php,Ring Maintenance,false,65146,Jumper Annex - Gary Gregory,14909|2026-07-03|wec-step1-20260703T200602397Z-step2,14909|4202|65146,0,2026-07-03T04:00:15.000Z,Ring Maintenance,2026-07-03,,,,,,
recjT8TeapQq7PsVH,2,"{""event_id"":""63431"",""data_class"":""26920"",""data_name"":""526) Children's Pony Equitation Flat"",""data_time"":""11:30 am"",""data_entries"":""2""}",14909,747,0,20260703,14909|20260703,wec-step1-20260703T200602397Z-step2,"Friday, July 3, 2026",4320,2026-07-03,1,update_schedule.php,Children's Pony Equitation Flat,false,63431,Indoor 4 - Lucy Bolton,14909|2026-07-03|wec-step1-20260703T200602397Z-step2,14909|26920,26920,2026-07-03T16:00:20.000Z,526) Children's Pony Equitation Flat,2026-07-03,"[""rec8lQxGIu1Nk0uoX""]",526,11:30 am,,true,
recjbRhKlgiK2Wjla,0,"{""event_id"":""65145"",""data_class"":""0"",""data_name"":""Flat work Equit horses only 6:30am- 7:45am"",""data_time"":"""",""data_entries"":""0""}",14909,648,0,20260703,14909|20260703,wec-step1-20260703T200602397Z-step2,"Friday, July 3, 2026",4202,2026-07-03,5,update_schedule.php,Flat work Equit horses only 6:30am- 7:45am,false,65145,Jumper Annex - Gary Gregory,14909|2026-07-03|wec-step1-20260703T200602397Z-step2,14909|4202|65145,0,2026-07-03T04:00:15.000Z,Flat work Equit horses only 6:30am- 7:45am,2026-07-03,,,,,,
recjlYqQmZiAhUN8r,7,"{""event_id"":""59973"",""data_class"":""26812"",""data_name"":""731) $150 .90m Junior Jumper II.1"",""data_time"":""12:30 pm"",""data_entries"":""7""}",14909,643,0,20260703,14909|20260703,wec-step1-20260703T200602397Z-step2,"Friday, July 3, 2026",3598,2026-07-03,1,update_schedule.php,.90m Junior Jumper II.1,false,59973,Indoor 5 - Cassie Goebel,14909|2026-07-03|wec-step1-20260703T200602397Z-step2,14909|26812,26812,2026-07-03T17:06:12.000Z,731) $150 .90m Junior Jumper II.1,2026-07-03,"[""rec8lQxGIu1Nk0uoX""]",731,12:30 pm,$150,true,
recjzrbPT1fszGsmH,6,"{""event_id"":""63394"",""data_class"":""26906"",""data_name"":""512) Children's Equitation 3'"",""data_time"":""10:30 am"",""data_entries"":""6""}",14909,645,0,20260703,14909|20260703,wec-step1-20260703T200602397Z-step2,"Friday, July 3, 2026",3610,2026-07-03,1,update_schedule.php,Children's Equitation 3',false,63394,Indoor 2 - Jo Walker,14909|2026-07-03|wec-step1-20260703T200602397Z-step2,14909|26906,26906,2026-07-03T15:42:16.000Z,512) Children's Equitation 3',2026-07-03,"[""rec8lQxGIu1Nk0uoX""]",512,10:30 am,,true,2026-07-03
reckFmRMkyNk86riu,1,"{""event_id"":""65143"",""data_class"":""35273"",""data_name"":""9022) Ticket School- Friday Annex until 3pm"",""data_time"":"""",""data_entries"":""1""}",14909,648,0,20260703,14909|20260703,wec-step1-20260703T200602397Z-step2,"Friday, July 3, 2026",4202,2026-07-03,1,update_schedule.php,Ticket School- Friday Annex until 3pm,false,65143,Jumper Annex - Gary Gregory,14909|2026-07-03|wec-step1-20260703T200602397Z-step2,14909|35273,35273,2026-07-03T19:06:17.000Z,9022) Ticket School- Friday Annex until 3pm,2026-07-03,,9022,,,true,
recpEVlLpSlw7bXDZ,15,"{""event_id"":""59921"",""data_class"":""26803"",""data_name"":""755) $500 1.10m Amateur Jumper II.1"",""data_time"":""9:15 am"",""data_entries"":""15""}",14909,642,0,20260703,14909|20260703,wec-step1-20260703T200602397Z-step2,"Friday, July 3, 2026",3592,2026-07-03,1,update_schedule.php,1.10m Amateur Jumper II.1,false,59921,Indoor 6 - Brandon Serpico,14909|2026-07-03|wec-step1-20260703T200602397Z-step2,14909|26803,26803,2026-07-03T14:06:10.000Z,755) $500 1.10m Amateur Jumper II.1,2026-07-03,"[""rec8lQxGIu1Nk0uoX""]",755,9:15 am,$500,true,2026-07-03
recsVwIvsWHGapgDT,6,"{""event_id"":""63400"",""data_class"":""26897"",""data_name"":""503) Equitation 12-14 2'9"",""data_time"":""12:15 pm"",""data_entries"":""6""}",14909,645,0,20260703,14909|20260703,wec-step1-20260703T200602397Z-step2,"Friday, July 3, 2026",3610,2026-07-03,1,update_schedule.php,Equitation 12-14 2'9,false,63400,Indoor 2 - Jo Walker,14909|2026-07-03|wec-step1-20260703T200602397Z-step2,14909|26897,26897,2026-07-03T17:48:14.000Z,503) Equitation 12-14 2'9,2026-07-03,"[""rec8lQxGIu1Nk0uoX""]",503,12:15 pm,,true,
rectZUCG7chqt1tQW,4,"{""event_id"":""63399"",""data_class"":""26902"",""data_name"":""508) Equitation 15-17 Flat"",""data_time"":""11:30 am"",""data_entries"":""4""}",14909,645,0,20260703,14909|20260703,wec-step1-20260703T200602397Z-step2,"Friday, July 3, 2026",3610,2026-07-03,1,update_schedule.php,Equitation 15-17 Flat,false,63399,Indoor 2 - Jo Walker,14909|2026-07-03|wec-step1-20260703T200602397Z-step2,14909|26902,26902,2026-07-03T04:00:13.000Z,508) Equitation 15-17 Flat,2026-07-03,"[""rec8lQxGIu1Nk0uoX""]",508,11:30 am,,,
recttXBaxa87YSAIq,5,"{""event_id"":""63395"",""data_class"":""26907"",""data_name"":""513) Children's Equitation 3'"",""data_time"":""10:30 am"",""data_entries"":""5""}",14909,645,0,20260703,14909|20260703,wec-step1-20260703T200602397Z-step2,"Friday, July 3, 2026",3610,2026-07-03,1,update_schedule.php,Children's Equitation 3',false,63395,Indoor 2 - Jo Walker,14909|2026-07-03|wec-step1-20260703T200602397Z-step2,14909|26907,26907,2026-07-03T15:54:16.000Z,513) Children's Equitation 3',2026-07-03,"[""rec8lQxGIu1Nk0uoX""]",513,10:30 am,,true,2026-07-03
recuYNjMO7Q4VpZjl,9,"{""event_id"":""65142"",""data_class"":""35271"",""data_name"":""537) USHJA Jumping Seat Medal 3'3"",""data_time"":""8:30 am"",""data_entries"":""9""}",14909,648,0,20260703,14909|20260703,wec-step1-20260703T200602397Z-step2,"Friday, July 3, 2026",4202,2026-07-03,1,update_schedule.php,USHJA Jumping Seat Medal 3'3,false,65142,Jumper Annex - Gary Gregory,14909|2026-07-03|wec-step1-20260703T200602397Z-step2,14909|35271,35271,2026-07-03T14:12:17.000Z,537) USHJA Jumping Seat Medal 3'3,2026-07-03,"[""rec8lQxGIu1Nk0uoX""]",537,8:30 am,,true,2026-07-03
recusr8Md3A1PgduS,0,"{""event_id"":""65121"",""data_class"":""0"",""data_name"":""Ring Maintenance"",""data_time"":"""",""data_entries"":""0""}",14909,643,0,20260703,14909|20260703,wec-step1-20260703T200602397Z-step2,"Friday, July 3, 2026",3598,2026-07-03,5,update_schedule.php,Ring Maintenance,false,65121,Indoor 5 - Cassie Goebel,14909|2026-07-03|wec-step1-20260703T200602397Z-step2,14909|3598|65121,0,2026-07-03T04:00:09.000Z,Ring Maintenance,2026-07-03,,,,,,
recvF0wMarJPgeaCs,13,"{""event_id"":""59813"",""data_class"":""26910"",""data_name"":""516) Low Children's Equitation 2'6"",""data_time"":""2:00 pm"",""data_entries"":""13""}",14909,645,0,20260703,14909|20260703,wec-step1-20260703T200602397Z-step2,"Friday, July 3, 2026",3610,2026-07-03,1,update_schedule.php,Low Children's Equitation 2'6,false,59813,Indoor 2 - Jo Walker,14909|2026-07-03|wec-step1-20260703T200602397Z-step2,14909|26910,26910,2026-07-03T20:06:16.000Z,516) Low Children's Equitation 2'6,2026-07-03,"[""rec8lQxGIu1Nk0uoX""]",516,2:00 pm,,true,
recx63Z32lHxqnjDK,8,"{""event_id"":""63393"",""data_class"":""26905"",""data_name"":""511) Adult Equitation Flat"",""data_time"":""10:00 am"",""data_entries"":""8""}",14909,645,0,20260703,14909|20260703,wec-step1-20260703T200602397Z-step2,"Friday, July 3, 2026",3610,2026-07-03,1,update_schedule.php,Adult Equitation Flat,false,63393,Indoor 2 - Jo Walker,14909|2026-07-03|wec-step1-20260703T200602397Z-step2,14909|26905,26905,2026-07-03T13:42:15.000Z,511) Adult Equitation Flat,2026-07-03,"[""rec8lQxGIu1Nk0uoX""]",511,10:00 am,,true,2026-07-03
recx6Ei3fWe214qa6,0,"{""event_id"":""57781"",""data_class"":""0"",""data_name"":""FEI Horses Only"",""data_time"":"""",""data_entries"":""0""}",14909,646,0,20260703,14909|20260703,wec-step1-20260703T200602397Z-step2,"Friday, July 3, 2026",3616,2026-07-03,5,update_schedule.php,FEI Horses Only,false,57781,Indoor 3,14909|2026-07-03|wec-step1-20260703T200602397Z-step2,14909|3616|57781,0,2026-07-03T04:00:14.000Z,FEI Horses Only,2026-07-03,,,,,,
recxUiyIredbUaxI1,2,"{""event_id"":""63434"",""data_class"":""26917"",""data_name"":""523) Pony Equitation Flat"",""data_time"":""12:15 am"",""data_entries"":""2""}",14909,747,0,20260703,14909|20260703,wec-step1-20260703T200602397Z-step2,"Friday, July 3, 2026",4320,2026-07-03,1,update_schedule.php,Pony Equitation Flat,false,63434,Indoor 4 - Lucy Bolton,14909|2026-07-03|wec-step1-20260703T200602397Z-step2,14909|26917,26917,2026-07-03T16:48:18.000Z,523) Pony Equitation Flat,2026-07-03,"[""rec8lQxGIu1Nk0uoX""]",523,12:15 am,,true,
recxnqBELIQfZ21hf,4,"{""event_id"":""63397"",""data_class"":""26900"",""data_name"":""506) Equitation 15-17 3'3"",""data_time"":""11:45 am"",""data_entries"":""4""}",14909,645,0,20260703,14909|20260703,wec-step1-20260703T200602397Z-step2,"Friday, July 3, 2026",3610,2026-07-03,1,update_schedule.php,Equitation 15-17 3'3,false,63397,Indoor 2 - Jo Walker,14909|2026-07-03|wec-step1-20260703T200602397Z-step2,14909|26900,26900,2026-07-03T16:42:12.000Z,506) Equitation 15-17 3'3,2026-07-03,"[""rec8lQxGIu1Nk0uoX""]",506,11:45 am,,true,
recxxk90f5I7daxcP,0,"{""event_id"":""65119"",""data_class"":""0"",""data_name"":""Ring Maintenance"",""data_time"":"""",""data_entries"":""0""}",14909,642,0,20260703,14909|20260703,wec-step1-20260703T200602397Z-step2,"Friday, July 3, 2026",3592,2026-07-03,5,update_schedule.php,Ring Maintenance,false,65119,Indoor 6 - Brandon Serpico,14909|2026-07-03|wec-step1-20260703T200602397Z-step2,14909|3592|65119,0,2026-07-03T04:00:07.000Z,Ring Maintenance,2026-07-03,,,,,,
recyPJcxGuO9pcepU,20,"{""event_id"":""59657"",""data_class"":""26869"",""data_name"":""405) $5,000 USHJA National Hunter Derby 3' Jr/Am"",""data_time"":""10:15 am"",""data_entries"":""20""}",14909,644,0,20260703,14909|20260703,wec-step1-20260703T200602397Z-step2,"Friday, July 3, 2026",3604,2026-07-03,1,update_schedule.php,USHJA National Hunter Derby 3' Jr/Am,false,59657,Indoor 1- Sarah Haas,14909|2026-07-03|wec-step1-20260703T200602397Z-step2,14909|26869,26869,2026-07-03T16:06:13.000Z,"405) $5,000 USHJA National Hunter Derby 3' Jr/Am",2026-07-03,"[""rec8lQxGIu1Nk0uoX""]",405,10:15 am,"$5,000",true,2026-07-03
recyzQLgvFavJ9pUb,17,"{""event_id"":""59969"",""data_class"":""27083"",""data_name"":""607) .75m Jumper Open IV.1"",""data_time"":""9:00 am"",""data_entries"":""17""}",14909,643,0,20260703,14909|20260703,wec-step1-20260703T200602397Z-step2,"Friday, July 3, 2026",3598,2026-07-03,1,update_schedule.php,.75m Jumper Open IV.1,false,59969,Indoor 5 - Cassie Goebel,14909|2026-07-03|wec-step1-20260703T200602397Z-step2,14909|27083,27083,2026-07-03T14:30:13.000Z,607) .75m Jumper Open IV.1,2026-07-03,"[""rec8lQxGIu1Nk0uoX""]",607,9:00 am,,true,2026-07-03
reczJKvB8QrJL1hBr,4,"{""event_id"":""63398"",""data_class"":""26901"",""data_name"":""507) Equitation 15-17 3'3"",""data_time"":""11:45 am"",""data_entries"":""4""}",14909,645,0,20260703,14909|20260703,wec-step1-20260703T200602397Z-step2,"Friday, July 3, 2026",3610,2026-07-03,1,update_schedule.php,Equitation 15-17 3'3,false,63398,Indoor 2 - Jo Walker,14909|2026-07-03|wec-step1-20260703T200602397Z-step2,14909|26901,26901,2026-07-03T16:54:16.000Z,507) Equitation 15-17 3'3,2026-07-03,"[""rec8lQxGIu1Nk0uoX""]",507,11:45 am,,true,
reczKZ86IiCkHl5wt,6,"{""event_id"":""63402"",""data_class"":""26899"",""data_name"":""505) Equitation 12-14 Flat"",""data_time"":""12:00 am"",""data_entries"":""6""}",14909,645,0,20260703,14909|20260703,wec-step1-20260703T200602397Z-step2,"Friday, July 3, 2026",3610,2026-07-03,1,update_schedule.php,Equitation 12-14 Flat,false,63402,Indoor 2 - Jo Walker,14909|2026-07-03|wec-step1-20260703T200602397Z-step2,14909|26899,26899,2026-07-03T04:00:13.000Z,505) Equitation 12-14 Flat,2026-07-03,"[""rec8lQxGIu1Nk0uoX""]",505,12:00 am,,,
