record_id,rec_id,ring_no,ring_name_slugified,shows,update_schedule_staging,class_start_times,get_ring_days,ring_status,ring_name,source,ring_names,ring_name_prioritized,ring_visual_key,wec-alerts,get_orders,get_rings,ring_name_normalized,class_oog,entry_go_times,hs_get_ring_days,class_oog_staging,class_results,active_entries
rec49a6FWHtrmZs4k,rec49a6FWHtrmZs4k,691,indoor-4,"[""recYzHH8l3BfSw93e""]","[""rec0UgIqZ26YeaaCL"",""rec1IwTivRVrZSoz4"",""rec8DSIJN9YPVJNLs"",""rec8dAO8lKuqyYqy1"",""recAKL934Wv0n6ZOf"",""recEGlIGqROyJTmO6"",""recFWW7JMrzT5qgLa"",""recLRpEX6Tg8pqibU"",""recMD9rCckKxV05f2"",""recQE0t2WUFrzHdrp"",""recWS6RFHkC4nPMtw"",""recZGBuxYy8f0ZVsX"",""reckh25BuDj84fHdC"",""recmlZOBANYMiCDjC"",""recp22jGgcOqOJNkr"",""recpZHMLF4e7a3Fx5"",""recv0GNG7fpEgNwuf""]","[""rec0oEarmiNCuv8Di"",""rec0qJ37TXdls0EI6"",""recBXF28K8W1vRIUf"",""recPTL14HACZryZFZ"",""recSQE0qS8Ew9BQrc"",""recU4E517bSdpXpvi"",""recWvNBtmxMYMKMZt"",""recXbEwgB3BfPX8S0"",""recXnEIC7IhtrP857"",""recZN8yUUAtqwNG0X"",""recf4729y8s0WF0nt"",""rechQvb0cxzcxcv3s"",""rechRXu5MKocrslhG"",""reco64Tt40CuDMnaA"",""recq4ZYlxU24gdUpv"",""recx056Ltp9Mt8yoH""]","[""rec2LJ7Rn6EIi7UQs"",""rece3R7LdRwnLl6A7"",""recH94BJgGnAiuHvz"",""rec8FNP1F7msED5ZH"",""recYiRYpOb4BfJ6m1"",""rec9QZmPzxK9a4ovf""]","[""recBxMlZzcOU02OTA""]",INDOOR 4 - Lucy,update_schedule,"[""recDuWGSCEwKzv4iV""]",14,691|indoor-4,"[""recG4GdyGQ1GCUVC7"",""reciahajYyAmB529E"",""reclNdSxPv6lEEz0v"",""recufmYWpjMcVDYgO""]","[""recPm1v9jAMIr3LEB"",""recztavrGWMC21Xu3"",""rectuJtZXXOni9Zpp"",""recA16vN9zRQshlYm"",""recJPNG9vdlFeg2Fc"",""recCUNlsaer2oQjPW"",""recVDV8bZSKcbY2vv"",""recXviezzTqfddwy7"",""rec6DwFqA8P9cPzHb"",""recb1wfQVMmp6zNPJ"",""recMv8z49YrnKYAnQ"",""recNwxkeirXG9vRqm"",""recP2LZFuvsflOHbe""]","[""recYgNzXLUtiSZy6j"",""recyIjwjUsfYBuKpQ"",""recBe3niBkrdJNbl3"",""recH9JuDmGRPpa3mk"",""rect3W3QvJK8meOTM"",""recNjkg1AHkrXjaXt"",""rechPQXndFVQLiK4S"",""reca0pHrdu8uhAqJR"",""recHyYziW5GQfjpHd"",""recC70pDyIvE1vRak"",""recRRU0BjSMSstKcP"",""recmPq1HwTsV9AYJw"",""recHu2nnNqNkGa6Pt""]",INDOOR 4,,,,,,
rec80qovSB0UvOZep,rec80qovSB0UvOZep,742,stadium,"[""recYzHH8l3BfSw93e""]",,,"[""rec6qkdgBp2w0Fy6k"",""recpn9JsTTwLsVIyA"",""recOWlSbCw36jgTFL"",""recrQE87YFlhLsuW3""]","[""recS2mBzOCgxt9imN""]",STADIUM,update_schedule,"[""recmIiQmG56vTbkax""]",3,742|stadium,,,,STADIUM,,,,,,
recIhO37NHJsFm7eK,recIhO37NHJsFm7eK,644,indoor-1,"[""rec6quDbQpkuF8vAt""]","[""rec04X2GrdcTmwySH"",""recBrLIKKAPaTZlJ4"",""recNGmuMwAriUDkle"",""recObC4nT5G4oBRbd"",""recR6TXpuXfhnRR1L"",""recdplAKpsypynoGw"",""recoX58ydRqo29CNN"",""recxtwDyV8dq9kKxL"",""recCwevmGkaBDEFqw"",""rec8SNDHZCF30edCT"",""recBDzm4v16IW8Vh1"",""recGmPRtJnC4WFefG"",""recRt9CJFq1prVfSX"",""recWJGx6qHW96fsqo"",""recYSCNkz2F85CnSo"",""recb8jkprn8sOf1bY"",""recls2rWcboXWNomq"",""recrH4mPH5vINLozT"",""recrlP9rOFkqK6wz0"",""rectd6gaHCkcQyfNA""]","[""recsBGNmot9P3nNjT"",""recEFA4TkAX2mAkJa"",""rec6xlV0zdFCWyEHa"",""recP2yMa1PCw9azPj"",""recmTQE6dPyZSmq5R"",""rec1086boyIbDcWsW"",""recx1wtOwvdQL6Bmu"",""recKszOm088q51UiN"",""recs8wpHDnRgOnKCX"",""recD4zUBP7BvduCvS"",""recjqe61W6wSvWfHX"",""recep6Ugb4BIvqLvG"",""rec70EzHek2Xdd9al"",""reczVt5A0yi2oQYFW"",""recJGjswpdf6E88UK"",""recoiytQWfiztNYet""]","[""rec87Woh5f6M05YpY"",""recKomO727YOnC24P""]","[""rec2UPuAxgnYKWbv5""]",INDOOR 1,,"[""recJHdVvAU7PmXwXW""]",11,644|indoor-1,"[""recFIwwc2BzmVN9QI"",""recdGfytPma1qurM6"",""recwyDxtfxBw0DZbz"",""rec8zOFRmcJMvA0nd"",""recW4jxvuqemFd5NE"",""recy3cZExg6UUCOe7"",""recZ593igBWBPva5E"",""recQKKwcBj75YKfhh"",""recdpLYo9uZFRYYsx"",""recSnl50eNqFNZ4Oy"",""recG4SfQzeRKTsxqz"",""reccXfPJKaTCsEF2S"",""recX5kM1vHMwanlYV"",""recckvQN0a5Y6obWS"",""recFQ8zXq9VjoliLl"",""recx1DfwpIfoxAOzI"",""rec3sQXFsirio27iM"",""rec8fl6lnHSsRbvs2""]","[""recQbDhfD7h9XtJfh"",""recuiWJcvzQ9igUpY"",""rec4OXs06Nxdv4gVg"",""recqA7IOoUPqKOQBN"",""rec6FsYwgVlwAT6hI"",""recIpkDl8ImtOOOtU"",""reczMZiN41pYortve"",""recZT2nTshFrBnwGB"",""recRNQqp75Twj6RCc""]","[""recd0MR6a7k5HgHzX"",""reclsOvUkajBC49yu"",""recTRTQoa7uU21rlT"",""rec5lVhpIkFfuytLw"",""rec2x5uj705PjJGes"",""recHZiaZjPIml2Zib""]",INDOOR 1,"[""reccBE7omQXoxMrec"",""recsKys33yNX5Kvym"",""recziPesKwLj7xz7R"",""rec5KA7S15iddrSyZ"",""recXeRa65L7eyPrA5"",""recindKg93HLreIKu"",""recY7y8DK2X5u4ppQ"",""recyEhXDXeTC7xF5q"",""rec4WLR5Nnk0lL6Ic"",""rec2yhPOvTpQtLi6b""]","[""reczoJsly5Ikcnwjd"",""reczcvCfwfRmopQ21"",""recpcezkPwrreMoyq"",""recxLS3b06Qg89Lkc"",""recF4DCXNr6pHgzRZ"",""recjUP1rQsVhOknhK"",""rec8arvb2dLVZDTAY"",""recNgL5TCcNjxXhbf"",""reccNQTEZhAkV2qEu"",""recLo7GkrewP2AqKk""]","[""recGSMK3N74Lpxbwd"",""recSaKky2Pag9xbVT"",""recIYOluvdA1mzOAL"",""recz72KTWq62WDahl"",""recLd7WNCoMR7FldL"",""recS8UYrb9SHQElOt""]","[""rec4DJCGowqFOFdU5"",""recHAfyQQaYP7Qo64"",""recMKbvTL6pXh4MBC"",""recMgIIqNebADfe93"",""recSDeVOEDOreiTiA"",""recVekNDDukUJixfu"",""recWVDD7K86dcovAe"",""recdgr3x0omDS0xWD"",""reckByotcKMrMbdGT"",""recwRfyj4pCKdFwT1""]",,
recLpYWCRxBEPGXpM,recLpYWCRxBEPGXpM,687,indoor-6,"[""recYzHH8l3BfSw93e""]","[""rec3wM0lJxbtm6XrT"",""recUpQZNMCil0v7Yd"",""rece5flUX5FlhmhSN"",""recePbQCKAHXSqFPP"",""rectiu9JLtmGpDUUa""]","[""recBIqK6VIc9FFKtj"",""recWeYMAsn82NeIFC"",""rech43PUp0BliXqq3"",""rech5rn6wXU4LCwyg""]","[""rechrnOg68lbjo9E9"",""recIDzZLILNLA4Jh4"",""recusrluI6q1s5Jur"",""rec9XDJcbDUQO6gco"",""rec8iaRGi37pdRRji"",""recI6kinThUSZ9rJt""]","[""rec4xIvUd67QAGynL""]",INDOOR 6 - Brandon,update_schedule,"[""recwT2IGXj1Apgf31""]",16,687|indoor-6,"[""recsP2eRFxG453786"",""rec5Pkw0fce38VuxI"",""recfKBWZgoMszlEQR"",""rec4YYYhrihWhqTIc"",""reciTHnWgIszQCDM9"",""recK2WMOROiWYOB50"",""reccYJFaGQ8r1jG0j"",""recD96ukvZcVa23Ag"",""recu8cUvtD0pj2zW7"",""recsudkxKKgG0WPVR"",""recDgl8XV2kqqM35O"",""recJO5nCkooW0Ztnb"",""reczWqIzAb9GEVEOz"",""recbV2O8jlSqhBwLT"",""recnBy6JYmQm7XvnW"",""recQSJbw8lQI3LAOu"",""recVcXB8AfIJb7y7o"",""recyVkCfboIGne1uE""]","[""rect8cpSrzy6eZ4Md"",""recgl4pdJWsBPVDhx"",""rec1I64kDPHHTNl57""]","[""recoquE7hDS1pVabD"",""recoq8Jydcp9k8J7d"",""recnhQSC5sZsfuZMp""]",INDOOR 6,"[""recXSue955mdSudfZ"",""reci0czOVqr4fAn1O"",""recvwVeBHMBTNXUNv"",""recz8WVsKbTeKseJN""]","[""rec5QlpGgCFQQQQof"",""recUKoTBXkNCBMgn1"",""reczcOMi9ze9Fxb9Y"",""reclhw2ZmvrYoiYPA""]",,"[""rec0H98knsVwMXN5w"",""recCXBPD2ysxEVOzk"",""reclPRtZdN0n93XRl"",""recylA8MZ9acHquD2""]","[""recL6rvvjKgdPgzsl"",""recxvtyv7cN6wvTNA"",""recS1DBpn7M7cZM68"",""recMMMFaoQQnL5Xjv""]",
recPLpfn3U25TPkou,recPLpfn3U25TPkou,642,indoor-6,"[""rec6quDbQpkuF8vAt""]","[""rec0J60LtNuqpewsc"",""rec75DkT3TNaDVnoF"",""rec7dEcTaTXvU6Foc"",""recAdfrK6qXa85Ime"",""recXiqvbXoBYa6V7y"",""recl9Pg5JTL4jnEHu"",""rec8m24XEiaKtZfOQ"",""recCYjCx8VsJLhfYl"",""recCzYdvNT7tCyVPX"",""recJw4R3skRT4NuAG"",""recNlDpfVTeIQ8wmg"",""recRI5gI1sNGt692x"",""recqsHXu4TNW85Jt0""]","[""recbopFVMkyFTrl59"",""recz18UA93ZqDUIEH"",""recEOsMkoFME4lWH5"",""recxZuX7hGu4OYEGQ"",""recgq7tLzmAER99UT"",""recOWnqGEdPJTUyaD"",""recHEZjp4zEL1y3Cd"",""rec3fhnr2z5qWTbNF"",""rec6GMG7oP4iApG0s"",""recizdZ5pesGF3GnB"",""recJiFIGM8rn8Yb4H""]","[""recPS4lg5K5mMjFz8"",""rec9cIhwwkDzUoX6q""]","[""recum33lvv3TXUYyN""]",INDOOR 6,,"[""recwT2IGXj1Apgf31""]",16,642|indoor-6,"[""reclsCE7gqbxvHzyH"",""reclrN9tkLORx4PUl"",""recMXubJMzGXQ7dsY"",""recRQeBWhwa1aEmgT"",""recewekJxsoIvfayd"",""recnvwVNR1dw0bQrQ"",""recRJTP3ZNSU7X7eZ"",""rec4nAyOCQ4vtnLZF"",""recR6TJnqeL6OLh69"",""rec1eJhqFc33AZm1I"",""reco9OucV8JIbdho7"",""recHHqKGVIBzPNXMh"",""rect32KznBbTik3bb"",""recFIgFMvcw8vxEFs"",""recXTGUMyEWeLwjl1"",""rec67Uhs5GP71OdVY"",""rec0LMXjTF3BZ4UwF"",""recZXt8LqQBSBHEmh"",""rec64RKY9BQx0n2Q8"",""recAfFB6A49ltxcXr"",""rechSgzBVCzo4FIkK"",""recOerz7NzxyVtUH8"",""rechWp1PFiGICTJAs"",""recs6WBSd0kSDQnLN"",""recseghwvhsy5cSnM"",""recHCZiPi5jGAYydf"",""recF3ZYRgyz1b0fZM"",""recxjnggUhOjkWhJB"",""reci79bCaBzl0hjcX"",""reczOjGuMgxJdKdTR"",""recS4z9tGhoqPBNcD"",""recvy4cvD7Jjlm8qJ"",""recgvUMCdE4Au90kw"",""recxRCyRmWiH2toQd"",""recCsIE9uMiA9ma5r"",""recVbUIw1qAlB9mBN"",""recmHzmuIF2JTlXpv"",""rec7Vs1Nnec9RBhtW""]","[""recbw2VXwrYGxTSB1"",""recgOrpL7R4gRD8BC"",""recKZJtd4JKxwD9kV"",""recrYxt16a0yV1jS7"",""recFtFhM7zZB3qZJX""]","[""rece4lTK00PwTA9iq"",""recPPMEvR5CuBU2OE"",""recwz5Q5WAOrNVJHl"",""recg71caa5rYJqz9K"",""rec8KKUgPeBaekH3n""]",INDOOR 6,"[""recwE80SK2NEBuQ0g"",""recRfCvoopfJIysre"",""recP3PQArxD4Tvc2u"",""rec3c7ZH8sZFeKJFI"",""recsxVxqgVUNJjvb2"",""recR5xuqyM7dTM1x9"",""recCXk1hmO4OhqnOg"",""rec3I9jr95GmQPfyi"",""recQET6bE27KKYyhQ"",""recYqFMhzIJ1j57L9"",""rec78OqD5qyWhM4gG"",""recyrdvxmpcjkyVmM"",""recFGAu9WXhct08y9"",""recOrY5XFxa1YVM6C"",""rec4BtKWHPtNPK57H"",""recaAKT7AgKusWO5T"",""recD0Wv9mkI0cdiNp"",""rec2rLKdslbcineGL"",""recJXpgHtCx7nfhBb"",""recBzaGh0vNdOFJ1I"",""reckHrI3AFsslsR6s"",""recnTChWBVv7nDghc"",""reciuOAoHsZGu1OIQ"",""recLzfDGfDCYxEADh"",""recT4PieIgfPfYG2q""]","[""recq3YF8PufLJpekS"",""rec3Ki5ddqMwVd5Zv"",""recSMowfE5wcV6pqu"",""recaobAyHu7aYe5D1"",""recGTRPbiyFWGXFfT"",""recKPPbxRShj4w1HS"",""recwvHnJiHeQ6kjFj"",""recGnavBPW3qQJ2Ec"",""recfeUZ5OQOejscGE"",""recIq4wolRpvMPZqi"",""recQP0wSqj9XJZtIT"",""recWJ3nunPwpxW8M6"",""rechOWTv6MeILO5ZR"",""recKxLRsV3heSMRSs"",""recIj8qC8Tm1aLVZw""]","[""reccvDdNGnkYYd69T"",""recWxeeHuonXdcUCb"",""recro532L52e71Aro"",""rec3hwdm4EfYMTQFn"",""reccP3DwYBYaA1zTz"",""recMGSHeT9TUwAsfZ""]","[""rec1lITZDEzvBPWov"",""rec4eAOzBYo3GobsM"",""recDl5FAgsOqLPneE"",""recFjrgwHyBA9km87"",""recGktQyKGZgPdEEE"",""recMuLnN6z4ndpQMd"",""recOpPnhh7xklkifh"",""recQWDZkVxaMnH8pe"",""recdhicVozqEph1Y4"",""recyJqmjZmWp6zGWj"",""rec7aUy9LZLSi4x4M"",""rec7c4JvVPFXSEuXm"",""recLm4bIWsCwKtsOn"",""recM9FR79XkcNTFdh"",""recqi5yPr8ccG3iPu""]",,
recScPGhIrfPpFVI9,recScPGhIrfPpFVI9,645,indoor-2,"[""rec6quDbQpkuF8vAt""]","[""rec2akEwORDJpOjKF"",""rec7HLhnYQ3IqcXnM"",""recAX9qZSkVW8KkZI"",""recBi2Wzb0pwHM9u9"",""recHmeZb5tbM7QXUy"",""recLVV8ACaD2zV5ph"",""recMMa9GjX1xEdEH8"",""recP9fuQnn2igNCS6"",""reclSukHC5fUJ46oD"",""recvc6o9SK9et6QWH"",""recwukKMEUwtVza8d"",""reczJheE5zngyIGr6"",""rec3prKX5eJvYu4ZU"",""rec6Pl0efeDRJUY7g"",""rec9bU6l7UvDb6KP7"",""recCvGDOhpn9CRkjZ"",""recPvHpudLGgFjat0"",""recY4yUz2IJDny5uG"",""recf0cTXGK4CRO26E"",""recgydWogZvjx1Oni"",""recjnzwjRyoTMBFGK"",""recl7TWbC1RdRFez4"",""recrJcG9sBNOvUq8P"",""reczHcHUCXSbgpHIf""]","[""recBDKAh8ZJ8FeUjo"",""rec78b1LqCfpOeaGD"",""recvU7xF1FTmlD13N"",""recwCJtf9iqCvUQ1y"",""recCy3e2doBV4DpV6"",""recWMuFuMmpvlUez3"",""recXguPplMLAcGO9g"",""reclxhyXuFXcRrZAV"",""recfUxc38WgAHAMV3"",""rectB41U8EwW9ixeu"",""recS51I7LsWapHuWe"",""reckYGNPjP0f0y6Cr"",""reccv8Pu4OHZScm56"",""reczgI1Fh73ioukm3"",""recwYHLPABT3y5vJ5"",""recux4Ox8xyGZkr9a"",""recFCiGSgqAacGuNk"",""recl1uNeeFouQzZv7"",""recciJx9MJGZEbsHM"",""recXmVPj3szkPkDrI""]","[""rec0UdaeOU9eVxxGj"",""recSb68DHEKysEABq""]","[""recdltZRIcqbaXhPT""]",INDOOR 2,,"[""rec0Nq836lYqXfWxI""]",12,645|indoor-2,"[""recCTPshidL4v6mrA"",""recwGXotkd1hJaMQD"",""recu6F3mBS44UGjAz"",""recOksVDSVK3nEQWF"",""recjtAy4dy9ytoKgq"",""reczfnkpX7oMH7aW1"",""recq496mCIlPsrv9B"",""recH2darrwjQEyVia"",""recI500Ltk7e70Y7M"",""recszryzq27zNISF7"",""recxoAbmy4t8oFrr2"",""recZESEEl0R7sg00a"",""recAb441bXkkbP1B2"",""reckyIDyvlwoWMFtC"",""receswjRQPWbRbUvZ"",""recRlLnFANCwnLZ4L"",""rec7Op8FqRTIIPAGL"",""recMZYkZIbQzNmnzT"",""recuVD0EpoAgFLs0u"",""rec56acHQ4wZX8MKs"",""rec3GGLFEGOEQTYru"",""reczVrH4ul6PIPZ7G"",""recYrw8swF7A6YD4M"",""recZnfnowXhZTzBue"",""rec7nRYkBMM3wvbT1"",""recqGPShAwbt8YQG2""]","[""recF8YpfikJ2E9qlh"",""recc5xkyWRUgU1rzo"",""rec3tyC5LYmFg90iq"",""rec4YETyLJJ6LZUXa"",""recP1bwM0xRwEzmns"",""recUTjvrMPPeVpeNQ"",""rec06VH54MrWUXHVE"",""recvPcYHNBCf1eHmK"",""recfnQasSLEQlvHJt""]","[""recpXsYMmz50AQdsr"",""rec1vsRMewzbnGa74"",""recOuoCZU96HdHUkQ"",""recuJcxnbzmw5XwEy"",""recJin4JoPryqX2u9"",""recMoj77LRflASWqQ"",""reclSjUBzoTvCL9Mk""]",INDOOR 2,"[""recvtYoqJt7t1H3PW"",""recU23OXos2JEIsTr"",""recucXBBlgOQJVjOw"",""recivOon4P74tJCna"",""rec5lLLSUj5bqYoLs"",""recnbj1nWU1s8sdmV"",""recfd3bibI9mxqdaK"",""recSJoETbIjxAVvav""]","[""recGkaexFyaHkO23a"",""recptqtIbZh7vGTDX"",""rec3DnDrxnDBnh5I3"",""reclaNUVVaxj46Vp5"",""recIw5sSGaS95M1Ej"",""rechV7POobAjU5Gny""]","[""rec3YHGXTpxyx72Fx"",""recnQ3t0diXhQ3glU"",""rec7qSWtukTpbnZN9"",""recn94wyheuHLtl0B"",""recp5WdW4TZGOijd8"",""recOXhDnKAKTYG1A4""]","[""recDyHlXwAap2WDwL"",""recN1gEQWYCMdONfk"",""rec8kcPgE2l4YnsSV"",""recPi5Q9n77aOvCig"",""rechXcADkJGGs5BvI"",""recs6DgNppxh6GjsC""]",,
recUbrvF7wkfPdFYC,recUbrvF7wkfPdFYC,741,annex,"[""recYzHH8l3BfSw93e""]","[""rec6obu9n0mg3HQPp"",""recOosMDPLY1a6hyD"",""recdxpKKn22GilYf2"",""receBUrlJmuy3Wjcl"",""recezo8ZDJZmDHbfp"",""recgLXWeZthayOdtn"",""rectruKfAvA1FTJRd"",""recUqUZtjd4MihuyI""]","[""rec1DO0LE5JiMQMwF"",""recCqKaGlPnCJmp4q"",""recJD04v8bl027w6x"",""recTMLlFxwfM1nqlX"",""reclGty6zykjzxwnj"",""recu1vZRJ3p33GWt1""]","[""recPihhwVboxl3rpX"",""rec12re8Wfpv7cQyI"",""recHrlFt3tqtaTzx6"",""recPoDVRP6hpCEdYz"",""recpZgyfvad6Fqx3b"",""recEE0nTSrffQdRry""]","[""recnKzsoJTMit2vSC""]",ANNEX RING - Matt,update_schedule,"[""recziSZCouQrIM4zH""]",2,741|annex,"[""recSntybpezvllUG2"",""recKpxMRBrBL2uenv"",""recejRmmXMol02PGq"",""recfxOyMrwxtAroic"",""reccTihJ6NOK1MVXA"",""recsqZu4P0yQUnXqR"",""recWDDtr7FY1Z1UdD"",""recaPpoEkkRTuVPSK"",""rec9YebSFizABCILQ"",""recjeOikuWANZwoDY"",""recOJHYTFfAZUUrx0"",""recEneqUe6jjKwwKc"",""recM0Ui9ewVd6pmKl"",""recFqrbJyUw02HnOE"",""rec1nrg6sfyulYcpM"",""rec6tq6zFuTFshe9s"",""rec81i9VwQRhaP9QK"",""rec0Wk2958HY3j2zj"",""rec3O1iRvCrA9S3BG"",""recZsTK2SBqdklfUU"",""rechv9QcOxZ8ksPve"",""recg1RddR9gwXNspX"",""rec3KIgI7FExNLqPG"",""rec3z5T2kZ4GnlCfs"",""recm5nIT4f2LWqDAX""]","[""recn7HgrDfl1qzQXi"",""recOWB0wxD7JGi8EW"",""recXMJDxyoZ0cncxn"",""receEOazy4nYz33PE"",""recjFPxxRaWsCwHPS"",""rec1lHmxzM7rbgP91"",""recnUmTFsLXIasrw7""]","[""recyy7DDq1GJMonLV"",""recUkWkYrmk0bhNmf"",""rec1kn72r4ClYXGxS"",""reczQ453Ukb6E8AtH"",""recKkqSyRHGFSaXRQ"",""recpeC4CWKrPVkiSV""]",ANNEX,"[""rec3aGS380avuH6On"",""rec9uUpIFeKbPGBlm"",""recXVvxtiSHNDA5MT"",""reciC9tuLaiAWTKyW"",""reciTIqeKPVjhYIWc"",""recwhVOXttc6gKSiM""]","[""recVrpjf8NDlCKl7A"",""receHjBveagGPPZvk"",""rechB5Z1xKG58Tjs3"",""recbUTVDamLWAHax1"",""rece6ELpZpUWa8DpQ"",""recjPrNyS7Hlk3SUJ""]",,"[""rec0KarEAfg6x3FCq"",""rec6ZlMeqnJOoaGEU"",""reccjzjTXBjuJ9bbT"",""reclInkp2cuCbriMJ"",""reclrOnF3xRTQmkot"",""recz6AI8LQLpads8j""]","[""recM7ePRIiMfiBEK0"",""recuu2WurT7lgvQn6"",""recb7QsFExkz0wx2u"",""recwNYxz0f4jNlvIm"",""recrxNLslVcWWGuDn"",""recq5DenL0vl8Snuf""]","[""recOhXh1BRpcGXB72""]"
recX3iLPIxCumtIpR,recX3iLPIxCumtIpR,690,indoor-3,"[""recYzHH8l3BfSw93e""]","[""rec8ZzJ2TIMLnKXiG""]",,"[""recahnxAu3HikLARX"",""recxBTsAatG7Hi7bX"",""recsHSXoiDWl5Ntfs"",""recOermPMSlj7hXnh"",""recyKqgfWIMsVK11n"",""recvpm5Tn8Iyh3BRs""]","[""recniicF1JvfIzvzO""]",INDOOR 3,update_schedule,"[""recF2xL9M4NlVIGdX""]",13,690|indoor-3,,,,INDOOR 3,,,,,,
recbIfaR987YLeOAi,recbIfaR987YLeOAi,686,grand,"[""recYzHH8l3BfSw93e""]","[""rec1qPx6d7OqSkMpm"",""rec70SA6fouXL64so"",""recNBNNImFBNik7UI"",""recanPvZRnGjwm7zF"",""rechpxj7VQc8sMxCg""]","[""recEB5cfCgY6mVTQL"",""recGVa0sOdBnoTNWE"",""recILgjfEpadubz29"",""reclgtLFHpx2RwJjq""]","[""rec7pLT7OAcvvEEub"",""recxXbXUfwdoJp8ze"",""recu5UMG9fVqCLyac"",""recrbELRmJMDA3ElD"",""rec5wmB5Aslwj3TBO""]","[""rec2oJoyPqWOI9BaB""]",WEC GRAND ARENA,update_schedule,"[""rec4fnRIZlJBER5RH""]",1,686|grand,"[""recyk7yDpYaUtxvSv"",""recrzcmAiUmDtaMy2"",""recwI3Bjm0FADcH4z"",""reczU0wB5JR2iyctJ"",""recSa3eKN82JBFD4y"",""recUujlb4LAYAFLKR"",""recnMgnpWw6hrqDuG"",""recIHXGsRyEuTgkJm"",""rec4XNIkxGP2JeJZz"",""recmH3gwjmih0Fy1F"",""recFCUjYbkdYvWBpo"",""rectUKjrwvscaffop"",""recmIlghG5snB7fL9"",""receYKAuh0QdwXgbV"",""recsT29BQkyFZ8KPo"",""rec8NXMCcuM8L05o5"",""recZ4ud7WLP45Hshv""]","[""recRXgPvbOkZdxBa9"",""rec1JSFfG2GMVW3kd""]","[""rec7DGnas5UE7cU5w"",""recEPBKfwzfBylJhX""]",GRAND,"[""rec90LFOuXBVQJgb8"",""recBXaMXfXbcZHlRc"",""recqmeyH5ZioMXWl0"",""rectDBMkNUIyRSL2D""]","[""rec7UqqaKrYoAtcT2"",""recq3LauGU6iaYjTe"",""rec072uqXZOGeYjnM"",""recpr1DXHu512wkTC""]",,"[""recEMPG8xkKvTaVHJ"",""reccPqzZMkaeKcQ1F"",""rectbTsSnmRHGqwbx"",""recwsgGv5hhRLllSa""]","[""recnPaxYCJIQYdVrs"",""rec76FNWfk9hIU17K"",""rec5OflVpqSlMVxel""]",
recbtp3vCFG3g21jJ,recbtp3vCFG3g21jJ,685,indoor-5,"[""recYzHH8l3BfSw93e""]","[""rec2qo3QUwjZ7LM1R"",""rec3nWmnUJYYfaOfq"",""rec9IlghSjzUxH3WP"",""recEE0XGtLpojB5Ti"",""recU6iQjhLLW8XAb7"",""rechGfkfR6nT7xyQC"",""recnNZrFTB4XeT95Y"",""recwfViXjy6X3yINS""]","[""rec24wdKVgedOtQZr"",""rec50qvAYZAX6OCYv"",""recCyfsW8Wg1nDbTm"",""recSS9qERYJ2s8qQM"",""recWEXwDZPJXRf3FG"",""recomhOLGRe9YephR"",""recwQdfhtI9ipDYDr""]","[""recKl2ice3WFUDdpa"",""rec6zYHDEHjdCWXD0"",""recbRlNLMRLsxzAdW"",""rec2gAuifdD7OC3UV"",""recDqN5dLBbeHCjZR"",""recRX0DmmjL0qZi5i""]","[""rechbMWBpDBvQKGrZ""]",INDOOR 5,update_schedule,"[""recqXvRmo1rlA3vG2""]",15,685|indoor-5,"[""recifl2YGh8xWuX9n"",""rec74rl8mP9PsR40n"",""recW9qeOd6y8ICp6B"",""recxvxXvrlBXWdFMg"",""rec9rWmP0QhHXZTxj"",""recpHwPAbvaQmwvS7"",""recN2vhwD1KUrCMSv"",""recDctGZg2fgZ7HXL"",""recrmdzOf3RgvxqGq"",""recHGwLnHHEgpPQGi""]","[""recYJeneQkKbW1CSq"",""recnlyT19JzCtSA3g"",""recugH7ud9RUBR8QT"",""recDK02QCFkBdfaRe"",""recqcnrZEvwmov5jY""]","[""recNDgVuNcSmlP3ox"",""recEHV99jeIsUjq43"",""recTyhIkA3dvZW64V"",""recqTInHJm6BDRAnS"",""recCmjoqxAycTQIXg""]",INDOOR 5,"[""recGCI5hHyLRdjFl5"",""recpgxvjU0tHArwgQ""]","[""recEdZ4OFqFqFuLuN"",""recUPiFxRV5IwTSfo""]",,"[""recJrnZsZVka7MfbC"",""recs5cpucn20uU66n""]","[""reccMU1QmTRnLdELe"",""recqP4qfv1OC3kv3i""]",
reccD74ljzoPmTlzJ,reccD74ljzoPmTlzJ,643,indoor-5,"[""rec6quDbQpkuF8vAt""]","[""rec0CJ1qRM8yvjoPH"",""rec0D4XszooxpaTaS"",""rec4LoWni2mmKsWQM"",""recJqrKsCJXxrfCLZ"",""recax6WMIQk9BDym6"",""rectEjcFoXWGPm60r"",""recy4CFUUboPJqfq7"",""rec2jksQjCWUa4Adn"",""recA10UbIMc3RjXzh"",""recIjZtALywYKq2by"",""recRH7WcMrdbNIdOU"",""recRRSeYlpKlVcMIr"",""recRUwnmUfC1Gc0Ld"",""recS0WJmmT61nHlCz"",""recZGJYMJokwYvh7m"",""recnf9bldZWY8Iqey"",""recrvV3eDWEWRVdfE"",""recyMIDQ2nI8zv1ib""]","[""recvvAvTNliBA7ZmA"",""recdTocwfLZ9fjag4"",""recZnguhdZJr7zlaB"",""recBpN8DX8sDiXVFp"",""rec3Cdvub0dmGICue"",""recrPy5el6ppiFrcp"",""rec6KBXoHZHdihQIG"",""recxkEUVkTgyZwTyi"",""recxn4NoufviE0z6E"",""recKYig9sDY2HQ6fc"",""reckOW6hzuMVkWdBH"",""recowcHe2Z9N8A5XC"",""recMf9t8hRSznrTJn"",""recXhYvjb7nEXezKi"",""recIKCSHuR8FjpYpm"",""recEpUrS7qJ1TYOYG""]","[""recx44iC7a9rQTpoK"",""rec76rWtq2TOgd2G0""]","[""recMFFkX0eAMeQhqf""]",INDOOR 5,,"[""recqXvRmo1rlA3vG2""]",15,643|indoor-5,"[""recIO8EzRQlQ9DQJ1"",""recl0nhlTdSvLMuu5"",""recqErN7XztoQM44E"",""recuEAQrjIDuQ7VGP"",""recTeqRS6Bib3sW5s"",""recM5E4Jy5ow074g5"",""recdXyy9QLXuId9AA"",""recR2pQ9yBAPGXRMS"",""recdFI2NsmhJgnPfM"",""rect4vY9woFzHDqWA"",""recuO37AJxdss2uqc"",""recjv5fmHVdpn15n4"",""rec4sZ6CWbtKbX5pq"",""recI0TZKB30dUmp7q"",""recH8uhvYwHBL16BW"",""recSBFXwQEDB8dieG"",""recBGLkqYQdkwpeow"",""recYZkeIFk0MtbbyW"",""recuRG805pzTxPfdz"",""recBVeJ4v7jmuPzjW"",""rec1Z9veVnCuVKLFZ"",""recwhQAO1vHogKp9O"",""rec4d6POcBP6dTKio"",""rec52Et1ACYMYhrIU"",""recQ0EIfWpgfSDhRG"",""recGi8Gif0DV3xz5I""]","[""recZ7K4F7ZGiMWEqo"",""recmPOE9MZgLUu3ob"",""recgPHWBuBvTpydIY"",""recGsHjP8MzggbPBy"",""recgkb6GegzTQef4U"",""recyNFwfRUyEu82H5""]","[""reci0ZjEWQebkCjKb"",""recknztCLn2qjGMcO"",""recMAxA8cWQ1mTkCe"",""recfEWFZxB6g4e4E8"",""rec95Df4W3L2bsobK"",""recpMgFVo1tmwNlKo""]",INDOOR 5,"[""recR7m2NMOlFhhVdI"",""recRd3N2mXYt2kHhj"",""recb3qmih1jDyoQKG"",""recMiWd0wHfcw2Svv"",""recTXwBbGLK2jwkrf"",""recCYqmWpOcyMc3WB"",""rec5gpU9xi1d3M44K"",""recYbtVgNNjBeT0ft"",""rec5UkekAG15mNrRw"",""rec7YdmSwN9GSq5Yh"",""rec9LrcqTlbvqVmPH""]","[""rec4zVR0Dj563Savi"",""rec0cuVajPDQ8FXxo"",""recQuaAPJ6EujjBMq"",""reckCrRGfMWbbvPkj"",""recwNqmrIvUEVqqjC"",""recUNFjkwJIatKsA5"",""recwfEXf1VHgxYlhC"",""recpySw0S30ZsSIy6""]","[""recZqgOwXhVd5sugz"",""recBL9aFPW2TJqFO3"",""recx4O4lO8JrZaZDK"",""recIzmkvFbDg8V8Kd"",""recGUv6dTQ5nhFGlG"",""rectmNkdlfdzS56lC""]","[""rec37MjBjfNxvgkA4"",""recriw5Jt9fDsyk7J"",""reczHc2ZjXFmD9aar"",""recBX6hPKlXT3oFGB"",""recFRJlPD4hXiFt2D"",""recVwJ1Z1qLVmCyeU"",""recYQctImqCLyRKhH"",""recamBTUnFDjlgCaQ""]",,
recdOpRcCpZCgTIB5,recdOpRcCpZCgTIB5,648,annex,"[""rec6quDbQpkuF8vAt""]","[""recOpoamuZvT6IAJT"",""recnVlYwmNVO4WZAO""]",,"[""rechLnO9rtWt7lKxq"",""recF6qCUJZ8e9aHx3""]","[""rec1R8KmFkpkERbzF""]",ANNEX RING,,"[""recziSZCouQrIM4zH""]",2,648|annex,,"[""recIjUt5XNw46sjsf""]","[""rec0zieKh81rI0WPC""]",ANNEX,,,"[""recxXwYaLr63Pzr0p"",""recbV7CTQA9eP75U0"",""recfVlLfOMCD3XjzJ"",""recAIcPaRKtyQKAte"",""recUbGWmIkDyprUGe"",""rec6G2MKRgLiQgRbP""]",,,
rece9hfLO92FS8fvE,rece9hfLO92FS8fvE,747,indoor-4,"[""rec6quDbQpkuF8vAt""]","[""recOxmm2YOecQqoPm"",""recQvXVjBm4svxYL6"",""recRSVdUZw7t2Vlp8"",""recRnu5rXYZHbt5ji"",""recajA2VNy0lWZKbB"",""recs8rOWWvoxZ8maV"",""rectemO8HELHivQYl"",""recvniDCoKhqL8LJA"",""reclPf5BaQyaMaoJU"",""rec1BwWnGfk2QV4eU"",""rec1nhLrG7lRqP79E"",""rec4iYRYjBQzJrQVR"",""rec9ojT3yEap65KNw"",""recEYQ9ug9n4tTBPU"",""recEkp7EeWqIgmlJS"",""recGZ6EqZIrutZPqP"",""recIGaNrQS6f1WNlR"",""recQ6hCUnabZocKo3"",""recSN02azFU2JOM6R"",""recVGn7fmBUAhWIwJ"",""recadjBVblpXhuwHr"",""recxxjEBmaV6KqjHK""]","[""recDYjSuxkgZ3h7XD"",""recg0ZXR2CNkCtk21"",""recY3sXCRpcrgLnp3"",""recX9Fwox966CS4CG"",""rec5x6nqfo5duhoQ2"",""recCdOeuLpICNqUeD"",""recGKDoYROOjKcrup"",""recrQ54HB9UUna4TJ"",""reckqF7I3SB0a4qIt"",""recsKNM5Q8IqrSkOq"",""rec3uPcheC5BoJG6E"",""recvmGVrSaNlxVPcN"",""rec19OKxmmrmhYCwy"",""recpP6cfHXRkh0UAt"",""recAZ48xJ7sgU517D"",""recZpitydP6h1Vki8"",""rec64901C4CVmvlyt"",""recNo99U7hVrXQEyn"",""recvWxsLxXBQmgzJq""]","[""rec2Viu46NKCLAMNc"",""recrF60EJRzqfHFpo""]","[""recX8qqesrdXAy3F7""]",INDOOR 4,,"[""recDuWGSCEwKzv4iV""]",14,747|indoor-4,"[""rec0BtqRFCTVC2s86"",""recGxIOUtSGYEmghj"",""recVjJujBamyNTpzc"",""rec5xAJWURrFDvnr3"",""recM2nlQbTybvMr84"",""reckgRCMOo9XmhMbF"",""recswyat1I2HwubWh"",""recIjqio2VvPbU7Bn"",""reczisSeYjoMbf7Ya"",""recJnbnfEhByMXCYJ"",""recZRa19AbjfSNyZg"",""recLOxL44C9gvbenS"",""recipz1BRyiquLL5Y"",""reckEexPi40ys14Tq"",""recQI8f9hfG1a7Ief"",""recZ9jLsxeEb5IlLA"",""recc7mHxvKBy8jZHY"",""recCgmdjoWYsBPqIy"",""rec3ePxpOFgk8ruJr"",""recPWPsoKS36UIrXm"",""recT4wtK0hlRIvlsi"",""rec609IBoEjzqD0cQ"",""reccOnXxctwlkBzHK"",""rech9KRFtz9jIoVIT""]","[""rec3PElryzIt9ouD6"",""recxFbMfI4IMZJOpv"",""recm2b4R0saPphbR1"",""recl1bWgczkwrAYbL"",""reclle8DT6QIfXvJA"",""rec7puuvGVx5m0mmJ"",""recXX7WlvmoOQzPF9"",""recG3pMnFn8MQVCKK""]","[""recE8CrssWtATObad"",""recer9oASefx9DOJi"",""recuEXlLQBdbmSQwW"",""recX92PwPilAWh5e3"",""recJN1yNwo4CydDQy"",""rect6lHrjjO12Hq4y"",""reci8iTh47F7i9x6M"",""recQ5Fmr2q5O7kyik""]",INDOOR 4,,,"[""rec1iQrG9L0QxVsi7"",""recBwgX2Fmft1E9jR"",""recttKhca9HBYs5ob"",""recdcne3kyoin4tNy"",""recjftbd5kJh7zhYC"",""rec7fmytijvB2x97y""]",,,
recg57IKVemD6aTRO,recg57IKVemD6aTRO,646,indoor-3,"[""rec6quDbQpkuF8vAt""]","[""recUh8DCeGElFMUjH"",""recNooiD6jKtYogVk""]",,"[""recLD5bqpOG5UFHk0"",""recBaK0abi4LsnxTo""]","[""rec4HsBpP7I1wloXB""]",INDOOR 3,,"[""recF2xL9M4NlVIGdX""]",13,646|indoor-3,,,,INDOOR 3,,,"[""recNzCQsNnzGvQzP5"",""recexITisL3gkX4yz"",""rec13P33paKc4GdNP"",""recK8x1ezn5O0F2pd"",""recuFz4rDxFoZmEQW"",""rec2pJxEKdfXsvf96""]",,,
reciXxIicTUg0rqJb,reciXxIicTUg0rqJb,689,indoor-2,"[""recYzHH8l3BfSw93e""]","[""rec6ki4JraadmYLiR"",""rec6wMTi94T8ngkdx"",""rec7xMvXktkqFPDRV"",""recBAFXkaacspbQk6"",""recDb1KriPmKgom6d"",""recMvQEMZpFEXVU3E"",""recTHs9rlE3TdZsxS"",""reclIWLoJREJiSerA"",""recplIXPPh5RX5vw2"",""recr2bQE3uamAHaus"",""recuszMD016r85JhX"",""recxX5Rjkd3HvdtSY""]","[""rec15PvbwWzrN1met"",""rec2Vucd8vs45xSW4"",""rec8pH0b7lsAmWk7y"",""recDJnHYbWwRKy15N"",""recEaTfBjevMdeB4o"",""recLvPVTSLpH4kwcW"",""recRGe3ER3nVCCB0C"",""rece41bTPOkk3XOKP"",""reclJKOX11X2ZJoYg"",""recszwrLbIVc2bK1y"",""recxjT2z3n1KQlsln""]","[""rec3wSdEv4r6YG42f"",""reclNvN2QAyGnR8Mz"",""recNPu7OUlNd49Z8a"",""recokH5oVAzyjNux6"",""recwhT9RvktoFJViC"",""recQePbzD9mPHJtiz""]","[""recj2V3fMCQHKmSGA""]",INDOOR 2 - Tracey,update_schedule,"[""rec0Nq836lYqXfWxI""]",12,689|indoor-2,"[""rec6HNvWSW2bKgbHY"",""rec7oEvI5wCdoVpiH"",""recvIb1jRCgvpJjOV""]","[""recHwroeS9M9oGOSe"",""reclLQasHiSv5Uu7L"",""recVa5hTGrnVLqO7y"",""rec3tHy4YVGU3jTgD"",""recBTOgxg2P5Dx9bm"",""recRI7FKdsGXdKmO3"",""rectOufWcdFK0jUx9"",""recDUs7R4eehiRRi7""]","[""reccmXCJv1qMtl9hj"",""recrMDdK470iva8qD"",""reclRJdbDc7C1PUWT"",""recbWyVKGLV9VRto2"",""recIWBWPUBNEtVDxc"",""recR7JRY2aOtelwqg"",""rec3oDy2JzNk801Bu""]",INDOOR 2,,,,,,
recs89ouqGsLmJXfj,recs89ouqGsLmJXfj,688,indoor-1,"[""recYzHH8l3BfSw93e""]","[""rec3DApVdhqA6ExQd"",""rec40kEVVcAgpvvSj"",""recE01IbexNyMdAlH"",""recFRn6VS2Xv6o1vG"",""recKNHa7257MfugYp"",""recOiV1XJRY2mN7r3"",""recScXC7RkUzyvfZy"",""recVmLrfTzVCOQwLJ"",""recaIfHYZCxXD27c3"",""recbGFrLtYfjydSPk"",""recdbSnoEOWlQkcVX"",""recjEcf8xvx2BsrX6"",""recjgHE2qLoQX8L1M"",""recktVMP67LQWWjaE"",""reclmU3OEHUhyacH1"",""recoiMHsuZLmUifLk""]","[""recBvv0frFNBWSkhU"",""recFwKUzyvbKwqyWp"",""recLvBbe55VWR8YkM"",""recO3RfTa8nztfZBn"",""recOifUoV3v9Qiz8V"",""recPSvBKUUaUTstES"",""recTcX57rQ2ulf8aZ"",""recVFZXioyxRnHjgg"",""recVPCsZ1qhnPM2pE"",""recYSxmNHGRUo73dQ"",""recomgCavHXXyc0Ya"",""recshk9qjZ30voAhd"",""recvFGU06ZFW4SB0t"",""recvfmX3QyrlXVpS4"",""recvpIZEknKES1LB6""]","[""recoB6BKz7Qz6c5iR"",""rec1HQKPNvtw3GR1J"",""recoxxiR3sh4Rv0KF"",""recKTUmxyY4jkuJQ0"",""recMFCy82B0nVmNjh"",""recGpz6XsJRUMdhzm""]","[""rechvEukivfInVIha""]",INDOOR 1 - Sarah,update_schedule,"[""recJHdVvAU7PmXwXW""]",11,688|indoor-1,"[""recsQswCdFkfnchEm"",""reczuJqEQxr9Tq9aB"",""rec8VwXgYoRHybn5s"",""recPJtdZJ7sjAFdu1"",""recZDJCFqj8ypokY0"",""recBxZ7m83N3Pv2Ub"",""recmYTuc2sQ0KIfQh"",""reckXctNbRAYqmdDl"",""reci7zqqLTlafKy9Z"",""reccAMMHqo6CgR0cW"",""recXuR5sq5t6taBih"",""recxCyyGb8qWsk1nD"",""reci6zYtD9Ygnhs8d"",""rece5RdwAcDTPz2Qz"",""recdPOGBTyp6Xg6CF"",""recvd5hYeRQpmZTFq"",""rec4jZPlf8thDxync"",""recRVY5pY1DdkINkK"",""recnSo7doE40wx1bL"",""recp6Lmrjqd6hZTVy"",""recVvh0qSjPqhDQpk"",""recm1I3W7o7W6VSdi"",""recCwRhCFOKz4pKvE"",""recpzNVzFEauPhyML""]","[""rec53rszU6gpavFBN"",""recttEd7SDmHuFD4M"",""recS4nIz1hz7pS40b"",""rec97dqHqbuteSUsb"",""rech1SW6LVSjFYoy4"",""rec0Dpjuf8363a08M"",""recWBXNzZmr6KAyvr"",""rec4vTDeJXlwnPGBF"",""rechQb2d0TDMWXojt"",""rec9BDTdArYKhXKt1"",""recGxO4V1oS8xkLKa"",""reczV2BteQQA6htWb"",""recvEhR4DiF5g3Tjg"",""reckYDUH33HseKJwm""]","[""recVcVtpWTMIMROE4"",""rec0Zym8zKaQqRce6"",""recxPoQsR2P2zUlEw"",""recGt1ed9lW7HxMsr"",""recEvqKxK6MOUtUZb"",""recbQrNcsc2uczGbw"",""recHste9Uo0rJT6S4"",""recQdLGLLU0cSagli"",""rec2yxOG3P6aCjwr7""]",INDOOR 1,"[""rec80POQP3EhiJrM8"",""recCcKkMwW5AnnkqC"",""recXMF6BTo3uNTJoQ"",""recYoq5c5daUmPpPV"",""recgV7bmSkuuuzSAT"",""recnqfTfHRVfHg3uc""]","[""recYCZjABGgi47DvT"",""recnsfgiWAOsyRSyR"",""recO8g1ng4UCDAake"",""recdMCMqJ1tX8924y"",""recoRaVZAt4BGvFSt"",""rec6oWa9P7md0V67q""]",,"[""rec0Bk0MbLCNHmjen"",""rec1d5ZnnAJdgiZFs"",""recF1peXOjEThQUg9"",""recbPuI17qdAcc1CF"",""recjKM5xaH3No2sqq"",""recqfUNqZeuyBJDkJ""]","[""rec4dPc7NaEZKTeR8"",""recze0ivEv99k0dPo"",""rec0FHckogROfgaGy"",""recxrx33N0YVQ7Zsn"",""recNnon5usdLRmQWw"",""recegkGHX1iJR8tHF""]",
rectNlCAHUsjH9nOp,rectNlCAHUsjH9nOp,640,grand,"[""rec6quDbQpkuF8vAt""]","[""recIhCdBLsvpmFMrZ"",""recJOeKGZiMF8twIc"",""recMu8OsHmrHt1zyg"",""recOaeEdI8mIm0MU0"",""recs3y5yu6bhw1V6k"",""rec2n1YCGDNGUpy6C"",""rec362TiJX9BNyiXy"",""recOH4QnZlRJLVUwo"",""reclA54nZlXjt43Jj"",""recvd7cbZH6qwp4Bi""]","[""recUnFmGgfMUMZASn"",""recYGuG3g1OpR1P4T"",""recSHXEvravsL6Yza"",""rec99IrPUA1MZAj8B"",""reckTLoNXrZSAYLxJ"",""recnnwtY6w7cGskcQ"",""reclfhyq4d0D66JaN"",""recUla6w2O12Lo2Z7""]","[""recltjvEP7QF6rULP"",""recTFJMlzwTdmUpt1""]","[""recHuT9XTVpMeeeAP""]",WEC GRAND ARENA,,"[""rec4fnRIZlJBER5RH""]",1,640|grand,"[""recglPedXU7mYzy6m"",""recYdik2qCV3XZcKF"",""recqjRIAZaHfQigvD"",""recsUltoN6yfXbQMG"",""recwkjpihdathU55b"",""rectaSaWiY7gWtcCa"",""recZfucwbcRMSgUrV"",""rec1d5MmNPbtjbLLy"",""recBkvR0BruoRrw4C"",""recJnhZomwF9vvUuK"",""recXlmPZ0eiRsshwU"",""recvHjoPqlCvBTuZh"",""recCX2LNdSwF6RhhN"",""recjIGPyKrhiNad0k"",""recTM6iyV6PxzVevE"",""recyq6Yao9Cmpo1MT"",""reclqHBlqmmGPhOtN"",""rec3LzNTulSybafii"",""recBwLtV3iupWqac8"",""recH2k5h5HiW7xkJd"",""rec9e0yBwqv0K6mG2"",""recL9ukDvc37KkhQd""]","[""recOywelCaw8X8RUl"",""rece86fXPelWeOPWW"",""recpuaJSRGfDQsSVX"",""reckCnj9nOiddtCyE""]","[""rec6w14ATjR5nXyyT"",""recXeamEbD5IeKpOU"",""recQ7hJX0moEd9hG1"",""recfZRYSWvzuHfU0t""]",GRAND,"[""recSvPbVVh1AvvyHU"",""recRYCRP9qhSCp1Ha"",""recGArGKGGvff1tJI"",""recUL44GxXwwj0g6y"",""rec91uogmEKkQGuXP"",""recXB2BMSRDKXYHxa"",""recL8OkkdkjbJfQpX"",""rechA7jYiiL6fyLsb"",""reca6mOceLj9j9o48"",""recNdp2tJR8ozNSPl"",""recLK3HLF6t34AGqK""]","[""recopPb5O7BLi19hn"",""recvTVe1wjkzk2hyd"",""recLhWvaLBkmPiRKk"",""recigiKSgjuQ0lJRI"",""recEfC0jqFXrJNADf"",""recm6uJd9ktr3Xbat"",""rec7OoZjWiOZnHtgi""]","[""recr1M6S0emSedVGt"",""recuc4DOZHkBH3V26"",""recUj6M66gdz25yUA"",""reciQTLogbrGPwyG7"",""rec0GVlgBPtkvbCq2""]","[""rec8KzLmn6Q9F81ln"",""recD7pfoaSp2QIFls"",""reclEISXCY77qdhNc"",""recraVWrLUHa02whH"",""recvm5lcObBDmC5Oy"",""recM3iEQkS1nFLPKH"",""recvQacAs9Cb1jG2L""]",,
recxErrvgJipUHWiQ,recxErrvgJipUHWiQ,751,hunter-2,"[""recYzHH8l3BfSw93e""]","[""rec7Vn8agAIMFIpk2"",""recJhmUjDcJytjhin"",""recQyTXOofYpebYYs"",""recUJlC7mtKbWjMpp"",""recV29DlLWajxHyAW"",""recl86mYXE8eIHvCq"",""recocaiC0dZJeJW4a"",""recoifQEhDoWXwr6e"",""recpu6UUNdWdma8kS""]","[""rec2RSIKoUmd3LMtY"",""recOgyFWRyuCI8i0R"",""recSECULq0Js3RDcK"",""recc6WJl1jG2P0C9T"",""rechNsmaxUIYytM3r"",""rechPYe9gYg1ZqPb1"",""recl7YIAlB0lE3mAC"",""recugBjxZ0rPFvVAZ"",""recxdNeaBlmojtQs3""]","[""recyfEcT5FndnXieo"",""reclV8Um1Ew5FL8r7"",""rec26JyyHWffISj8L"",""recNk9V6LRRUT9fza"",""recPfyIxXMv28MPQA""]","[""recaK6pBu0QbgrjJ8""]",HUNTER 2 - Jo,update_schedule,"[""recVhbCn2Jy5Fe7tW""]",22,751|hunter-2,"[""rec7F7ZnEHLci1GlB"",""recdma1bPcCKzGbCV"",""rec1X7AZHVURk9WjV"",""recpoR5Tze6HMdrjj"",""recHQCqKm33XJKU5o"",""recCjCjl66aoieb9R"",""rec3jWdpcUW3HqUTz"",""recw8r58E4N8qvvmc"",""recROkm9XTosNz7Sz"",""recKLAZujvTT7ZxAp"",""recgSPRPoXz9lr10q"",""recLxCi0EHx8q4fq5"",""rec2ppaaYb30s2qWB"",""recXR6jNgZ6enXsj2"",""reczEENs1zv0nQ1p4"",""rec1NbpVd8G6RQvUQ"",""recRkSreGnXgWYpgf"",""recNDMQudSjrC3eZ9"",""rec7NHIGm8PO2bQWT"",""recRv4wlev5py3aU3"",""recLLcekNjLL2Wbwb"",""recf4KT3WmfQH1AAr"",""recqtlpbxYq6QYO6G"",""reczOF5Eo76L9zZM0"",""rec60GcqesZeD7lJY"",""recjOslOxJYpGLYFM"",""recXSzKrbvb92SwUN"",""recfToVYu6ghfGrgS""]","[""recSHejqUZplhtUGj"",""recJz1wUZxMhSNAH5"",""recH4zIIex3T8LGEb"",""recfy4hVQstEQVLw4"",""recliQIWkuuj1rXH6"",""recQnk6kYI5F5qniL""]","[""recXhCirf0A36M0iM"",""rece8kCYYUYmjw4xS"",""recv7WhqQHGuHLMqS"",""recgIweXbs9mzj2TF"",""recwD5rs3h3W6yydK""]",HUNTER 2,"[""rec3EPDtYZpjF7pLT"",""rec4F8YRELZtcqt0O"",""recMkeLwL5p1p5oww"",""recNLYJd2cvA0aBEL"",""recZdUHZ5eSv6o7he"",""rechdH3c2hyesd07q""]","[""recU3gOw3Cj2cFMm5"",""reclPpJtPgkzk6h1Q"",""rec3lgsvJOxrR20bh"",""recsTPlmzSoEOJ9PD"",""recDR7zQomtbHh02L"",""recsZof39xsbn0zRj""]",,"[""rec22zBanBrO0RH7L"",""rec6tuxEgmYCzAZBq"",""rec7uNS2W8yM6T3Ql"",""recP9TFH3sYkjyYm3"",""recQADDokz4TUDbui"",""reck2mXnkE7xmGAXX""]","[""recMe8kA8gdqHkyRP"",""recBqkzo836EePbD9"",""recrgGK9Byi6YF2Uv"",""reczcaDzfyQFzsY2g"",""recRcwx2NUyGns6Z8"",""rec878qGco4PCdqpn""]",
recxjPhTedwJlBFXR,recxjPhTedwJlBFXR,641,indoor-2,"[""rec6quDbQpkuF8vAt""]","[""recaHDdjTvXMzKHNE"",""recn8GunKf05ZbP1R"",""recznfnwJZ31P15oP""]",,"[""recL5AznTvVO9njch"",""recCUVCOjUYXPI9SQ""]","[""rec1Dq7VLGCVertw3""]",INDOOR 2,,"[""rec0Nq836lYqXfWxI""]",12,641|indoor-2,,,,INDOOR 2,,,"[""recmaHlJmycfVyZg0"",""recKU4hCiZSXRV6Ek"",""rec8soxXxbo62DzsB"",""recqzSoM3LFOMflyf"",""recfLHNaq6baTIdop""]",,,
