record_id,Count (entries),Count (riders),trainer,Count (horses),Count (class_oog),horses,entries,rec_id,source,riders,wec-alerts,entry_go_times,trainer_display,class_results,active_entries 2,tag,active,class_oog,class_oog copy,classes,active_entries
rec0NNSv8vJImVEWF,1,0,Kaileigh Brandt,1,0,"[""recdqDzwsRLcZd2IK""]","[""recU9FdSfOVPTyxvg""]",rec0NNSv8vJImVEWF,class_oog,,,,,,,,,,,,
rec0OHl8PfuMKFsyt,5,5,Laura Gaither,6,0,"[""rectJHLGfkz83GWKx"",""recHigUbk8O2rt4YX"",""rec89xy1xTBKI5qS0"",""recV1VYfXGOki1cWY"",""recZUPNBMf7ebTNd4"",""recXCgJbFKBbLp1Jk""]","[""recVoPNyQWvqU4tMF"",""recNuQZgLFZzx6m0C"",""recpx4srwMNP8KfvP"",""rec5DPfOVGzqUDCig"",""recnGImQGdEswUBto""]",rec0OHl8PfuMKFsyt,class_oog,"[""rec4GU1L6Oa9rB3UW"",""recZCyDovHC8Skku3"",""recbM07wfCfOR7Orx"",""reciYNTcLBgGxIdBQ"",""recteKVeDnmWYvJOn""]",,,,,,,,,,,
rec0bJCjAgTlhNspi,1,1,Justine Raven,1,0,"[""recKxLdINw32R5wt4""]","[""recpIloT88g3wW465""]",rec0bJCjAgTlhNspi,class_oog,"[""rechCNEEWI9jQDhjW""]",,,,,,,,,,,
rec0eBWOxYRez99HS,7,5,Lia Screnci,8,0,"[""recrLnFNUvl173919"",""recWqrsqH1PtDZGKQ"",""recnJ0yX8uvWRaYPo"",""recAcezq3hDqF2BUf"",""recBGR9exROYploMW"",""recc9AIrEF9uWQsvJ"",""rectzY46Vtbkcr12D"",""recooivIxvDUGq9un""]","[""reclJXmGJpF3hBccU"",""recsuO9dXevR7qQ6h"",""rec8bEkXQ121XUPro"",""recykDsuwpWbA5U1N"",""recNjbOAcTg809hYR"",""rec74jz5MQsVEZGqt"",""recyh6ROTkkw13BrX""]",rec0eBWOxYRez99HS,class_oog,"[""rec5RnC57daRX7Mi1"",""recP43wcoh66HhylY"",""recchBHYpfx21fK86"",""recqv8mkyhPNuHHzH"",""recIpUgiZMUitm7VT""]",,,,,,,,,,,
rec0mxYvqyiMsXHtK,3,1,Tom Monaghan,3,0,"[""recHcQb0mthqatoC8"",""recwhyo1jEAFwr2JO"",""rec4t0FzVih0kCmed""]","[""reckUoAy4E5f7VFWf"",""rec6wNQ8qnyhIyKnM"",""recYMjXkeMz3isTBm""]",rec0mxYvqyiMsXHtK,class_oog,"[""rec8KP4FWbKeaxKB3""]",,,,,,,,,,,
rec0wCs5ZzmAW8kSL,14,12,Morgan Taylor,15,0,"[""recx8un2Tv1l1f02C"",""rec0ccuSsFq6Hqk01"",""recufdHnl1gkwQwOi"",""recSAm7W6nYfSQB4U"",""rec0vbmbIKozfec9I"",""recqyb3QQVYkFi3MZ"",""rec8d4baTtu7H8kBN"",""recDz4Szz11aFohBg"",""recsxehx14guGuKey"",""reclEAKZ4QzaQgulE"",""reclP1RPVHw9ZOOvC"",""recdanmPVXbmzN9w1"",""recaXaAKeiLL3ev6g"",""recqMoyYpK3eExijU"",""recNbuPv9GwtRbRRm""]","[""reciDvLCK0Gc6NOIA"",""recwGcO2bv6w3EA36"",""recgtycNp1GFBLio2"",""rec2hsK2SEMEvJsQF"",""recgDhuSDQ6zMAbx7"",""recAZNrHFA3dH55Rq"",""rec900wy3a31okVGL"",""recbTTLdQQzmaK8Yy"",""rec2ycsr5WvP5uEld"",""recVscUeLQRzogBzv"",""recSQzHuz4JIZFsuE"",""recz8Od4fzbW65MXo"",""reccydfziSmL8Nnrd"",""recl7NGfdcTTxC02z""]",rec0wCs5ZzmAW8kSL,class_oog,"[""recgDIs2S8W0GaeCz"",""recckz3rNTMAJcTAb"",""rec32BAUTXsxaWP4w"",""recrf7PgKC15AUlP3"",""recOYADvDrfdlL1bZ"",""recHIRQceipabxP3g"",""recZe5YwA2cdOJKps"",""rec4cEjMecSZDXqFx"",""rechOpyPKMOuBZwv4"",""recME2nnHHq3MGprb"",""recQk7a0vqvqeHwYS"",""reclpKfaEvwZJnMfX""]",,,,,,,,,,,
rec17fXVv4zXio64e,4,3,Todd D. Minikus,4,0,"[""recPO35JA7d1y6oYZ"",""recy69guaLLe1O9mL"",""recIOsp7jhIlRPGDe"",""recUhB6bLHbrbMKIF""]","[""recNSanExf7hcOBoM"",""reccpYhCZAY4DbLiD"",""recJXyicG8Vx1pmCH"",""recwxhnQFuwUfaehT""]",rec17fXVv4zXio64e,class_oog,"[""recxNEqG5Syb1Sa3u"",""recHmTWBod6JZu0hF"",""recw0WGQE7cSRXkqe""]",,,,,,,,,,,
rec18D1jOyn6X42k9,1,1,Megan O'Brien,1,0,"[""recxGALw1YEWdE4UY""]","[""recZnssMwPiGKbLvF""]",rec18D1jOyn6X42k9,class_oog,"[""rec5ajwSmFOn8GV9H""]",,,,,,,,,,,
rec1FgPVFDZY2PmXP,4,4,Carlos Aguirre,4,0,"[""recIV0AQbZVVkxgVz"",""recchmykdcWsU1Wra"",""recdoTrdHp6vzz5uX"",""rechpvf5DyOyKP52h""]","[""recv0B2iG4iBLz2LX"",""rectDB55uRU4HAI9U"",""recbjLwlo9lhPfYJN"",""recVEMvy0QLo2P805""]",rec1FgPVFDZY2PmXP,class_oog,"[""recSjgiaxtLvji5uq"",""recudKxq4aIcwHDSV"",""recxLjC7HUMdCYgIG"",""recYnDaBSRGGCe3PR""]",,,,,,,,,,,
rec1I0IvFKaYQa6K4,8,9,Wendy J. Hechler,8,0,"[""recZN8KskZlEeRp96"",""recbT2euR7P1bjp6i"",""reca7kq3xJU6MLy9R"",""rec89MeFFkOvodxoK"",""recjgo7hE3earZlS7"",""recxYp7jpolOw17jw"",""recIk2I6bQCTUdCuQ"",""recRWZd7OyBnuwzol""]","[""recG4NPYs6LUAyjtd"",""rec7Op9ou8Hbrpp8I"",""recFfJUbnQtbefgoX"",""rec04G5QautLKroO5"",""rec0MpaYnNju2ExM0"",""recCPYDQqze5U10UO"",""rectFtbsLs4W8L2Ip"",""rec4dXlqCDnn7yZkr""]",rec1I0IvFKaYQa6K4,class_oog,"[""recvzY7VV91XCa5aH"",""recj6C9Do5xzRdjbN"",""recBT5NSSosYjYJEA"",""recILyVkpLmgOfH9F"",""recgvL9zCVq8cPEyZ"",""recF9YT0HjPEeG1TA"",""rece86WN8FUEah4HY"",""recAIlcnxeRCGBqqF"",""reciwY4N97nHnfqdX""]",,,,,,,,,,,
rec1WjmrNr6i9f42W,2,2,Matthias Hollberg,2,0,"[""recNt5v3dRPI2tyvH"",""recK2MOfvbDLsYgF3""]","[""recIZlv5njbVi0Nxl"",""recTjZf2U9rwRh5lj""]",rec1WjmrNr6i9f42W,class_oog,"[""recRU1Mej9Bok2L0a"",""recw1lC5ChTZacpJT""]",,,,,,,,,,,
rec1sLb3hI5Aty4bi,3,1,Candice King,3,0,"[""recQIpMbWzNoucRll"",""recLAN1YCprctnFUq"",""recwxnbZ53dpZdeAP""]","[""recFa588ULfAZelY7"",""recFIucAwqNnrCEri"",""recHs8RP528qvk0N3""]",rec1sLb3hI5Aty4bi,class_oog,"[""recKcvl4bqHepAxuo""]",,,,,,,,,,,
rec1uM1UghdnlA4Hq,10,3,Ryan Michael Genn,10,0,"[""rec3hjxkKORztNcvG"",""recP7qIG6WE3TdbL7"",""recdwSoPWFOXJFw5k"",""recTnId0UeHKnUWU7"",""recAWz5tOQQ2B2IlN"",""rec6hlLugT5cf84pr"",""recMAuWjmb6Ae7iB7"",""recMEa7UtJl2MPmiG"",""recVN874Q98zEWIta"",""rec8MV3OeY9y3RdK0""]","[""recjoa5HxFvEF8f0H"",""recl8AF6ygtIXoyFP"",""recQgzW00V8UL9jDG"",""recKvCPQXpkZxHALi"",""recQisO5xtuWBm2O6"",""recP6lQmxUMAGVJMs"",""recbMUxRpLNLEqBal"",""recfqL62ibBDvEmQn"",""rec4sYbf6VrE4Gdck"",""recIH6NTGqFpovgsh""]",rec1uM1UghdnlA4Hq,class_oog,"[""recxzzbGbfXwvPmbw"",""recn0cD6aeT6wfqk1"",""recjmkO8nfWJ8eRTr""]",,,,,,,,,,,
rec1yYXh3xuiGBsAr,3,2,Maya Denis,2,0,"[""recGmPubDpsiWp8Rm"",""recPSAy86BWgZsb5v""]","[""recA6Nqh637ic9n2z"",""recOB0gvl9ol4FFKr"",""recYOe2ff0v83G5zh""]",rec1yYXh3xuiGBsAr,class_oog,"[""recRZ3xBHi6OjRlHK"",""rec3BxcQLNZKJwRBi""]",,,,,,,,,,,
rec1yq40bnU1koghd,4,6,Kimberly Nadler-Russo,6,0,"[""recP4G3QNnl2v954G"",""rec7U6MZ2RuK9M4Ni"",""recgUbzjjuWYQbHed"",""recteSUNrBahQGXUw"",""recp0oZhraItqrQzg"",""reccaQUKYLybKHEwa""]","[""rec8dxdOus0dlQQON"",""recIFbblss2EakCsc"",""recyoV70nYdspP18A"",""rechgoOSG1jAOreGN""]",rec1yq40bnU1koghd,class_oog,"[""rec3JI6oeMRwsEyEb"",""rec2ZzSAukMmfPita"",""recrFCA3KOnHIR0dX"",""recwnV5ZrH6yg5bA2"",""rectHI2mQe5r1di42"",""recmZ39r1B0a9zA3p""]",,,,,,,,,,,
rec24pSWnvy9FcJe9,5,1,Luke Sassi,4,0,"[""rec7OtpMftJvmaGkF"",""rec4C5up6MnR29EiK"",""rec0dAC4VPaTnKi1s"",""reciD8BARTY6HjGWi""]","[""recf7XhHRIWSt1q5G"",""recX7ZLMmQ0SEzHLB"",""recnHXqzRVrS79XjN"",""recjuhxmP88d5UfTA"",""rectY3GOus6n9pmIQ""]",rec24pSWnvy9FcJe9,class_oog,"[""recRLAErJt0gGFTo1""]",,,,,,,,,,,
rec2F4zRJZGDzG0M2,29,27,Daniela Roy,29,0,"[""recpdVBUOXM5ptGGY"",""recTTobw5FlvTgQhj"",""recfvXIJu2fBnhXlU"",""recDpMqmThlCwQMi7"",""recBU3FB99fptTovp"",""recZZyDOGkQT1QsV8"",""recaqAahuWUuGII4P"",""recwnV4YzCQeFpteN"",""rec3ff1KdVWsMGbFm"",""recE26EQIjm375tmu"",""reclqu43uXHbMrx2f"",""rec1sxECv59okPl0g"",""recAT3lIYgGZIMQVx"",""recER7eS5z5aEPFDL"",""recTZCcQOTJ1RasLn"",""recnivt53KWT7p0Ot"",""recwPbturey15NTfV"",""rec2gtsrG7rYcCOdd"",""reclEAQfewD0vwoWG"",""rec0AjlSw7pupQDJX"",""recz8hrVI6FArE7iO"",""recGIs38pm2C2QgQ5"",""recjDejLtkc1RGo3W"",""recmvMfOCA74e8HNY"",""recoJJN0uvoxenvVi"",""recxFnv0MGp93JTAo"",""recz8ZZNm1odTS2R2"",""recZ6GeD3Q8Fn0VQ3"",""recCL5jGRxCgxSTxZ""]","[""recSJLnuRigTEuee6"",""rec6ZGNosqNhhZYIP"",""recvxTs1okJ0DWwtC"",""recJhRHASG3TyEeHK"",""recE0VaX8Y1xYPUCM"",""recpnCzQhA8RBpccs"",""rec1b3XnJ0xwpUVVO"",""recRHVJ2gqfIym4cq"",""recK2qgLZ3lQcZgqJ"",""recPn4rsgZJufengs"",""recvUkJmo2MpUJzWH"",""recpQXvg7DeD84UtF"",""rec3wby7DWIiWanEq"",""rec15E164n3x0AA8E"",""recpF7BQH9k4kO7Cg"",""recCXnGJSdTBJQL6t"",""recg2q8fBl6zY3Mak"",""recBsU2Jj6yCwEiMr"",""recQUJzVTnwF3CiJW"",""recX78rajRi4FZjoP"",""recPs89Jz6WyzBvdm"",""rec6iwnGhNhMivPK5"",""rec6M1TTc7umBP1As"",""recieR1tGsakViJ0x"",""rec2c2MFlF74J1ChD"",""recVEJVQOCfivJpff"",""recOAX1RDtyWEjryg"",""recdPMOFigX7AuBXi"",""recrUgJqtSNyjM7Ng""]",rec2F4zRJZGDzG0M2,class_oog,"[""recXSff0neRglrRwx"",""recu08MrN0g4FlTr5"",""recI0ALQRlCHCd046"",""recKe0fEOC2617vU1"",""recxILKo5fImj0Xlg"",""recusXJB2e7ym5WkL"",""rec2jDKTGlikuVdSU"",""recnzaHCIumNpAjr4"",""recjcDG5Oqd7HV3jC"",""recbIEV5U9qm9h3iA"",""recivIS48AouxAUBQ"",""recjIhYtwuar8948X"",""recH6EVKjG6HBGt14"",""recaYewbSiDYrXT7p"",""rec3PaVo95svCEkcx"",""recnHmk4TDLEAymHK"",""recKTcsZ4zpTvlcB3"",""receuTpQmC2SBCNfl"",""recing1PXwupaqjba"",""recgwMtX6ewmLIDvH"",""recbYvaGOoKCR5aok"",""recjKv2e3jfgm3H8j"",""recONcc9Y1eFbsIqb"",""recoNEIuUpTxc4I4q"",""recdjEm6x9g7ssHiR"",""recAy1BXpYpPWq8FE"",""recxclfcUZPGKeFde""]",,,,,,,,,,,
rec2XNYc72zstptO7,2,1,Jennifer Phethean,2,0,"[""rechjHHcAV6E5Zvsx"",""recDaX9AIGXi2opkI""]","[""recFZqfjjBg2iwfJO"",""recmxAqtZ4KLikEmy""]",rec2XNYc72zstptO7,class_oog,"[""rec8eowQRZXV3oVxo""]",,,,,,,,,,,
rec2q0QwewZOAeofV,1,0,Juan J. Bancalari,0,0,,"[""rec4pOaYgAZalZMzo""]",rec2q0QwewZOAeofV,class_oog.php,,,,,,,,,,,,
rec3S9KikkQrKgX8L,7,4,Anne L. Bingler,7,0,"[""recYcjfuToIDFnZ8k"",""rec7xAGggwkuB2iuH"",""rectRnnwj6xwJANwa"",""reccYIQBX3mYMUiWX"",""recNZ1x4zczsBbzlg"",""recg2Sv2ezJQLIeI7"",""recb4KTQuKNimjUqJ""]","[""recarEx7mlbqpeP8N"",""rec5U7pN8TJHOvcg6"",""rec3FAchzIv5xBucH"",""recc51YkKZgpedrZ0"",""reckDFumqtxbWhdn2"",""recCke5DtPAUI7Pty"",""rechGPF30MTRNxo4R""]",rec3S9KikkQrKgX8L,class_oog,"[""rechuzUPNLOsASgzX"",""recpgVv0PoTAjefFa"",""recyGVYLmZDyh1vIT"",""recZYpUo2wQDeHdRc""]",,,,,,,,,,,
rec3UdGAtomDxEozr,1,1,Amanda Flint,1,0,"[""recXmjfTXve9sBDbF""]","[""recBEFytHdCyQqvMe""]",rec3UdGAtomDxEozr,class_oog,"[""rec9xdU3MJtpDiRxC""]",,,,,,,,,,,
rec3YXaHMBB02whyu,0,0,Vago,0,0,,,rec3YXaHMBB02whyu,,,,,,,,,,,,,
rec3YjZUNtuqDJ0nC,4,4,Jacqueline Steffens Daly,4,0,"[""recF0Qj3XRYqabiuO"",""recpjmVkhaMa5uNgi"",""recKgbUJtVxZpLUkL"",""recy0wCuJO1oDY3l0""]","[""rec8BkNjJAu1oqLly"",""recZpqPhNHYT2KGLP"",""recdkGK7Ky8tTodPI"",""rec7TuJvn6kKhK8Rb""]",rec3YjZUNtuqDJ0nC,class_oog,"[""recVEALy4YPkqWZIK"",""recNBQyuhKbs4KSEm"",""rec6ysxUctaB5NfSJ"",""recs9meILMT15Y84h""]",,,,,,,,,,,
rec3Zk0aiDpx2KX0O,4,2,Jenna P. Friedman-Lopez,4,0,"[""recb06EzEhRXoWKfE"",""rec0409bsqwqOEXaa"",""recnYaxBg2yWHsGAP"",""recQ2W0linNXzraNQ""]","[""recRUmhoOe0gPinCh"",""reckJKgk676RKWabB"",""recUtlg8od1chADBZ"",""recr57PyYYUA0cB6N""]",rec3Zk0aiDpx2KX0O,class_oog,"[""recNlymSrDpNu9n0h"",""recFcDAkmM11SfTyQ""]",,,,,,,,,,,
rec456G3R5wbsgOk8,4,3,Rebecca Warth,4,0,"[""reczxmLcbbOMopigx"",""rec0C9LNIc1wwIMtL"",""rec81fkbetDGZMtjx"",""recFDsz0IzWNeXBNp""]","[""recI8Aeh6KyBGtUTc"",""recxloaG3vDKK6KgS"",""recSq8P0NfinWRF3k"",""recS6Yi3xMApohadp""]",rec456G3R5wbsgOk8,class_oog,"[""rec7S7t2RbbauTtda"",""recuRfqCXumIZugTG"",""recZeXwiclBhaislj""]",,,,,,,,,,,
rec4DXi4PILWoXlnx,2,1,Priscilla Broger,2,0,"[""recfOl7ZkyUoojeeo"",""recdO9dtC5jzQT3w6""]","[""rec7IRQCJhcQjYSyL"",""rec5BCZ11djG4ijhg""]",rec4DXi4PILWoXlnx,class_oog,"[""recw1RkTLz6AB4VfY""]",,,,,,,,,,,
rec4KAl96j0uH9if9,5,1,Marcus Gruenthal,5,0,"[""recsBwPifRjX57n89"",""rech955C4jzPxGzsU"",""recqcYXMX1DI8cqj1"",""recRJnWJ6LZ3r403l"",""recBezwCTbGePCZMo""]","[""rect87snjPMcY7fbo"",""recA9WN5yyh58eP0i"",""recOlHBWITPhZK4g5"",""recURpiT91CHk3NR8"",""recrakE8uCpPiKueL""]",rec4KAl96j0uH9if9,class_oog,"[""rec6eqb0fBJcoRHZU""]",,,,,,,,,,,
rec52TGSBsR6kN4qH,0,0,Kelly Saporito,0,0,,,rec52TGSBsR6kN4qH,class_oog.php,,,,,,,,,,,,
rec5Ut33CL5koblpZ,3,2,Jane C. Ehrhart,3,0,"[""receqd5Cup8r42Zwg"",""reccnvSS13fIvBqR7"",""recq3iv8YlgD5p7ZS""]","[""recrhTIGLAHgE4tE9"",""recX5qWot6Av0Z3oy"",""recJHYRElkwolfSEq""]",rec5Ut33CL5koblpZ,class_oog,"[""recZSuImgt5CS4NOz"",""recMifDCMUrKBbuO5""]",,,,,,,,,,,
rec5VNiNYnXVAnanj,4,4,Raishun Burch,4,0,"[""recQZMEffGo1OFwVA"",""recPzJd0N3xIhHeyD"",""recRMC3zELLHIedtW"",""recSZXzYo2rEIrwR9""]","[""recyvOQBUftNZ9zAB"",""recoiKpT2bIqQtXt6"",""recOMmK8MSH3g7A94"",""recBc8B5JwLXimn9V""]",rec5VNiNYnXVAnanj,class_oog,"[""recPdCUxo8dHxOsst"",""recV9LW30IW7R1YBf"",""rec0YrrKHcxLsnQPN"",""recsoGpzF7G0PjVs0""]",,,,,,,,,,,
rec5Zl0N5TXr6Cc95,8,3,Celso Ariani,8,0,"[""recabZZWJAemXoGRD"",""recLNnmL9i2bqIPdm"",""recBpibv9YAh7V1Z2"",""recLiplT5iysXRSiV"",""recPzghsQT7R3fC8Y"",""recDzjWHwc9TGbMJL"",""recMON4SobKvvFQ31"",""recOZ9UPOk8sC3QWe""]","[""recL4jKm0eoF4WCaH"",""recJ3UqDyllaCAglQ"",""recjfRtkOKKC94jcu"",""recu5l2tyVid7cZE4"",""recSUHXG1aUOdU7eF"",""rec81sUUNYt18WiAO"",""recKnpes6SEjkV7pz"",""recBKYF2PYQxmUqv0""]",rec5Zl0N5TXr6Cc95,class_oog,"[""rec6706A0jhb96oOe"",""recMPbYmzweoEuQZw"",""recY8O6Lce7YtfvQI""]",,,,,,,,,,,
rec5aqepy6NAiz9DN,1,1,Tony Doran,1,0,"[""rectCkxFM4x840mhI""]","[""recVDOlZqvn378Rhs""]",rec5aqepy6NAiz9DN,class_oog,"[""reckTX8q1hHSEHPSA""]",,,,,,,,,,,
rec66J2Ps6QIW80Eq,1,1,Terry L. Brown,1,0,"[""rec9Cq92rysrUPw7F""]","[""recWPdGVFI6Qz09or""]",rec66J2Ps6QIW80Eq,class_oog,"[""recKUZuBFUuIJfYe1""]",,,,,,,,,,,
rec6D1SUrQr1IYJyM,2,2,Lindsay Haselden,2,0,"[""recEqrLojB1nQq8yc"",""reclItPl83WpTBG0B""]","[""recLeXGaasG5rMb5L"",""recFilGQOdQJWtF4n""]",rec6D1SUrQr1IYJyM,class_oog,"[""recZv0Kz1HlCWvWvz"",""reclIcIUWajd0pWG3""]",,,,,,,,,,,
rec6UiZPMcNsltg3J,4,3,Brian Murphy,4,0,"[""recTfQComcsRMvBYN"",""recnhOVcyG0NA6V4G"",""recqo0l1TcOw7WkjU"",""recogpaNTwnvXhHhd""]","[""recsqOkaczV6jKDvC"",""recXhnw9jzNNP3Ri9"",""rect9kuSGZd3zCfJT"",""recsn5lYwAOsYIFXs""]",rec6UiZPMcNsltg3J,class_oog,"[""rechp7Vc1sVhhq9q4"",""recWbZukYiZRz2KJD"",""recdjhwbi07xAvBjH""]",,,,,,,,,,,
rec6npIsj2ldcOqWZ,5,7,Katie Rudnick,6,0,"[""recTChszlN7lVqyT3"",""recQhCOFvwzFZ0ish"",""recXxxSduyhYIdVk7"",""recbYAzMttzLLuZdX"",""recjZSTlQIM8twWC7"",""recApexUFy6SutJMS""]","[""recp4Js48OsSdHJ1k"",""recEiVFckiGl6vosq"",""rec5W8zVBAHOmlvOQ"",""reckGdtQLqOYR3OWT"",""recmzPISUiG35CDv2""]",rec6npIsj2ldcOqWZ,class_oog,"[""reciBZ8QpFwqIA4Ew"",""rec1rRr9PfJ44u4mU"",""recJsWnYNSlIgIepG"",""recumIAMi7sP2aloJ"",""recFMGCfWZVJcHYe7"",""rec0x9rLbWUGqvGPz"",""recPYRCEIs5ZuvAm6""]",,,,,,,,,,,
rec6szCleq8yE3JIq,5,1,Traci A. Weston,5,0,"[""reca5o7UX35J1yh7a"",""rec8CE9tachZAQASt"",""recjy8Rsai0b6rh1D"",""recKrZPlpWjBkk4xk"",""recofiVV7xeLAUHgS""]","[""recLT7QRZdjY1XWGU"",""recnjpJmwjKOEdE4N"",""recKBQJJB72VmxEj9"",""recHZbJYccRY2KuMe"",""rec41PNz3aD0mIrBn""]",rec6szCleq8yE3JIq,class_oog,"[""recAgHM50DSJcxYoF""]",,,,,,,,,,,
rec7DXITsIiRKUwVT,2,0,Hanna Pieri,1,0,"[""recEKwpfkg93Z4H5R""]","[""reci2dsUGmNKNrxEV"",""recSpoDIMbZJaCFQg""]",rec7DXITsIiRKUwVT,class_oog,,,,,,,,,,,,
rec7ppaIMqZuirHoA,11,5,Isaac Leffkowitz,11,0,"[""rec3tOlCzuqzu8xpK"",""recSpYWN65VvNIf4n"",""recydrjm8EMegldSp"",""recJq5Qel4UwuM65W"",""rec5ilpr2s7Hlj44B"",""recAhS04AxFaq6eTd"",""rech1HNqhAB9ph3s6"",""rec9xWBf0WO0Y8iw0"",""recRfkenRgYpuF8fS"",""recrMq9Lypfzx04aw"",""rectnWr9scFwpHkvJ""]","[""recpP4j7nPlQwSf15"",""rec9rHx6aDDm4lD8r"",""recbBuCGoa2DVvxQE"",""rec3Z99UEZL8sSNY7"",""rec5WQl0Uwyt03T0k"",""recmbLe9gjwLn55mt"",""recU702x9XlGPM9j0"",""recSAF0IdEdEUFC1d"",""recSEYXiZxQFGbHXq"",""recHty4PZ51DfdrOL"",""recIsgyCC9k8b5fCm""]",rec7ppaIMqZuirHoA,class_oog,"[""rec5eeBOUY791C5bu"",""rec6PfdUq1V5Pn86W"",""recIvgr2ouqPr2MO5"",""rec2kwFzPKreJnevI"",""recEcvnOYgFTFKxaR""]",,,,,,,,,,,
rec7yDpRrnFHdpEyR,6,3,Taylor St Jacques,6,0,"[""recDJymEDEhi1CpfZ"",""recBAfxAXTEQ2vfZ2"",""recRxZDoYeiHSkZG9"",""recBSllePMOSowevO"",""recLVfTqAUfqSa8cw"",""recz6zQwDRKkudHmo""]","[""recMVxMSrs3FRRYBF"",""recnQKa2UumXaPD1u"",""recgCHJBPI61TTWw5"",""recDwpje2NX8oFmje"",""recPmzZUk6IzAwcX0"",""recrI0ZFUd7suGMKJ""]",rec7yDpRrnFHdpEyR,class_oog,"[""recfFEe6i6PAEJnMn"",""recljNPWmSNvK6A9m"",""reciLpQETY1uEIqrJ""]",,,,,,,,,,,
rec8idqGtfg38fRMa,1,1,Gabriela Tirado,1,0,"[""recJbpiYaBN0FyfXQ""]","[""recIR6cOMBZe15Qoi""]",rec8idqGtfg38fRMa,class_oog,"[""recHewY5dcEfgwlof""]",,,,,,,,,,,
rec9BblNEY7tpcFkm,1,0,Derek Petersen,1,0,"[""recpS7olJ6AomYXNk""]","[""recgRutfSbyZDsyAC""]",rec9BblNEY7tpcFkm,class_oog,,,,,,,,,,,,
rec9hQVBgpLiTbKmW,3,1,Angela Swanson,3,0,"[""reciui6ReMWydzeSF"",""recMfywBbZte9vRS3"",""recQGYjpOfrvS5njR""]","[""rec4qUOGVJAGUZqnw"",""recIem3eXtuwqkBpL"",""reconx5lBicdfU2ys""]",rec9hQVBgpLiTbKmW,class_oog,"[""rec3nADl9IqqdRXd1""]",,,,,,,,,,,
rec9nE2B2j1bOmqTB,2,1,John Michael Durr,2,0,"[""reckTUVVY8E0JiyBv"",""recmHq7QdkA4XFks5""]","[""recwIYoYdZrRyZqp1"",""rec7vnyr2tVcM6JKv""]",rec9nE2B2j1bOmqTB,class_oog,"[""recb1rMqysX4FAaMx""]",,,,,,,,,,,
recAQw955LG6uVCeK,3,2,Kirk Webby,4,0,"[""recsNgxhTd41Ps8ZF"",""recxJb6VhttLUK5V9"",""reccztB3ED4aPj15l"",""recGnNupa4d13lGyT""]","[""recU0Bf1mF8h8yM7G"",""recIknyTzybO0tSwd"",""recxdKZ1k90OnH1tC""]",recAQw955LG6uVCeK,class_oog,"[""rec9WGfroIzNJgxYO"",""recj0huhTEnvjmgCe""]",,,,,,,,,,,
recARZMqQrFq9nlEp,1,3,Christine Davis,3,0,"[""recFcNzxzXWQQkMgX"",""reci37ggCOP56Iue7"",""recHEp9v9lEefLbmo""]","[""rec7F9hjLstqdYMOO""]",recARZMqQrFq9nlEp,class_oog,"[""recyd1akfUaUasyyP"",""rec3ZhfWzrr4zMAGX"",""recHX2ArcWkBK8opr""]",,,,,,,,,,,
recAxFIoUH9sfVhnS,4,2,Scott Keach,5,0,"[""recYCbgK9cpBTgQ21"",""recj1gvrUNRxVuaWC"",""rectI5xjpyudvz1GX"",""recgzUaQSWiYF5FDr"",""recr8YUWKb9KlTsWH""]","[""rec6uUStMesh3znm5"",""recSagAG8IFRylsx2"",""recuXLShazq7IOZKb"",""recZH5LJ6exgReT0B""]",recAxFIoUH9sfVhnS,class_oog,"[""recWgnylWhkmIDhco"",""recbFJhHS5IlTuTPc""]",,,,,,,,,,,
recBAzsT29cV74CnZ,11,8,Gianni Gabrielli,12,0,"[""rectKjJi3vbaPv5i1"",""recKSrRKaIkM2EvzH"",""recB7ZuvjdCfzUk9x"",""reckjV13gigbihqLO"",""rec4o1gsPCeD8j1G5"",""rec302NoK3OfRFOSR"",""recQbAxNwd3H4PQC8"",""rec1SE5SwPnnar75T"",""rec0FivSfh6MsyTIM"",""rec40MfXy8dtCqIYP"",""recqbcN7di8FZoXQb"",""recfoL7MUlqgZMTqp""]","[""recpy9qy1UpqoYGC2"",""recjbDppYrArFofn3"",""recov2ReRhLrvfSbg"",""recNVaEWSnFbWs024"",""recNx8OaYNInxl0xh"",""recuoqJOcF2si7HDS"",""recY5sI1UZ86CydL8"",""recbQlO6CvoZuDUWm"",""recbBkivjo9pQUAWb"",""recYzjtSeoo3iQJjz"",""recQvWDwga9UpZqB7""]",recBAzsT29cV74CnZ,class_oog,"[""recGZEOj52levwJ5z"",""recOkGkqEmmFznq4k"",""recS7xRIWP2pzZCg3"",""recbrgeNFLBoH10vu"",""rec3tPmVZKASH2PqQ"",""recruAjwKHbVtAngD"",""recKdlBZESMpynqTs"",""rectBTk6pw8bsCI9z""]",,,,,,,,,,,
recBIuBmnjIBnlRT9,4,1,Wilton J. Porter,4,0,"[""rec8OWj74wrBROtRy"",""rec0Dv2QtwVbgQqkt"",""recfu3Yfd9weAfidM"",""reclblfFPGZ6203Xi""]","[""recJuDUOmFVaMsUEd"",""recr7okJrTWDibQUA"",""recF0W8eoTTbrb02f"",""recyad0MnsQ6b0jC7""]",recBIuBmnjIBnlRT9,class_oog,"[""rec0lXJIFvHi7Oj5p""]",,,,,,,,,,,
recBVRfeR9i4COiwE,11,12,Stephanie Free,11,0,"[""recsiWMC8ERjkzsor"",""recsJ5fy4cS6erdA0"",""rechGbAIoLkxWjhRS"",""recvT1vMYk93QCR9y"",""rec5IMARVeIPrAwrw"",""recarF7ZNDFQFYvoE"",""rec1LOPTSEvOn9Czl"",""rec82e2dr4ecqWST8"",""recFiayID2d01JkEQ"",""recOBj8vcvUSV1G9z"",""rechyqbsJIh4HgKCN""]","[""recjpVv2M9RZcpiim"",""recLOo5SvdDQeT0uL"",""recawK4STNftWVsnu"",""recmO75fAMLAZyXbH"",""recVa3Ph0uD7GFNQy"",""recZNJ7ALepjMkTD7"",""recPtjIrAj2aGAHxY"",""rec3YkBAt3T7g2M9W"",""recliHRgKFSnFzTYm"",""recRNP3eMAyRJEFMu"",""rect1d7lN7ldDNNRM""]",recBVRfeR9i4COiwE,class_oog,"[""rechnWuL5DdqOxT4V"",""recZCGuytgOV0ElOg"",""rec6aVGZIUskBZGZL"",""recaRgvYZE0TBZ6VR"",""recBNTGE25Iu0b3a6"",""recXmEN1YTg2iS1Mk"",""recwAwQ18eeOC9QU4"",""rec2kTgEMh08Ob6b3"",""rec7f7BAxJlquItEu"",""recfrrrCvA6xEVPB3"",""recFcXz3F6WXnFFiO"",""rec8pjhUK2dw0I7FB""]",,,,,,,,,,,
recBZQ9mU0STvFbPL,2,1,Juliann W. Cunningham,2,0,"[""recunMWGQTI2VToxq"",""rectQgrzp3TJHRPnl""]","[""recq3TA2ZvEBsMBNd"",""rec4aCCXiT3ZzSW5s""]",recBZQ9mU0STvFbPL,class_oog,"[""recRc1almev7LLLEO""]",,,,,,,,,,,
recBrA49Tjkqwn7cF,1,1,Caitlin Maloney,1,0,"[""recYumFBtDDqiK67Q""]","[""recusM5NdBZFA8R4I""]",recBrA49Tjkqwn7cF,class_oog,"[""recFGOrpqErAQfkOW""]",,,,,,,,,,,
recBrEtNpXmVIRzK3,3,1,Casey M. Millis,3,0,"[""recHMJlKzrbejcORZ"",""recNKI4hLA4TCZA3C"",""rec8gyq6rP2NUKN64""]","[""recPYtOlXEMAgy51Q"",""rec8UGAUAUJ780m3N"",""recZNJ9sLZjsWr4Mc""]",recBrEtNpXmVIRzK3,class_oog,"[""recNzSUHTpZtd7NWZ""]",,,,,,,,,,,
recC9TviwdEjxgABW,8,1,Dana G. Waters,9,0,"[""recPI4PUWEIWkoNxr"",""recCblCmvEDw4fjhb"",""recmjXLoV7VZKpqoy"",""recoEy9hoaDtJjoNI"",""recqlOr6InLW8OcZ6"",""recAalHFW2uRbLEYb"",""recJLYsUEr1clTzLC"",""recMgRUiYRSnoC7GQ"",""rec9JObwdwV4vJzDp""]","[""recZeRDlzip5lxPtT"",""reczr9z58mEkBGGdP"",""recg27Zq2bCUfGxQA"",""recojwrDJjepNrSne"",""recIYS51CTVPVlsjT"",""recccgm4LNfYTtd8R"",""recQUhxttilVTEAXi"",""reczNMRYgWOH2Hl6m""]",recC9TviwdEjxgABW,class_oog,"[""recLFMHh1Qpy7gpgf""]",,,,,,,,,,,
recCFl6Vtsl54ifqL,1,1,River A. Wylde,1,0,"[""recHVoMWewdqoon2T""]","[""reciJX9eWBLJxzGOR""]",recCFl6Vtsl54ifqL,class_oog,"[""recYVfznfD87EnNds""]",,,,,,,,,,,
recCKrp47ssN1kRIV,0,1,Kathleen A. Rice,1,0,"[""recH0S0gOoOCWUKnP""]",,recCKrp47ssN1kRIV,class_oog,"[""recyChuS0cEcXAyR5""]",,,,,,,,,,,
recCbBJMoJvofncZW,3,1,Vicente Guillen,3,0,"[""recGcKkdCOho6Pt6R"",""recC3oy4u30kAUXpX"",""rec740v4uyei3qRrI""]","[""rec01fcLz3gBaOuCk"",""recul9Pr69tRlOjOC"",""reccyRIzHp9ugs8vK""]",recCbBJMoJvofncZW,class_oog,"[""recvGTTxZSbHtC8Ym""]",,,,,,,,,,,
recCsEeP9dMvgyAPE,1,2,Jacqueline Green,1,0,"[""recvXBygQGBOargml""]","[""recNuqtXWZGSWRx9A""]",recCsEeP9dMvgyAPE,class_oog,"[""recF8g1NlVHtsHCCG"",""rece4lFbqi3oXjypv""]",,,,,,,,,,,
recD8d72oDpyNe2Hi,5,3,Pamela Gomez,5,0,"[""recgYzE3cfeu2zM0T"",""recwyLEjorQH3PAo5"",""recBR3esuqrcgEdbZ"",""rechmrDoDDBkCePGk"",""recKPwMo65WuklKYc""]","[""recYPwPcWiti4adUl"",""recHazRoKQXJgpW96"",""recKi6qUvYh12cWYj"",""reccTSAFpxDh2s7Ho"",""recg8icWIBxr0wkbY""]",recD8d72oDpyNe2Hi,class_oog,"[""recoIRjDD1WpA7gR6"",""recm5LlH0tNXEDJT0"",""recn0NKepR3DQJiul""]",,,,,,,,,,,
recDlEaFgkwZNWGL7,5,2,Tammy Blanchette,4,0,"[""rec3i8qHdse1cFJON"",""rec1pG6CeNFMn9AyW"",""recdKcSqDpopwsIiG"",""recKSEESfOjL9QBV5""]","[""recvJc1GYL1CAgS4R"",""recEQeYA6DQnvwbRg"",""rec6jFlPCM76WurPT"",""recRZNv8l8lpqrl18"",""rec1skbI5S4rMKr3H""]",recDlEaFgkwZNWGL7,class_oog,"[""recPnQqnbJEkMT3dY"",""recUp0PuFTPxVBAqS""]",,,,,,,,,,,
recDrdlgXZrGchjA6,3,1,Helen Goddard,3,0,"[""recCiAVbHldxvRM4N"",""recgt7oTDr0J3ohaV"",""recKtvM0TTe4beUJy""]","[""recjXCJemMjvGYGEu"",""recKqQzhbfKxF94HK"",""recQvAK9J6jkpyCVI""]",recDrdlgXZrGchjA6,class_oog,"[""recVqgz5Pcd0lDWMD""]",,,,,,,,,,,
recEz6cLDl78OaJal,1,1,Casey Johns,1,0,"[""recgBiZrhh039xK5l""]","[""reclazRctUbtl3xLE""]",recEz6cLDl78OaJal,class_oog,"[""rec4N04C8YBHcaL4O""]",,,,,,,,,,,
recF0DNzs4KcSZXwY,1,1,Joanne Clemente,1,0,"[""recvWEI2zkid6QpyC""]","[""rechB4V3R2X5w3Mv2""]",recF0DNzs4KcSZXwY,class_oog,"[""recEugMVGmdhgYxSU""]",,,,,,,,,,,
recFIHTcArQhILyAc,38,18,Alan Korotkin,39,85,"[""recWzhAof4LAZHr0A"",""rec3MWCiCIZo2sLcW"",""recA2tEY30b7N3UP1"",""recabXmO03R3e1TB3"",""recphHLM9HP8cczaO"",""recqt3jIIsz9QHFaX"",""recj66LMLWzXwAZwU"",""recKtsuwLGpqqjPXe"",""recMWdp7zaE1i2Gzl"",""recvQP0Vs9OogYlkv"",""recqr8YGyalIpRStG"",""recfNblKC4omkLphP"",""rec2Rw1goWbDfGT2R"",""recDVF7uAGskLIIS1"",""recD3ADwwji0FNRtM"",""rec1JTZesicDxGF08"",""recGmLBUenZyb34a5"",""rec3gZ9Ff1QTqGXvi"",""recSN2ubuLOEooD86"",""recunj24PlGBaPYhL"",""recMRUv1KUA8IsQEy"",""recJBmmeVg06cGO87"",""rec6qkStn8vxhfz5c"",""recKk2sgwiW0v70cR"",""recuAM948OicLWxLT"",""rec6OXORzccdhll6P"",""recI42t09rbvMcyno"",""recwbmw731cwKB5Mb"",""recnQ5XOUOoXDWCda"",""recoaO3hnp73CfVsU"",""reciBP5IPTFNbjykc"",""recwctlw2A47WeG8P"",""recVFkxHHmovyJRAf"",""recCJZ2qtB13pnoHM"",""recrs4HOJolFSwLSo"",""recCHvAtwqC6cxM2n"",""rec9UjGawtgR3NdhA"",""recTYQWHVfa2YXMQ6"",""rec05rXqFdMeqeX7A""]","[""reczbo9B52MjihV7r"",""recCHDzOJSCmcfF8D"",""reckgkIWQJ2f09WP9"",""reccLR3YbRcGmma61"",""recJT9v8bWD7VMxpO"",""rec8PR9MnLxkUXfAc"",""recZDAxAONTYwOS6n"",""rec7oPU2U47Im0jah"",""recauzEWZogoAhBmF"",""recnvWnMm8ppryCqV"",""recwnjKuBVkFxw7GV"",""recM1mGbDxboroFgQ"",""rec2QkcnyX1waK5ev"",""recjo0sdsw0E4cELH"",""rec8djTKCR8X4DavJ"",""recxvbzrlM93EUJOx"",""recpFk671KXWBaulC"",""reckGbKWhq8UTvTKs"",""rec9d2oNX6g2NauFw"",""recRhFjbDRMY2A7QM"",""recqPmHb1W2pXL1PF"",""rec45GpYeI1KYllF5"",""recM1V8ZmP1ZDK5fp"",""recxTJKdQIV5W4Pm1"",""recLBWor6xkC0nJOx"",""recBfBZQnclsaJ7hC"",""recNuRyQtxfcZtq8r"",""rec8qHQrDItvdlQoL"",""recKPimrHjDSJCbJW"",""recuTXf9H0hZHoqdK"",""recQQNSRvgx8fEVqj"",""rec9f7ogvI5AiZGXT"",""reccmjiFpM818Ryfd"",""rec05KksmIMbP4zEb"",""recxF9q0GD48Trd4e"",""recEPsQgrMuuOT3X4"",""recmG8pUBon6HR51g"",""recQFKovks5uOznMN""]",recFIHTcArQhILyAc,class_oog,"[""recAMgqGRAz57OiAs"",""recI8AUfFyisPjYuQ"",""recDyFLYrfFkJWmIR"",""recHeQeDK4Lzn635W"",""recPQoiV65KHQ45rz"",""recGRLrIrLGE485c5"",""recrHYQZEkbg68kV9"",""reca7yiYzxQ3gtYWo"",""recEbcgaKc5Dpkk1Q"",""recDgiEEaFBd36p3d"",""reckWIEgC8AtVzK5d"",""rec5EhfTnbywcBHpc"",""recD4asSzMCiJoxEc"",""reczVFHP2jM0E4cX6"",""rec1N6F0tZ2Z6a0dQ"",""recYxSrzV8TEJcBWx"",""recV9LcVTEC4F1lFv"",""recQxb0Ax2Q7oNNKl""]","[""recsP2eRFxG453786"",""recyk7yDpYaUtxvSv"",""reczuJqEQxr9Tq9aB"",""recwI3Bjm0FADcH4z"",""reczU0wB5JR2iyctJ"",""rec7F7ZnEHLci1GlB"",""recdma1bPcCKzGbCV"",""rec5Pkw0fce38VuxI"",""recfKBWZgoMszlEQR"",""rec1X7AZHVURk9WjV"",""recpoR5Tze6HMdrjj"",""rec4YYYhrihWhqTIc"",""recejRmmXMol02PGq"",""recifl2YGh8xWuX9n"",""recPJtdZJ7sjAFdu1"",""recSa3eKN82JBFD4y"",""rec74rl8mP9PsR40n"",""recHQCqKm33XJKU5o"",""recWDDtr7FY1Z1UdD"",""reciTHnWgIszQCDM9"",""recCjCjl66aoieb9R"",""recRkSreGnXgWYpgf"",""recNDMQudSjrC3eZ9"",""rec7NHIGm8PO2bQWT"",""recRv4wlev5py3aU3"",""recLLcekNjLL2Wbwb"",""recf4KT3WmfQH1AAr"",""reci6zYtD9Ygnhs8d"",""rece5RdwAcDTPz2Qz"",""recdPOGBTyp6Xg6CF"",""recvd5hYeRQpmZTFq"",""recqtlpbxYq6QYO6G"",""reczOF5Eo76L9zZM0"",""rec60GcqesZeD7lJY"",""recjOslOxJYpGLYFM"",""recFqrbJyUw02HnOE"",""rec1nrg6sfyulYcpM"",""recXSzKrbvb92SwUN"",""recfToVYu6ghfGrgS"",""recJO5nCkooW0Ztnb"",""reczWqIzAb9GEVEOz"",""recbV2O8jlSqhBwLT"",""recN2vhwD1KUrCMSv"",""recDctGZg2fgZ7HXL"",""rec3z5T2kZ4GnlCfs"",""recm5nIT4f2LWqDAX"",""recFCUjYbkdYvWBpo"",""rectUKjrwvscaffop"",""recmIlghG5snB7fL9"",""recnBy6JYmQm7XvnW"",""recQSJbw8lQI3LAOu"",""recrmdzOf3RgvxqGq"",""recHGwLnHHEgpPQGi"",""receYKAuh0QdwXgbV"",""recsT29BQkyFZ8KPo"",""recVcXB8AfIJb7y7o"",""recyVkCfboIGne1uE"",""rec8NXMCcuM8L05o5"",""recZ4ud7WLP45Hshv"",""recR6TJnqeL6OLh69"",""rec1eJhqFc33AZm1I"",""reco9OucV8JIbdho7"",""recHHqKGVIBzPNXMh"",""rect32KznBbTik3bb"",""recFIgFMvcw8vxEFs"",""recwkjpihdathU55b"",""rectaSaWiY7gWtcCa"",""recXTGUMyEWeLwjl1"",""rec67Uhs5GP71OdVY"",""rec0LMXjTF3BZ4UwF"",""recZXt8LqQBSBHEmh"",""rec64RKY9BQx0n2Q8"",""recAfFB6A49ltxcXr"",""rechSgzBVCzo4FIkK"",""recOerz7NzxyVtUH8"",""recTeqRS6Bib3sW5s"",""recM5E4Jy5ow074g5"",""recdXyy9QLXuId9AA"",""recR2pQ9yBAPGXRMS"",""recZfucwbcRMSgUrV"",""rec1d5MmNPbtjbLLy"",""recjtAy4dy9ytoKgq"",""reczfnkpX7oMH7aW1"",""recBkvR0BruoRrw4C"",""recJnhZomwF9vvUuK"",""recq496mCIlPsrv9B"",""recH2darrwjQEyVia"",""rechWp1PFiGICTJAs"",""recs6WBSd0kSDQnLN"",""recXlmPZ0eiRsshwU"",""recvHjoPqlCvBTuZh"",""recseghwvhsy5cSnM"",""recHCZiPi5jGAYydf"",""recF3ZYRgyz1b0fZM"",""recxjnggUhOjkWhJB"",""recdFI2NsmhJgnPfM"",""rect4vY9woFzHDqWA"",""recCX2LNdSwF6RhhN"",""recjIGPyKrhiNad0k""]","[""recU3gOw3Cj2cFMm5"",""rechB5Z1xKG58Tjs3"",""reclPpJtPgkzk6h1Q"",""recoRaVZAt4BGvFSt"",""rec072uqXZOGeYjnM"",""recq3LauGU6iaYjTe"",""recUPiFxRV5IwTSfo"",""recDR7zQomtbHh02L"",""recsTPlmzSoEOJ9PD"",""recO8g1ng4UCDAake"",""recUKoTBXkNCBMgn1"",""rec3lgsvJOxrR20bh"",""recsZof39xsbn0zRj"",""rec5QlpGgCFQQQQof"",""recEdZ4OFqFqFuLuN"",""recpr1DXHu512wkTC"",""rec7UqqaKrYoAtcT2"",""reczcOMi9ze9Fxb9Y"",""recjPrNyS7Hlk3SUJ"",""reclhw2ZmvrYoiYPA"",""recopPb5O7BLi19hn"",""recvTVe1wjkzk2hyd"",""recLhWvaLBkmPiRKk"",""recigiKSgjuQ0lJRI"",""recEfC0jqFXrJNADf"",""recq3YF8PufLJpekS"",""rec3Ki5ddqMwVd5Zv"",""recSMowfE5wcV6pqu"",""recaobAyHu7aYe5D1"",""recGTRPbiyFWGXFfT"",""recKPPbxRShj4w1HS"",""recwvHnJiHeQ6kjFj"",""recGnavBPW3qQJ2Ec"",""recfeUZ5OQOejscGE"",""recIq4wolRpvMPZqi"",""rec4zVR0Dj563Savi"",""rec0cuVajPDQ8FXxo"",""recQuaAPJ6EujjBMq"",""recGkaexFyaHkO23a"",""recptqtIbZh7vGTDX"",""recm6uJd9ktr3Xbat"",""rec7OoZjWiOZnHtgi"",""recQP0wSqj9XJZtIT"",""recWJ3nunPwpxW8M6"",""rechOWTv6MeILO5ZR"",""recKxLRsV3heSMRSs"",""recIj8qC8Tm1aLVZw"",""reckCrRGfMWbbvPkj"",""recwNqmrIvUEVqqjC"",""recUNFjkwJIatKsA5"",""recwfEXf1VHgxYlhC"",""recpySw0S30ZsSIy6"",""reczoJsly5Ikcnwjd"",""reczcvCfwfRmopQ21"",""recpcezkPwrreMoyq"",""recxLS3b06Qg89Lkc"",""recF4DCXNr6pHgzRZ"",""recjUP1rQsVhOknhK"",""rec8arvb2dLVZDTAY"",""recNgL5TCcNjxXhbf"",""reccNQTEZhAkV2qEu"",""recLo7GkrewP2AqKk"",""rec3DnDrxnDBnh5I3"",""reclaNUVVaxj46Vp5"",""recIw5sSGaS95M1Ej"",""rechV7POobAjU5Gny""]",CWF,"[""recnPaxYCJIQYdVrs"",""rec76FNWfk9hIU17K"",""rec5OflVpqSlMVxel"",""recL6rvvjKgdPgzsl"",""reccMU1QmTRnLdELe"",""recMe8kA8gdqHkyRP"",""rec4dPc7NaEZKTeR8"",""recxvtyv7cN6wvTNA"",""recS1DBpn7M7cZM68"",""recqP4qfv1OC3kv3i"",""recBqkzo836EePbD9"",""recrgGK9Byi6YF2Uv"",""reczcaDzfyQFzsY2g"",""recb7QsFExkz0wx2u"",""recRcwx2NUyGns6Z8"",""recwNYxz0f4jNlvIm"",""recMMMFaoQQnL5Xjv"",""rec878qGco4PCdqpn"",""recegkGHX1iJR8tHF""]","[""recdhWjs89nFvCqTg"",""reccubMFuS2Klf0gk"",""recji67LxkT97bWea"",""recihKDX8yvD7puFQ"",""recuM2FCLrPFWoLah"",""recXUSChdJm0ITZcB"",""recfs1cJue9V6l3az"",""recEVT5CjWg2CbLXh"",""recaVuLZIyqzhRQIh"",""recWb2po6ajvOddS0"",""recoKkeoty1fNNjwp"",""recLWMPaaVQMdRGc2"",""recqgjKYHLNklbQig"",""recCdmqmMlkZpLIIu"",""rec7fVXp9EoTpwrFx"",""recWjfkcHV57gGzeS"",""recY6darTu9oHxxny"",""recCtrLaTw5yUS5kC"",""rec4jobZ6CB621aTC"",""recCRJE3dt6c1jyM6"",""rec58LhX2WUMEMO5A""]",Alan Korotkin,true,"[""rectDBMkNUIyRSL2D"",""rec90LFOuXBVQJgb8"",""recqmeyH5ZioMXWl0"",""reci0czOVqr4fAn1O"",""recGCI5hHyLRdjFl5"",""rec3EPDtYZpjF7pLT"",""recBXaMXfXbcZHlRc"",""recXMF6BTo3uNTJoQ"",""recvwVeBHMBTNXUNv"",""recz8WVsKbTeKseJN"",""recpgxvjU0tHArwgQ"",""recNLYJd2cvA0aBEL"",""recMkeLwL5p1p5oww"",""rechdH3c2hyesd07q"",""recwhVOXttc6gKSiM"",""rec4F8YRELZtcqt0O"",""rec3aGS380avuH6On"",""recXSue955mdSudfZ"",""recZdUHZ5eSv6o7he"",""rec80POQP3EhiJrM8"",""rec91uogmEKkQGuXP"",""recNdp2tJR8ozNSPl"",""recUL44GxXwwj0g6y"",""recRYCRP9qhSCp1Ha"",""recL8OkkdkjbJfQpX"",""rec78OqD5qyWhM4gG"",""recLzfDGfDCYxEADh"",""recBzaGh0vNdOFJ1I"",""recaAKT7AgKusWO5T"",""recP3PQArxD4Tvc2u"",""rec2rLKdslbcineGL"",""recwE80SK2NEBuQ0g"",""recFGAu9WXhct08y9"",""rec3I9jr95GmQPfyi"",""recsxVxqgVUNJjvb2"",""rec7YdmSwN9GSq5Yh"",""recYbtVgNNjBeT0ft"",""recTXwBbGLK2jwkrf"",""rec5lLLSUj5bqYoLs"",""recfd3bibI9mxqdaK"",""recOrY5XFxa1YVM6C"",""recQET6bE27KKYyhQ"",""recR5xuqyM7dTM1x9"",""recD0Wv9mkI0cdiNp"",""rec3c7ZH8sZFeKJFI"",""recJXpgHtCx7nfhBb"",""recRfCvoopfJIysre"",""recyrdvxmpcjkyVmM"",""recnbj1nWU1s8sdmV"",""rec5UkekAG15mNrRw"",""recCYqmWpOcyMc3WB"",""rec9LrcqTlbvqVmPH"",""recGArGKGGvff1tJI"",""rechA7jYiiL6fyLsb"",""recT4PieIgfPfYG2q"",""reckHrI3AFsslsR6s"",""recSJoETbIjxAVvav"",""recXB2BMSRDKXYHxa"",""recLK3HLF6t34AGqK"",""recb3qmih1jDyoQKG"",""recR7m2NMOlFhhVdI"",""recvtYoqJt7t1H3PW"",""recucXBBlgOQJVjOw"",""reca6mOceLj9j9o48"",""recSvPbVVh1AvvyHU"",""recU23OXos2JEIsTr"",""recivOon4P74tJCna"",""rec4BtKWHPtNPK57H"",""rec5gpU9xi1d3M44K"",""recyEhXDXeTC7xF5q"",""rec5KA7S15iddrSyZ"",""recsKys33yNX5Kvym"",""rec2yhPOvTpQtLi6b"",""reciuOAoHsZGu1OIQ"",""recnTChWBVv7nDghc"",""recXeRa65L7eyPrA5"",""recY7y8DK2X5u4ppQ"",""recindKg93HLreIKu"",""recziPesKwLj7xz7R"",""reccBE7omQXoxMrec"",""rec4WLR5Nnk0lL6Ic"",""recYqFMhzIJ1j57L9"",""recCXk1hmO4OhqnOg"",""recMiWd0wHfcw2Svv"",""recRd3N2mXYt2kHhj""]","[""recwsgGv5hhRLllSa"",""reccPqzZMkaeKcQ1F"",""rectbTsSnmRHGqwbx"",""reclPRtZdN0n93XRl"",""recJrnZsZVka7MfbC"",""rec6tuxEgmYCzAZBq"",""recEMPG8xkKvTaVHJ"",""rec0Bk0MbLCNHmjen"",""recylA8MZ9acHquD2"",""recCXBPD2ysxEVOzk"",""recs5cpucn20uU66n"",""recQADDokz4TUDbui"",""recP9TFH3sYkjyYm3"",""reck2mXnkE7xmGAXX"",""recz6AI8LQLpads8j"",""rec7uNS2W8yM6T3Ql"",""rec6ZlMeqnJOoaGEU"",""rec0H98knsVwMXN5w"",""rec22zBanBrO0RH7L"",""recbPuI17qdAcc1CF"",""rec4eAOzBYo3GobsM"",""recOpPnhh7xklkifh"",""recDyHlXwAap2WDwL"",""recQWDZkVxaMnH8pe"",""recriw5Jt9fDsyk7J"",""recraVWrLUHa02whH"",""recGktQyKGZgPdEEE"",""recFjrgwHyBA9km87"",""rec8KzLmn6Q9F81ln"",""recDl5FAgsOqLPneE"",""recD7pfoaSp2QIFls"",""rec1lITZDEzvBPWov"",""reclEISXCY77qdhNc"",""rec37MjBjfNxvgkA4"",""recvm5lcObBDmC5Oy"",""reczHc2ZjXFmD9aar"",""recyJqmjZmWp6zGWj"",""recN1gEQWYCMdONfk"",""recdhicVozqEph1Y4"",""recMuLnN6z4ndpQMd"",""recMgIIqNebADfe93"",""recM9FR79XkcNTFdh"",""recSDeVOEDOreiTiA"",""recdgr3x0omDS0xWD"",""recamBTUnFDjlgCaQ"",""recqi5yPr8ccG3iPu"",""recFRJlPD4hXiFt2D"",""recYQctImqCLyRKhH"",""recBX6hPKlXT3oFGB"",""recM3iEQkS1nFLPKH"",""recPi5Q9n77aOvCig"",""recwRfyj4pCKdFwT1"",""recWVDD7K86dcovAe"",""rec7c4JvVPFXSEuXm"",""recvQacAs9Cb1jG2L"",""recVwJ1Z1qLVmCyeU"",""recVekNDDukUJixfu"",""rec4DJCGowqFOFdU5"",""rec7aUy9LZLSi4x4M"",""rec8kcPgE2l4YnsSV"",""recLm4bIWsCwKtsOn"",""reckByotcKMrMbdGT"",""rechXcADkJGGs5BvI"",""recs6DgNppxh6GjsC"",""recMKbvTL6pXh4MBC"",""recHAfyQQaYP7Qo64""]","[""recQwSiK5kkmjAh7U"",""rec7EhdBfx7u8b3zC"",""recvqRMF7WJLdtCTs"",""recPg70vFDD754Vfu"",""recxzWjsBMua29hls"",""recuHZT6ZRTYJjV3q"",""rec113QHNrVyX7Tw8"",""rec9jTnxityfw881i"",""reczbcFoLcvwa2csc"",""rech0GkHC2BouXzGJ"",""receZcC2Vs5vYifkd"",""recfexvGhvmjlvyNd"",""recJSgZ3iPjVGmJxf"",""recirRzdCegoNUBar"",""recAhz5AGjY0H75wS"",""recsu5ZmXub2qc5zj"",""reckjsR3kKdylQGFc"",""recmy2BJFwl2ieSsy"",""recyxNvJgrkbinn1K""]",
recFYFjihQUcBvh6P,1,1,Ivy Nyberg,1,0,"[""recL9EZdGQk2oSxYz""]","[""recQiGG8bUwdhs9Th""]",recFYFjihQUcBvh6P,class_oog,"[""recStDHonwdQtwWja""]",,,,,,,,,,,
recFsMRQIqS8lWRWR,10,6,Sydney Rowland,9,0,"[""rec75vZjBWwbTd4Gl"",""recsZhLDABzLyVMKg"",""recTTq34WC55wI9mR"",""recJmFTzxdJjOLIDx"",""recFAVetiObiBXgqy"",""rec8YINI8jJV8z09Q"",""reclysmJt9Jf6DU7r"",""recFoVE0gTs7NyOHL"",""recCmoVpLN0IM1Tfx""]","[""recQ8smWGjQ46Uxma"",""recAf5xbq5TLnFkW9"",""recbudwFhpwTGxAjY"",""recB0RNekTiukvqCp"",""recTQQUiSBgycx0XQ"",""recVQl1bG82CSQkOp"",""recCn1vBgRO4HmWDo"",""recl9BBW73Kxkrm33"",""recxfeSSIkc6ZVnCZ"",""recwpKZrzKeu5qt2f""]",recFsMRQIqS8lWRWR,class_oog,"[""recxgbLwO4GonAr53"",""recuHd7x3ghIfNhky"",""rec49jKVAw5ScYA7G"",""recwapWJfltFf6kxX"",""recz2JaMEL3nVN0Tv"",""recqHIOykXcWkBlKs""]",,,,,,,,,,,
recGAk78qKHuklkI5,5,1,Savannah Groselle,5,0,"[""recCjY7URLFiJYB7z"",""recpYT7ZhP7sVY8yE"",""recsLq3QJpe0I91E1"",""reccWmH9YrdWoRbbj"",""recVJE5vN5qq6I9DS""]","[""recHI4yrp2NFdPoy4"",""recCGHfmjgSEuux59"",""recQ7HnsEnibn4AGr"",""recRYg0YIM8JzWYG8"",""recwRRSvRvajFvpfV""]",recGAk78qKHuklkI5,class_oog,"[""recTbPPrT5MS4uV32""]",,,,,,,,,,,
recGOZOt71dcEAmvp,14,4,Declan Egan,16,0,"[""recIl9qAoUDLVs394"",""recD9b3EPozRngyHO"",""recVQNhIlxyYZlD03"",""rec2LDi1Up6xCZpSR"",""recUda8OFNW9JzrXa"",""recmjSQYwCEQUThfj"",""recWqVGgbAp7EX3bA"",""rec8FJLMG4nFMBNat"",""recfkJkZfj2MYo5D2"",""recw7brYEKACfwnCH"",""recj5YhfSj7gDmn8l"",""rec5iXZPcQzVZs9JC"",""rec5XIxuphy7e2gHq"",""recVfbZwDiZ1sFKgZ"",""reccpPVz4rg0Xn3it"",""recTjtkkEhwGZiUt8""]","[""recoDTRwnbckxoP3P"",""recs8NjqDztH8N2ot"",""recHy72LAvDJQ6toq"",""rec5pU13zfWM743CN"",""receyJ4kFtolZYR1u"",""recLTmLCPw5lgjbVj"",""recb5aLOWcDGO2C5d"",""rec2SnUDTF5XK7afR"",""recjHivoFbaUMdi8z"",""recISqJY9P7QLFTtw"",""rec6qEkb6JtyJio2I"",""rec5pQtQGSG9uVcTL"",""reczZki5NzsZ5t682"",""rec5ygHvQHdrPqVbK""]",recGOZOt71dcEAmvp,class_oog,"[""recaZx28r0BSMxn0j"",""recs2gLHCw8SRWe3a"",""recyB7G0HT109oTGz"",""recDrzNxBBJxTR1nP""]",,,,,,,,,,,
recGQXJ8M2eFcl9W7,8,5,Stephanie Frey,9,0,"[""recL78zo5CXGrUV0s"",""recPzQMpVllPoPnE5"",""recrg7jvbqnlTihd2"",""recUvD1yESiPqktoj"",""recdgDYXozqdyOFDK"",""recdTX5IUQZl4s7vU"",""recVE5kGhU5yMjfLG"",""recMjB7oPDo8BDfWU"",""recQow1zOdv8t21oJ""]","[""recoVpUg1DgaXBKqa"",""recpFlXg7xMv2h2em"",""recAh6G3L98CK7aqL"",""recAAbnrLYYBRf9jM"",""rec7HGhhxy0VcsvHr"",""recC2byGBYCvuxEuU"",""recuNQ00z5v7WxF6j"",""recTB2sMib3ga8Eu6""]",recGQXJ8M2eFcl9W7,class_oog,"[""rec91JoLPmojny7Ah"",""recpHNIIZeH8CbPqR"",""recTHJagHE9Q3tPsI"",""recc1yQxHYrJDaQpE"",""rec26sQvra3iWNE6x""]",,,,,,,,,,,
recGc5Brn264xxwLl,2,2,Angela Gais,2,0,"[""recl2NImXOkzcPnd3"",""rechiQURI0DyDDCqo""]","[""rec4BWUfDhA6ovO4X"",""recMuRotnCxQR9iwp""]",recGc5Brn264xxwLl,class_oog,"[""rec05p5hQBPfpTp9d"",""recRIMcTnKFY5QT1D""]",,,,,,,,,,,
recHNjiHOpvxP5N0r,4,4,Rob Billings,4,0,"[""reczIdfmLplrXpAaG"",""recL7BjnccTJbLaxF"",""recZMNkH63rp0M1zp"",""recSbt4OEcCbJFJu6""]","[""recKsME2eoH8BD2JB"",""recAj54jGkp8UD0u9"",""recQoysjcAG0qyHVc"",""recrrANhwcT5xhNy7""]",recHNjiHOpvxP5N0r,class_oog,"[""recnA20IykjkAhaF3"",""recxZJzN67B3dP2k5"",""recK4EsxpaJjX3LUB"",""recwj9P1QCrZn1Tfd""]",,,,,,,,,,,
recHOKa6KSlvHuryw,3,2,Lauren E. Hough,3,0,"[""recgEUtWn3Fw94C4d"",""rechCAfXsR3JC802Q"",""recdcAISh4VE45m8T""]","[""reczYd1rBRl9hCVoM"",""recJJuRLOBAHL5kcg"",""recS0Uh8pIAsXEauR""]",recHOKa6KSlvHuryw,class_oog,"[""recfn31wbWzRswJJ1"",""recoEG978VWcbWV8X""]",,,,,,,,,,,
recHOVfz50z5VV3gG,3,3,Lindsay Barrack,3,0,"[""recJTZoUeteSbNHJv"",""recJRQhx8aHH6mW4q"",""recaYyJQOHDxaXVWG""]","[""rec6u2HTz330ZyOm3"",""recXBVUKO7zxFbwbX"",""recMlcP9J5BfsR5Nh""]",recHOVfz50z5VV3gG,class_oog,"[""reczxBmF34jQEchbp"",""recqkcALf0KGMSP5o"",""recAV58cJTpaxDTN6""]",,,,,,,,,,,
recHqozruF4gofU4W,2,1,Grant Seger,2,0,"[""recmEzthPtDrDagrd"",""rec53tkcNQCCfVzWy""]","[""recSzFNwry2qPWwVo"",""receaM2LKpNAV1WIS""]",recHqozruF4gofU4W,class_oog,"[""recnQD0owI3kUe0KE""]",,,,,,,,,,,
recHr7nRG7cRW4hq4,3,2,Abby Strohmeyer,3,0,"[""rec2nDWjaoATDkEcy"",""recdgZHJZwsLqMgDU"",""recyq1Gg56Suwi23T""]","[""recTls64pZq4X5EVG"",""recKQc8FIWEv0zD7f"",""recblspk3KEWqGdwI""]",recHr7nRG7cRW4hq4,class_oog,"[""recPKZKemiflnx7tw"",""rech7TFqfgZVXf3mn""]",,,,,,,,,,,
recHszNt2lKTJ3vFH,1,1,Linda J. Grover,1,0,"[""rec6qDvTz921w3o0j""]","[""recHyHhVdVkhcmkRB""]",recHszNt2lKTJ3vFH,class_oog,"[""recoNjZbKwEyCsnDR""]",,,,,,,,,,,
recI1AZhpQDfY3cRY,11,7,Jasmine Walsh,11,0,"[""reci7vpKDSO4HLzfO"",""recb3aoVyoF0GP1Hp"",""recESRryqm3rYzNmy"",""recEjGyhVLj8KVVn1"",""recTl6xiHXjgT0YY4"",""recE2bq8oN5PjNRxW"",""recNWMRMAQy4ZOXRW"",""recmEo4sesOjwthKX"",""recdgVTjaWDh5ukyJ"",""recHIKuIcAOuVlvBx"",""recPYs0Y20jnSDpbk""]","[""recdMAFrp27NIbeGF"",""rec9JEZc89Tnnz4bF"",""recfKc7mykWwAnnCx"",""recViExca4G5K4I8d"",""recwPvS0fTpPNe0CW"",""recP069o09wRfHVzl"",""recvjSnNyrwcGgAu8"",""recCq52WuubpC3gZ0"",""reczOTwv7DErytw0W"",""recWRSQyU8e94yiTZ"",""recAFC6AKzcuuFK3K""]",recI1AZhpQDfY3cRY,class_oog,"[""recH9akzVEVnBeaLr"",""rec3pY7apXwfTmgAy"",""recSpZwBDTYVDdVOK"",""recBNoi4NI4sHMozS"",""recRwKQn4Cpl8Zqzz"",""recTf2Xim4Op3oBot"",""recQYtoWytkrBT5u6""]",,,,,,,,,,,
recI1g5Ddvuo2Aqkw,2,2,Maya Abdallah,2,0,"[""recT3Q3BVFUqScBIP"",""rec1UtZnhAqb0uQVk""]","[""recaKN30sYkeitstu"",""recn69BbC5W9yCi8K""]",recI1g5Ddvuo2Aqkw,class_oog,"[""rec6DLuiZHDSdzLF9"",""recVSWIptAdOlozCa""]",,,,,,,,,,,
recIKamH37qEBTrF7,3,1,Anthony Sauriol,3,0,"[""recdfnpvrii1vjhVr"",""rech5yTeSsVS1KTIB"",""recBEKQFHtHWNpX0V""]","[""recqzYIr22FSPmONx"",""recG0ObOIx4SWYBfZ"",""recZhshSDnMVLef3m""]",recIKamH37qEBTrF7,class_oog,"[""recUwNcxdLMqUK3KT""]",,,,,,,,,,,
recIKurBKhyE9TxmA,3,3,Andras Szieberth,3,0,"[""rec1rNUMvytBtklqW"",""recPSF3nOcnXpjVjX"",""rec4YooWMtcVpmXQF""]","[""recTqHtUA7a1azoGY"",""recOy3ctcaxKys2cW"",""recfcYc88XderhX4o""]",recIKurBKhyE9TxmA,class_oog,"[""recKSFffAB38A7Qc7"",""reczCzo5iiSfHV7ul"",""rec1s3YEvz6wRp9fD""]",,,,,,,,,,,
recIkAyumy88qaBpt,3,1,Lukene Arenas,3,0,"[""recJHkuPSZoICp8ZB"",""recjR2N3SPxNow8pS"",""recVghcz9REYH8ST0""]","[""recCKsDYIvnhxHHYi"",""recewHW8INK4Tj9yE"",""reclWybHblGXd0Tm1""]",recIkAyumy88qaBpt,class_oog,"[""recroSHpES6tulq9z""]",,,,,,,,,,,
recIorvNwvWPlOR66,3,3,Manuel G. Torres,3,0,"[""recDXmtE1EtbKe5Z0"",""rectB9IQVZ59gCD5j"",""reclCmPq9aWmKIMD8""]","[""rec3zyMPoFyldLxW3"",""recAUNBS3GXlJCmZj"",""recHYiLPns3ywXPMS""]",recIorvNwvWPlOR66,class_oog,"[""rec4TgJ6VN8jfdTXm"",""recAVWkAQVv9aBNJj"",""recPuKAnYtugBQcK9""]",,,,,,,,,,,
recJZPYAhA0EEsHd8,1,1,Robin Swinderman Mitchell,1,0,"[""recPQAEXgekokD3yD""]","[""recrogcv51FvGgW5m""]",recJZPYAhA0EEsHd8,class_oog,"[""recPXLEaURBERJ9rQ""]",,,,,,,,,,,
recJe0LFDSWmZkYs4,8,8,Kelsey Duffy,9,0,"[""recYAM5kcV0CsvYQm"",""recMUmnQNuijsAcR7"",""recW3Pxwyy8BD3Zx8"",""recacDysjHQBziLIW"",""recdd1BVXpCTjOogN"",""recjitrbF6SGS36R7"",""rechoMd4aICwNL7ih"",""rec9QVvKA6ZzXPqKg"",""rechslNRnxcpCkLaB""]","[""recFPompwNuUcxVJg"",""recuddIKIuwNLGEe2"",""recRproOFAZVL30I8"",""rec55QuaBFAQFcsdh"",""receHMwvoy2idZQiI"",""recVIe471MSnlYhTy"",""recU0jOLumK458kcA"",""rec66QuE2Mvd77FhV""]",recJe0LFDSWmZkYs4,class_oog,"[""rechDlKMAvhUM4Mji"",""reculOoDct2P25DGc"",""rec7wgjXCOF4uxl6i"",""recVYmCyz3WQKbmGi"",""recExGej0SLoxXNcX"",""recvmzNpRJ5NWadPh"",""recTCHnChSTIiwvZX"",""recLSkao4RJ9VeamB""]",,,,,,,,,,,
recJw4KTGszq5ixgY,1,1,Alexandra Goetze Bell,1,0,"[""recxEtnlYuDZ9DkTm""]","[""recfUavC1vih6Z4fE""]",recJw4KTGszq5ixgY,class_oog,"[""rec6woGEX9IGLSlUm""]",,,,,,,,,,,
recJyvaqZ3spBq50v,2,1,Ashley Romano,2,0,"[""rec7l7jPPOA9Tcft0"",""rec75sEswzXRhWCry""]","[""recvbelvX44Ma1YIP"",""recOrQbqhd52tVKex""]",recJyvaqZ3spBq50v,class_oog,"[""recHgg15iR1gmE3se""]",,,,,,,,,,,
recKF0YhvyIihzny3,2,1,Bliss Heers,2,0,"[""recZXpsfx2TknH6J1"",""recsZIUJzbGKVDdp3""]","[""reca9DLtSE2IygyqS"",""recxHix12TaoXWWG1""]",recKF0YhvyIihzny3,class_oog,"[""recXovs9KjxpTkCpj""]",,,,,,,,,,,
recKPpIDSj1ofUcQV,1,1,Michael K. Kennedy,1,0,"[""recnxF20aOrGakXwz""]","[""rec2LVSvJYCzH6ntu""]",recKPpIDSj1ofUcQV,class_oog,"[""recER3fldSHgHdZie""]",,,,,,,,,,,
recKZfdrFY1v1ROxJ,1,1,Lucia Rivas,1,0,"[""rec9mkyDT8SCK4pXM""]","[""recSL9HbNYEgGrSQz""]",recKZfdrFY1v1ROxJ,class_oog,"[""recG8GBXDrqNT5sCX""]",,,,,,,,,,,
recLhHBuV9elf7nB3,0,0,Ariane Harris,0,0,,,recLhHBuV9elf7nB3,class_oog.php,,,,,,,,,,,,
recMFDhEMIxKX7fmX,4,3,Terrie E. Shibley,5,0,"[""rectGKMVKkrswklor"",""recqbHFrX0MGeuH0r"",""recajodZkqNU0xqhE"",""reczn10oPCI0Ko8ix"",""recGKVwLVd3FnZhTg""]","[""recnfn1gtJVCOdwYl"",""rec4V1tpPt3wiEnbN"",""rec5SupXeyjWTgAbz"",""recfNXRYXeRBEUVb8""]",recMFDhEMIxKX7fmX,class_oog,"[""recK9lW7nTdieDMhe"",""recNl2xmTcpi4Qutb"",""recIkuCoDdkiwsGIJ""]",,,,,,,,,,,
recMir2WcmMLTzpZq,5,6,Erica Robson,6,0,"[""recMeCRZGKxfjGSeW"",""recERIl5sMgyTd53w"",""recaGTpYnV7oeIHSa"",""recjdMClb9vZnjzZ5"",""rec4QqdclnrUCVdiD"",""recSFpqdvfYwyxwMe""]","[""recedrYSb4A4mDbzy"",""rec0oUzAUaAoWaLAO"",""rec3wfvjfMjQ9sCII"",""rec0OvFLXfoZKvs15"",""recxKkGj8JrPQSHJA""]",recMir2WcmMLTzpZq,class_oog,"[""reckR5d1FrfCNnjWe"",""recLEG9lIoQdlLyaD"",""rec7ELvs61kTO6o8h"",""reclT1ePqkZKMN7nA"",""recLfxbxgtscXLGFT"",""recJEi1nlMz6pLTm3""]",,,,,,,,,,,
recMsKXGUQA6BQOth,4,2,Kim Taylor,4,0,"[""recDiDE2MtLKKf0P3"",""rec2rQQ0oGkiRYFHt"",""recjXGoSpmndP1mil"",""recFj8Rnqda865Orl""]","[""reckvF1nGccZ2LlCd"",""recWxE5xbvlhuQSg2"",""recMw3vZvAvTFLYOW"",""reckA4khnOmuCzQG8""]",recMsKXGUQA6BQOth,class_oog,"[""rec5eSBDWhpK0tlte"",""recUAXMBbSwmB7zjl""]",,,,,,,,,,,
recN9E8BVaEfvKU1x,7,7,Matthew Le Master,7,0,"[""recApU9lrIEBS8F9M"",""recRQAnDUUMqYpinp"",""recUYAI9ELAilq01f"",""recRtbiGzYn7F1WF2"",""recmnXLEJTpYDltWO"",""rectmJGqLMNFrXHew"",""recyASRhw8q4tEAtw""]","[""recF8OUcyPZuRkfxm"",""recZJzNfAeLstAbSR"",""recgDTaT57VvTFcLZ"",""recAaq5pWLL9bFKdl"",""recddkhIwq0I9QZKq"",""rec1v4wlYLNcNIVGe"",""rec0EKYIlKuo6e2gz""]",recN9E8BVaEfvKU1x,class_oog,"[""recDLNYS4jejx7XWt"",""rec1xNTEGa3rUIdFf"",""rec0y8f9IiGiQ5gl4"",""recY8qeRhWAe7RPzG"",""recq3Kwj7QfrgwWtt"",""recXig31jQJbwJJlg"",""reclZ2ykwhfdNmr2p""]",,,,,,,,,,,
recNOjlJkQLR1qWTQ,1,1,Julia Worden,1,0,"[""recd0U1K0KpXErnJz""]","[""rec3Me0gpJHib7Ibm""]",recNOjlJkQLR1qWTQ,class_oog,"[""receBFuBzYlXyUiqp""]",,,,,,,,,,,
recNSLAabY22Iw1Z1,2,1,John Paulsen,2,0,"[""rec8yCaafwHR1yQyp"",""recga1p2gHq74cRn0""]","[""recb666cCgReqLBEk"",""recZ6ePCGKjsNz47Y""]",recNSLAabY22Iw1Z1,class_oog,"[""rec5MlL9OQJ3jlSbG""]",,,,,,,,,,,
recNlaJ4fNzGpH0Rf,1,2,Dana Kurrle,1,0,"[""reckf5vereqxMaJMI""]","[""recCBxxMJ1CtUSSZR""]",recNlaJ4fNzGpH0Rf,class_oog,"[""recPXdNTrV4Jh4bzw"",""rec4NvqQzRLo07ZXw""]",,,,,,,,,,,
recNpo5pbhuzTKAIi,7,6,Jessica Collins,7,0,"[""recCpjFhbOsTOGJUB"",""recWwCPXi147FCMIS"",""recT5WTalCuel5euU"",""reczGhUK7dw3yyyAT"",""reciawxdq7bpwFnfP"",""recG7uweZEH4T75hg"",""recVvr3i3orCifh5H""]","[""recIQVgKeN2LNZnrj"",""rec3K75aukCEzb49g"",""rech6wXoI6X3xY90b"",""recMKzrJ2Q9vgeEPC"",""recK5fvOPrmUZKM7Y"",""recMemx832jy1SfEr"",""recskrY2ERXLInXy1""]",recNpo5pbhuzTKAIi,class_oog,"[""rec9AOBY6djC53osc"",""recbTZTntK2RVTp2c"",""recjw1We9NSeCvXYA"",""rec6WJh8ugWLFk1a9"",""recZ6bukRuLkzx7R1"",""rec4i0yhWAXBUxDNL""]",,,,,,,,,,,
recNr3QsitBPL9Xil,1,1,Scott Diffey,1,0,"[""recghA3yX8fyJbiX3""]","[""recCcWOumf0LuMidU""]",recNr3QsitBPL9Xil,class_oog,"[""reczNEv98kgm9cPGM""]",,,,,,,,,,,
recNsOB5RbtRbnQ37,11,4,Michael J. Mccormick,12,0,"[""recL9tIAr3W6lEa7m"",""recaBCOa1TSSNZP5p"",""recb0ilVV63XwPyRa"",""reccnTCxokueBKAKY"",""recQokOYTH4zuZbGa"",""recbURFrtTX0bnncK"",""recphUf4GvG1kGKuU"",""rec1EOByWSknpJYZS"",""recjskR0eEwN6Dk1x"",""reczBKqmMXql0CLrb"",""recezQK0HYupTVbac"",""recdaVcFLIUHI6kbc""]","[""recM4F3aWl3O07VeU"",""reckz7DLuW7CZb0Wk"",""recE1MaNADKY9B2V1"",""recW4W2Sd7UGjIZJk"",""recK4fk5IS1EPZ4z1"",""recvS4oaEuUxfdgB7"",""rec8P7VE4xrhSr8iw"",""receFL2jrZgtEi18s"",""recWnwuX7YEpOVN6X"",""recfceJucrzwxFkvk"",""recvHtEFJEg2EU4nO""]",recNsOB5RbtRbnQ37,class_oog,"[""rech5IrfxPETA39wn"",""recLyTrE6tVxN0uIu"",""recL7ukkyjSp9ZHvs"",""rectoBj1C2z2vZ4HO""]",,,,,,,,,,,
recNt8RCU3OfCIZg6,1,1,Samantha Mccleerey,1,0,"[""reckANjuzr2lIgoX7""]","[""recygGog8FLxrMnVH""]",recNt8RCU3OfCIZg6,class_oog,"[""recAATtzYsIZzhjnb""]",,,,,,,,,,,
recOPpcKG9qWpofRT,2,2,Alberto Michan,2,0,"[""rech23Fgkd56AncPD"",""recQ8PBDqcbb6Psk9""]","[""rec7Ab9hWgN2MWcXj"",""rec1dChOEHy9TphqB""]",recOPpcKG9qWpofRT,class_oog,"[""recSlmjMGDyanRxR7"",""recJ5QtdFwwSvt6f5""]",,,,,,,,,,,
recOdyCszUe4VTxPo,11,9,Darragh Kerins,11,0,"[""rec0sYu20wnigw9yf"",""reckkGnx82VPHVYaX"",""recybeuQqxLpdwgyc"",""recYURLSHbLWax0Uw"",""rec0eYyxy9JljHkqO"",""rec8A2lbxQcozlnDf"",""recyU1972ri6tQv5D"",""recqDNugtAgCap3cd"",""rec9hBrpaI6DR0pVH"",""recV5aEPG4wisxE3B"",""recQqlvVVUuzmYYt0""]","[""recsGLgZzmF73HcM5"",""recQ08GxtyZiioC8f"",""rechTSL0KCt5yYk7Z"",""recugWgvDfNb66AlQ"",""recL5WOVEUlD6bwan"",""receAni6UqAZEBEMR"",""recNmPji96bx60SCQ"",""recVUmGO6khwmUVT2"",""reccw0MYAF5N4ys2S"",""recF2g68sPDG6VP8g"",""recBhjBj2yY4p1S1s""]",recOdyCszUe4VTxPo,class_oog,"[""rec07LS8TvgJcQ6tb"",""recuuXZuhtdqgphBs"",""reclSOb4GWH74Vfnm"",""rec7QFk37tD1CriFs"",""recAxawahZ8fxICUO"",""recvrmp3sgOmigpg4"",""rechztYIkKPPbsQzF"",""rec2ddD10LiZx0odI"",""recVJofoqKgb9upuP""]",,,,,,,,,,,
recPMskDVL2pcUFPb,5,5,Katie Moniz Floyd,5,0,"[""recfnnkoAHLbVUDlc"",""reciDl1LwDLLI8xUE"",""reclw3uibI8WoGQFn"",""recuIFrsrZvUsdCLE"",""reciEQm0pcA5QOO2R""]","[""recb9c821crhAUlDV"",""recE6rTI9nxl3ddcz"",""rec97QFWtimduyHuB"",""recPOYwljVGxMKLTP"",""rec0k3WZoyAveK1JI""]",recPMskDVL2pcUFPb,class_oog,"[""rectLFrMEjn7PuMvr"",""rec292OiOlkSoYFMx"",""recchSR2cIrnif7YT"",""rec66VzhNh321sG4u"",""recpk7RlPXXrhJUrR""]",,,,,,,,,,,
recPdCHJm1UqhZjLu,2,1,Brooklyn Castellano,2,0,"[""recvaejywpL5so5AB"",""recq3SaHggwHJZ6TY""]","[""recjEm87XWn7DtIVE"",""rec0NSJSySU5lKsqL""]",recPdCHJm1UqhZjLu,class_oog,"[""rec32DqxNbjRYwPa0""]",,,,,,,,,,,
recPjoErB5zrZjQMv,0,1,Morgan Mulcahy,1,0,"[""recXahvq9OxhIGmPd""]",,recPjoErB5zrZjQMv,class_oog,"[""recFAEZkb410RquB4""]",,,,,,,,,,,
recPyfVVGkVn9fvlf,1,1,Lizabeth Perez-Pascual,1,0,"[""recz1jsHwJWXrUgPH""]","[""reczrRTCTrN3thDKn""]",recPyfVVGkVn9fvlf,class_oog,"[""recZ5wzygnW42KQVr""]",,,,,,,,,,,
recQKeo6875JCjkvf,3,1,Bruno Diniz Das Neves,3,0,"[""recMqlWtQtBhqCq9V"",""recQ9v9I7Se6al4gm"",""rec8O71Kdp1X8FGdo""]","[""recfjVuC8K6N1bqm5"",""reckuCuNfbtfkMAfs"",""recIzCje3rUoRNWcW""]",recQKeo6875JCjkvf,class_oog,"[""recLrKVLwt2RR3Tbg""]",,,,,,,,,,,
recQS2r3hlg93GR1c,2,1,Alexa Marino Bacardi,2,0,"[""recRRhyftSM5LqC1m"",""recUPzuPwcRwcXprF""]","[""recsDtJjqiuoQmPaf"",""recEwOsVOO6ZyT8A3""]",recQS2r3hlg93GR1c,class_oog,"[""recAAhXIBGzsVMAOV""]",,,,,,,,,,,
recQUXHjJZbV57FsH,3,1,Timothy Maddrix,3,0,"[""recXDTBxiDiXRbLqW"",""reciSVHSq448vSyrP"",""recYtMQ90CfQwa769""]","[""rec9N1Ti4a8Q38uHS"",""rec3Ajj0at5slKfYA"",""rec6b9get1DuDSNzS""]",recQUXHjJZbV57FsH,class_oog,"[""rec50cOyj9krr4nq5""]",,,,,,,,,,,
recQXTpW29gQ8CQhu,8,10,Madison Daughdrill,8,0,"[""recznac4jn7lvQvlR"",""reccwK3wNlr8Gr3b5"",""recHDwKXte9oVke6e"",""rec0Vy0UNO4QDX5U0"",""recEMsh99Wax4krPL"",""recHhzuyLxlaQtDz2"",""recfswAtH6LI45qA4"",""recq3BKm9HA4MWzjy""]","[""rec7zQax96YuurTYP"",""recSPeyPMpegjPJEC"",""recKtli3fmhLv4STL"",""rec2I74RoLLuXjE0g"",""recyVcaLOvsk1Ik1S"",""recE3kUkNcZeNsPCh"",""recbN9hcuwyHaXSOt"",""recVLcZffu8eU3CHc""]",recQXTpW29gQ8CQhu,class_oog,"[""recvQT9BbjlLzBWkJ"",""rec3xaSH4kvOzYXQ3"",""recJk81dslzlz9SLS"",""recWnhS4f3syx16A3"",""recAOcQC7VSiD7LHH"",""recAfTlChemRxsLKj"",""recNqQR6DgevXhdjd"",""recWqMq2Vyup6j34N"",""recuwXlsiu8fGpzYP"",""recG4gQUnXvzjTpbP""]",,,,,,,,,,,
recQduwaFmkfTL3Xq,2,2,Carson L. Ruff,2,0,"[""recOsTu5oWwgPp0y8"",""rec3gVJGUApRE1G3u""]","[""recL1SsZsFHnzYjRl"",""recyIn6WNt6HlgIDB""]",recQduwaFmkfTL3Xq,class_oog,"[""rec3KyPkvRMIFK5KU"",""rec7JhqMK4DWc8LY5""]",,,,,,,,,,,
recQexushi8p8Xgll,1,2,Mari Gromkowski,1,0,"[""recsfWRQp1NAMI84S""]","[""recMHkHP94rBg1MfE""]",recQexushi8p8Xgll,class_oog,"[""recpClmYzvicJYruv"",""rec0fQwv2Q9zJck2B""]",,,,,,,,,,,
recQp3uwHQgr5c03c,1,0,Maddison Stephen,0,0,,"[""recfyOAWYulsQNwCK""]",recQp3uwHQgr5c03c,class_oog,,,,,,,,,,,,
recReZ0D2zANcGXoH,0,1,James Gentleman,2,0,"[""recXLzqJ3a5OeVozW"",""recqOpAZreu0dm9iA""]",,recReZ0D2zANcGXoH,class_oog,"[""rec5wVh7jpJmRorXu""]",,,,,,,,,,,
recRlcCb6UzGjsfM8,5,2,Addison Reed,5,0,"[""recZcsDc9yOj8N5YQ"",""reczMCXVX6itjFoKW"",""recZsIGQ0PoTXc8ed"",""reciI926KiVz5gnZS"",""rec1ihQOtFr55EjAR""]","[""rec5WKbSvvNAIspHS"",""recw6zyhFDji5ixp0"",""recslqd83nSNdxImJ"",""recckZ7igwuvZmixO"",""rec0on3YwJxmy4UfE""]",recRlcCb6UzGjsfM8,class_oog,"[""recnq0SxsppmltiqF"",""recC4avxEI7hGm32h""]",,,,,,,,,,,
recRnYU8EgCMCN4Tl,5,6,Matt Martin,7,0,"[""recSjDS9eaqyUZlj9"",""rec2WJAkQ2lK9xu1t"",""rec66pBaptxrt8yyo"",""recMmwA2xAw6AoAk9"",""rech2gyew6YKsl923"",""recoIfeCdEj0JuYKM"",""recuMLwBWLETsRHXU""]","[""recysJxjwgm0Tj0rd"",""rechZbNQ92TC1QapY"",""recjtOwq4yyhryhyx"",""recKcYv5A7peie9dW"",""recNtjRjQXWHrQ5ll""]",recRnYU8EgCMCN4Tl,class_oog,"[""recoZrUYI8oPw5BWZ"",""rec9sgXQpjPkE204z"",""reczdYNCGFEUyxVMl"",""recQVrVcnghBYOhLX"",""recJtLdnd1Pye7RNU"",""recnnh5mz9woQxU4M""]",,,,,,,,,,,
recS6sxPEULRVow6v,1,1,Lincoln Russell,1,0,"[""recUoea9FBJSIFPgy""]","[""recToI8ktnABOD4rJ""]",recS6sxPEULRVow6v,class_oog,"[""rec5kDHL5wHbYs33J""]",,,,,,,,,,,
recS9EfEO0iZet31e,5,3,Conan Conway,6,0,"[""recjifjHem7ahuGkr"",""recSHkoqwTDCG2atQ"",""recvvgvQ5dYB54Hir"",""recBAKR7ORMahR0y8"",""recBaYvEEaZilflVe"",""recdHzVN1Aq8OZiKa""]","[""recxVD0nzlj8GuBu7"",""recPerTCQD2I9qkKg"",""recuSzIZFy4vBG8jp"",""rec1oM5ee7kSk9If7"",""recNhGu8Ypiw7ym9f""]",recS9EfEO0iZet31e,class_oog,"[""recsO1C4R1X36JbFl"",""recQXT3tHMHJl4tss"",""recZfCUedmN6e4tva""]",,,,,,,,,,,
recSA6JLxXIoeqSGK,1,1,Fernando Cardenas,1,0,"[""recI27QEDztbPYX0t""]","[""reck904n4YGYEK8w1""]",recSA6JLxXIoeqSGK,class_oog,"[""rec0TKCGVZiPGwRC9""]",,,,,,,,,,,
recSN0eF04okgAD8J,4,5,Lisa Hasenbeck,4,0,"[""recvCGTMcpB6GIFQn"",""recS2og6juvFiIejV"",""rec5RwIwtZ73MZZg4"",""rec3nHv51hRLMYzq9""]","[""recd84T95KYRhjbjj"",""recLe5HKdO4Ch1uW8"",""recntTllVz5o3TKQU"",""rec1kzOSCYINSWMgd""]",recSN0eF04okgAD8J,class_oog,"[""rec12lzOQKtI0Qkv5"",""recCMlq6p9MboaRTk"",""rec6qb1pnoFynbJWM"",""recHjmrQNcl4jAQmy"",""recirL4qXIi9KcD3P""]",,,,,,,,,,,
recSN4WGiXjlJgPc6,4,2,Lesley Grant-Law,4,0,"[""rec2Kztr2b9bCKZWx"",""rec33uWBGSFqTtTPp"",""recnRsU088RRiKCoY"",""rec55vpC4sa96DMLZ""]","[""recWl9xEhrRDshUkR"",""rectp3hEvedZE6M94"",""recQ1Kstofjb9fnXH"",""recwYhzRtCDiI5xSW""]",recSN4WGiXjlJgPc6,class_oog,"[""recIF0LG8oHnJvWAU"",""recRtC0F3ysCyAaTr""]",,,,,,,,,,,
recSXI5qNI2oXZ7rL,2,2,Mike Holtkamp,2,0,"[""recFxKJ6AVT5FhQuY"",""reckbVyJBhGk7mx4E""]","[""recKudLyrLWKeNdxA"",""rec9nDSYoFWGwzGAh""]",recSXI5qNI2oXZ7rL,class_oog,"[""recIEWQXASuV2H7Yh"",""rechMaBOPshWSbNGK""]",,,,,,,,,,,
recSXiCPwDmQ76cuQ,12,6,Jake Evans,12,0,"[""recStBpcwE6PFz5vb"",""recBAxAXHSLDqprSX"",""recVhURLvVIqTQBtg"",""recxrIuScJmdsHpEp"",""recizkDiAx9XHbQsW"",""recJX8hecWzDKLwX6"",""recf89AQE1qtvd8FY"",""recMCnJ5J4qhgZ3iq"",""recej7833yHmLYG1d"",""recoHea1TIdEOozjS"",""recACZTBR1kkOmdvv"",""recjGrn0NQ8IWILKN""]","[""rec9JhcjVE6MzwKwQ"",""rec9YY2VQtUbQheE9"",""rec9HeW9WlmtzBC08"",""recOpmNMHcQpdCtC9"",""recE62RogZyu0j9w7"",""recer4I9JB8bWtgM0"",""reckBvzRGUzmn0bFq"",""rec1e77tZXkuTZTKx"",""recx5V5UYxIPodNVd"",""reclHZtWCBDKaidMf"",""rec43Xr9hCD3oLh2g"",""reck7F7nbuJr5D50O""]",recSXiCPwDmQ76cuQ,class_oog,"[""recKyS0g5eEgkhboQ"",""recW2UNuebpQOcSsH"",""rec0FUCzNUyfQf4RT"",""recoCynxHbGtrr4vn"",""recxatpI8UXNwRwnp"",""recevtp2XSKUsSb00""]",,,,,,,,,,,
recScvZPMMmuVjpAg,6,1,Maleah Lang Mcmahon,5,0,"[""recfEzPHrLfQjgcds"",""recVdhUWpKl6PKIOk"",""recacSlktTfSCsO8b"",""recwhaKxdJNMbLzwt"",""recD9gwIjpzrVvDIe""]","[""recWXO4ts3p4Au4to"",""recGRczw4eXlBMkK6"",""recyPJIuIT4RGZCT5"",""recTA1ZVZrvwdBJPz"",""recV6W9xPPlc1hmiJ"",""receo6taKueoXOJxq""]",recScvZPMMmuVjpAg,class_oog,"[""rec6wPiU3mn7pKqtV""]",,,,,,,,,,,
recT8YlCbrNCIUBkI,1,1,Chloe Mouton,1,0,"[""recK7HuwvnCExHclP""]","[""recEmcKd7RW2NEeOK""]",recT8YlCbrNCIUBkI,class_oog,"[""recBjI827CmqKZ34c""]",,,,,,,,,,,
recTFNzdSZ2WKI4Fx,2,1,Madison Rose,2,0,"[""reckjQTTuinVgI02H"",""recK70cODGeU34vad""]","[""recEkFqamrTfpSxMi"",""reco9xhyefVGZdBVj""]",recTFNzdSZ2WKI4Fx,class_oog,"[""rec2JzAL6u5FpzJlI""]",,,,,,,,,,,
recU1AQcmSYuCkBtn,6,5,Patrick R. Wilcher,6,0,"[""recdRWGWP6pPjT9Vv"",""recGW7jYrtptrUNcd"",""recMi4Gk4sjKerTep"",""recgBey9cKweOiVzq"",""recguRqJ7rOKiuHTB"",""recqjQpR8NboXB0Yl""]","[""recJ4NWtwjlgWB5Zp"",""rec26u95qyoi4Zpdx"",""recs0olEcPhG6L0j3"",""rectAgVU3we2blL9U"",""recNKgqZa5hxOLbfq"",""recMDcq9uN5X1rDjh""]",recU1AQcmSYuCkBtn,class_oog,"[""rect03lMQpTFAs8ti"",""rec3gQl0aV9rigp2y"",""rec7zPNAjOrAi3nVJ"",""rec57kNAMePseOzKb"",""recfhXiw51cMvZnpT""]",,,,,,,,,,,
recU3IaijfKlg4V10,4,1,Brittni A. Raflowitz,4,0,"[""recq7zGeSM734iPDV"",""rec8PeVMdZkMCMLS5"",""recXG32TVrmw8DGO0"",""recNTIir4T2KGDC39""]","[""recbyeHnj0OT9sByX"",""rec50DCvX5MF21Jf5"",""recrBjQEKkSDgWttF"",""recpfvulZdiy5IQvn""]",recU3IaijfKlg4V10,class_oog,"[""recuB93tp86huMHOF""]",,,,,,,,,,,
recU7zogAuLVNKIfQ,4,1,Justine L. Dutton Barnard,4,0,"[""recnOAwFVoDeQUamZ"",""rec82ZXx3k3BZs95n"",""recLXYgdhRzs0rEdm"",""reczCi2jQ4o9sXJkG""]","[""recFErNmkCCvUfXDw"",""recnjnyY9UT59zeAn"",""recdM6wDRahirh7oO"",""recj76r3HlyuTM8ji""]",recU7zogAuLVNKIfQ,class_oog,"[""recvD6KL2dqqPvN0v""]",,,,,,,,,,,
recUSP9h7nazUAhZI,6,4,Dominique H. Damico,5,0,"[""rect0uldbYtw7E0RS"",""recX4J067KZK5mqyl"",""recctkWYVvDkvWYI5"",""recbloZFLUvDYGqAh"",""recZufTxjH8A4owbm""]","[""rec3Uv3yOB4Q5NwZf"",""recZqFdHXmURIhVhk"",""rec6AV0thciPwtA0u"",""recyN0zO7TiYNyGAw"",""reca0h4RLbgEQB1f6"",""rec40RGkxUIYykjih""]",recUSP9h7nazUAhZI,class_oog,"[""rec22CzM2EIb7egZV"",""recBvnLmlMg8sppYy"",""recandUNivppmOwX6"",""recE67bCSPJNSkL7j""]",,,,,,,,,,,
recUjyRd7k0lTmyxS,4,1,Aurora R. Rangel De Alba,4,0,"[""reccP77U1iYBQrkeh"",""rec5ttdBVYcgXCjy7"",""recyxoa8uskuwnUUA"",""rec1kg2ewJ39SdIXP""]","[""recm2Hq6l48jQ4P9u"",""recJsEsg8iT9Xn06S"",""recweIMsj19oIxZbO"",""recrMi1Uqm4je5bL2""]",recUjyRd7k0lTmyxS,class_oog,"[""recYuZ7hB1tbpgznK""]",,,,,,,,,,,
recUkF0qsVXW5diOg,0,0,Kendall Stephens,1,0,"[""recPNCV6VOVWK2NaS""]",,recUkF0qsVXW5diOg,class_oog,,,,,,,,,,,,
recUlyG8wMwlKopQw,3,3,Shannon Y. Clifford,3,0,"[""recrvn328Tmv7HfxZ"",""recQmtI5ZsAOeLXtp"",""rec8Vvmrl3eS033yb""]","[""recpXueurS377Mrkk"",""recg1bdKplpiMn6CM"",""recqLhLtFgcKkbKqZ""]",recUlyG8wMwlKopQw,class_oog,"[""rec7XYSluLDsrEm1b"",""recu4LT4UbFIY5xsX"",""recXe7Px1s1mT5The""]",,,,,,,,,,,
recUpaBE2IKFd0lXw,3,3,Jessica Cross,3,0,"[""recGd1PD9o3dSgk0c"",""recMUv5LPHiKQF8o6"",""recBmww7UNikgcKTQ""]","[""rec5HRwfgu8Db9W27"",""rec36l8EG5RpAgroN"",""recqMaDteMbkSTVIv""]",recUpaBE2IKFd0lXw,class_oog,"[""rectkaEQRoM6ggO0b"",""recZ2J6OAJ9QD4wY1"",""recYHXSyICCmg2fjP""]",,,,,,,,,,,
recUr6Fi772oNLJ5v,4,4,Marissa Creviston,5,0,"[""recUQ7hl3dhqBAlIH"",""recKf2iviypuesPFP"",""recIBz7C8oVDQNAPH"",""rec00Fj6xlDAaiNAv"",""rechUQIGTl4TpNV4N""]","[""recutvWECAJbYHvFO"",""recbkPoe4t8Irl2NP"",""reciUYPuxHcgL26wE"",""recGUgEWq3kKZIevT""]",recUr6Fi772oNLJ5v,class_oog,"[""rec80MabN4TywgT9f"",""recxdi1hJSSi7n9QQ"",""recSD3oLcU0QYz1H7"",""recLzzBYsHVDPuiDg""]",,,,,,,,,,,
recUuNz0eo9E9uBRD,1,0,Joachim Englert,1,0,"[""recvYZlQqAZpnWNKo""]","[""recOpcMSGzNAaHJ87""]",recUuNz0eo9E9uBRD,class_oog,,,,,,,,,,,,
recUyPOPB2XxAGJpk,3,3,Jenny Miller,3,0,"[""recX5rhtmoEUmqPfB"",""recgDxmw0ekKbzKcA"",""rec71PSXk9xhzorfN""]","[""recCWibIx9ZSSHJwS"",""recaDBKCxqYv7GOz2"",""recGKqV4V8wQLmIO4""]",recUyPOPB2XxAGJpk,class_oog,"[""recjVUwSgfYOO7TXn"",""recuCjfT3Zi0PZ7TV"",""recyyfu2HOLFiJ5za""]",,,,,,,,,,,
recV9UeEpcw6UDEM9,12,6,David Cameron,10,0,"[""recSe2WllVQ8pL1bb"",""recBy0OrpOauCr6Pz"",""recHkViA1LK59eYEa"",""recA5qCmRLMk98Xr4"",""recBVMDEeKtclY2YM"",""recGwZ8itiKMPIn8L"",""recXTI2X35V9VmVOr"",""reccKdWlsiElejWlP"",""recrwSZSMRb44S5uQ"",""recUMsicKyzbPX0gM""]","[""recsKorlosWuL3nkw"",""recp2rDbwj2WAY6ci"",""recIcH8Q9JMVfQglf"",""recSQWPXrhPWXzxAt"",""reczrS7UlzABS7lXq"",""recg4MujYfUwxwTAE"",""rec0toyPx9achffXl"",""recWnEvzuG97LP2dX"",""recG7ZESHapLjzCLG"",""recR3W8k6i3qacHOC"",""recYehcVBRs1IYVFM"",""recAJVmuF07Cg84od""]",recV9UeEpcw6UDEM9,class_oog,"[""recAVN8QWh2A6nZOL"",""recAmZSREqpAqaQ5C"",""recZ5EwnPE36HTiXi"",""recHsSjq869gbpIbp"",""recoplw0C0H8tom54"",""recg59HBxOm9PG0aB""]",,,,,,,,,,,
recVgcYuvsyU3zc15,2,1,Lynn M. Reed,2,0,"[""recw36gcBqoExUts8"",""recVr4mlVg0qg99Mq""]","[""recaWvN0eKTl3rKul"",""recTI0WpyrK2n4Kj9""]",recVgcYuvsyU3zc15,class_oog,"[""recxDhjsFLj5GbY1X""]",,,,,,,,,,,
recVpkQDmdDLWOnf7,2,1,Elizabeth C. de Golian,2,0,"[""rec4s0Mzjefu6r5cl"",""recreUf0EnmZ0w8XW""]","[""recdonopJ0WtIypgP"",""recutOuRfDtmGYnr5""]",recVpkQDmdDLWOnf7,class_oog,"[""rec9QNDx2IegGtFnl""]",,,,,,,,,,,
recVsz59iVCmUI0Nu,12,6,Kyle Dewar,12,0,"[""recS2o8qfCeKsnW8n"",""recPOmhL9CtpGkz58"",""recRTaTNSsdMYwqIV"",""reclxV5tOMKvXUoeT"",""recYdWPZJPzjnH6Uf"",""rec3lPXo3qPlqr6jF"",""recyC7ydh4ywKEoD5"",""recM5N0CztIrnQiSg"",""recYUrf4jnJTSnrCY"",""recSAYgkGu3kkDPVg"",""reca2XVJh3iFLh3PL"",""recUK5VTFNxAlUG81""]","[""rec9eOiAQ8imcv9Oj"",""recSO5TNcUacuQlT1"",""recGdLYbzVtS8Q2ji"",""recY76HaZ6xNxQMVd"",""recsx8UsBHNLe7SDS"",""recPkDXCz5fooby5m"",""recKZtBqdXWSfdJP3"",""recp93phGinm0I9vG"",""recRpw1ZxUCf8j6jG"",""recLzsSI5ImoRFuuv"",""rec7BwCKMRQDMQgx2"",""rec4FOlB92FMkKz2z""]",recVsz59iVCmUI0Nu,class_oog,"[""recfmpHccsWBBEZ8A"",""recsnjYEp1bn5r3eT"",""recW5c6UYARQVomg8"",""recCzkqiwznIfOd3g"",""rec2wAS2YrbXNmcut"",""reciwzeQGkjyILquI""]",,,,,,,,,,,
recWQdJafSZQqtOiB,4,1,Bobby Boulger,4,0,"[""recxIlsrbOjPhhb8a"",""recuGRN6MHnNAfPkm"",""recdCFjm5K74Cf8ym"",""rec6X8TFkV3MzY8Lj""]","[""recmwSV8aoUmWPYJS"",""recpGXFL5Gw43iH4m"",""recUxyV5yb4LFF1EB"",""recCnnePf7K82RFVC""]",recWQdJafSZQqtOiB,class_oog,"[""rec9bvr48FkMESsHg""]",,,,,,,,,,,
recWb8kIRsV2w5Zj9,9,9,Lauren Schweppe,10,0,"[""recRf3B5ZIsl6PIJq"",""recaCQLlEZ79nr9GJ"",""recWIVRXmWfip508y"",""recxlzq3barOz46px"",""recNpF44tpAAjobk2"",""recmvtgGUKhHjJxWQ"",""recEb1fI9vpKW8r0V"",""recnFYzfVfD7OLV4O"",""recSIVm9mzXtZVo8Z"",""recxd404BsvEXl1mE""]","[""reczpLVAZwd889uGM"",""rec7X3x2xYM9fNfws"",""recpi1e8PjnPt3ijH"",""recuO3aIl1Zy8yISR"",""recqrDljxlnEyCaVN"",""rec50A1e6NvveXW9q"",""reccfnhd9Nq3KBBkl"",""recKz5mZ1p6WVaQrA"",""recL8Xw3EnQGVbX13""]",recWb8kIRsV2w5Zj9,class_oog,"[""recbEm8GGmws15KlY"",""recNxwU3qLAqtCJos"",""rec2fj8BKdynfDg3D"",""recB4QCufSOyEq6bx"",""recFK6T5ZILUn6E1g"",""rec19k29zjaRFLbaR"",""reclqAXTrl6kfnVrM"",""recdXJtDodXupFQgk"",""recyG2L0F5ju9AGky""]",,,,,,,,,,,
recWddmd29X3mTMwN,4,4,Maisie Wagner,3,0,"[""recJ4kIXPcFhtNdIq"",""recsvVtTz77nUkYlf"",""rec4pW9bO9QBqQEPq""]","[""rec07FCmE0osOA0Z0"",""recntoeUdfpjKN1pJ"",""recEffmo1q5bLQKId"",""recebQmUQ4MWj8thS""]",recWddmd29X3mTMwN,class_oog,"[""rectCb1wW269hD03a"",""recOa9hAA7Il6GJF2"",""recyCRNKIwxuHWSZm"",""rec2R7jOxeWvL99ey""]",,,,,,,,,,,
recWm4nXbUtPYpLCL,6,4,Juan E. Hidalgo,6,0,"[""rec1WNWyNkZHM2djN"",""recvc1quYVdy4FRr4"",""reck168DhM2xEDlCA"",""rec3jIZ1ZztAMABaX"",""rect9cXUJgK0Ixi8C"",""rec6ysiq6YPYZB8xn""]","[""recuxxtlQ8FlkNjqC"",""recIILOTkzdwkPqea"",""recAEIaYalYre2llI"",""recUqU7pPcDCKpVrj"",""reccmBs7OIEJDnVJB"",""rec7azKaPKmD2cx7o""]",recWm4nXbUtPYpLCL,class_oog,"[""recT9NpDNfSMhikLG"",""recyQ8PVWq12G0typ"",""recm5bS9waZAZiTYu"",""rec4PcNx1EROlGAmm""]",,,,,,,,,,,
recWoImYqrWG0E1xh,6,3,Jared P. Petersen,6,0,"[""recftVsxvhU3pxhGz"",""rectiy9k81CaMREHj"",""recN0PqdmUUsEJakp"",""recbYy7ntd9niyPq6"",""rec3bI2YMOnhZQEQb"",""recB0LPWzuHFktnZa""]","[""recpQj5KPgaEWjxEa"",""rec0v0WJGnoB5pLrQ"",""reczhMBQy68g02ImT"",""recHX5P9TK4TYXgVf"",""recCB9HyG6Q3UySnn"",""rec6QjeebNQzoD5RS""]",recWoImYqrWG0E1xh,class_oog,"[""recYAMMYSikFNZf1a"",""recfeMZuv1V7kRVao"",""rec61N7IuP6cXdLkH""]",,,,,,,,,,,
recWymhFUK9NTB49o,4,2,Katey Grau,5,0,"[""reczBEt2gEuEl5L3m"",""rectvnMKMZPUabxbK"",""reczZkZRSnTcHpeqf"",""recXMgU3zzkFu9BYa"",""recIjsc1DHNHnR7TG""]","[""recmfTI0Mzxvlh9zu"",""recrU2ek0zMbrnuce"",""recVhSxn2uPUOlIcp"",""recmjA8gjfJK5IuQR""]",recWymhFUK9NTB49o,class_oog,"[""recXpyTqK11X414vG"",""recuLEaHKZQRPR6B6""]",,,,,,,,,,,
recXKfhF5qV7KjRHI,2,2,George J. Bessette,2,0,"[""recBeIt2QJKxKBR0i"",""recz4RiSOxALkokRS""]","[""recw15cQ3GOGZLo0a"",""recXz6aFV8UtHxxo5""]",recXKfhF5qV7KjRHI,class_oog,"[""recwXqtaxLJy9JnT1"",""recEJipuTn6MGygSi""]",,,,,,,,,,,
recXPKDGyJI2y5uSY,1,1,Jacob Fletcher,1,0,"[""recTLCrfSjDjMGHda""]","[""recWktbRAlMADqRYM""]",recXPKDGyJI2y5uSY,class_oog,"[""recUMVpOTXnrfo6VI""]",,,,,,,,,,,
recXVR08ixMVy2UwY,1,1,Emily Plante,1,0,"[""recX6BoezsTX78euf""]","[""recjfkDHSe8wbBSCq""]",recXVR08ixMVy2UwY,class_oog,"[""recyJaFvQ2RYfJpTw""]",,,,,,,,,,,
recXocXm551bESpPa,8,7,Dawn Hersey,8,0,"[""rec0sJ3zC0hY0vDtR"",""recn8gYamWYp8ozlT"",""recoS14KkrnhCVPtY"",""recCxBXhiqmeolR7k"",""recXcU7TWrbVPmrvG"",""recHwsdhFA15JNAKv"",""recOgikWXyQGpeOs3"",""recpaaXDYDSgW6K5R""]","[""recOfLdHsiYbcIuT8"",""recIypiFssfzPh7qm"",""rectPDx3d1SOQkKUB"",""recwtt6JgdgBaJB4b"",""rec4HtfJmwxwrcJYO"",""recj616ffiWAOHEUy"",""recKmuCb4PkIDdbvP"",""recjP93mSGRLQnDjS""]",recXocXm551bESpPa,class_oog,"[""recJA1B7ysTElfU5j"",""recKRoIduTxw8DsFS"",""recyeNVotnVgNhjjo"",""recnaYU8vPhsPNIdN"",""recqbxVBgZQBatkFP"",""recWfvZLKxCuHjeU8"",""recFF5ezULmsdkBPt""]",,,,,,,,,,,
recXxIrcwPWBKHaoC,3,1,Clark Montgomery,3,0,"[""receNGgJSb6mqPb61"",""recHRYBwO3bICm8zy"",""recEAtZEa8uNj2U9E""]","[""recKahgfXa7xbeZ1t"",""recOj7oe5IWRqLGu4"",""recSOPFK4Hu983pbP""]",recXxIrcwPWBKHaoC,class_oog,"[""recsqboni2em23Dth""]",,,,,,,,,,,
recXyfjbTanYPcKpl,1,2,Cristobal Castro,1,0,"[""recKlZ3FPc3vEr5AR""]","[""recr98HPDjgIiZDSE""]",recXyfjbTanYPcKpl,class_oog,"[""recnWmZ9TpWY6ilZ6"",""recagRAhtEb8H7veW""]",,,,,,,,,,,
recY4IG5M0Ub1eRP6,4,2,Meghan Green,4,0,"[""rec7wlOHrfCBS7FPW"",""rec84BFw2lO0RAtgl"",""recS5xAw61CzSznVk"",""recOaoxVxEUEpUogh""]","[""recapiXQPWvNxuZL6"",""recVOGkNENJbP9Xxb"",""rechSSLCfmY0qzoCf"",""recfTISFDwyJLZnkA""]",recY4IG5M0Ub1eRP6,class_oog,"[""reczXM3prGmBnwRWV"",""rec1AU4meQ1ffufH5""]",,,,,,,,,,,
recYF9eSOEpYZn4Ko,4,4,Kacey Conway,4,0,"[""recFPiXW19r8Sahoe"",""recLeGBqAs55jNXEC"",""recjykw949MhxYIBp"",""rec2p6xS8sgo9c9mo""]","[""recg3iVOGhe4SnUe2"",""recDeEoTJnJUvD3nI"",""recvUVUzrTnEs4ih3"",""rec2oJQmqDACrFDkO""]",recYF9eSOEpYZn4Ko,class_oog,"[""recBW5fiD0x2A09pZ"",""rec3VweD3zhl5o4DM"",""recjcj45sBhpQrs0F"",""rec2dwRqXzc72yGn6""]",,,,,,,,,,,
recYHLnLkBMV7NSqx,0,1,Kaleigh Holroyd,1,0,"[""recqYnDZ1ONuBv3OS""]",,recYHLnLkBMV7NSqx,class_oog,"[""recrkiIsEe2KF5z4b""]",,,,,,,,,,,
recYSQRJjZGVMtbrM,2,2,Josh Dolan,2,0,"[""rec9AP3HlVMforLnk"",""rechLMm2PvpZsf9T9""]","[""recOQJY6MEQg7VRgJ"",""reczdDwH5997TPKaH""]",recYSQRJjZGVMtbrM,class_oog,"[""recPMAhk7mQkCWVJk"",""recDvQhcGTW6G54Jc""]",,,,,,,,,,,
recYYSG3rW61gLanZ,2,3,Heather Froehlich Cortell,2,0,"[""recmnv8k5XqrqvKba"",""recHgVNnMbV0sNKWs""]","[""recuEGBoV7kKfnAh0"",""recdeUfxo0vGgm3Pm""]",recYYSG3rW61gLanZ,class_oog,"[""recesupg2Pf1wqO3M"",""recM7ioOHefDmEAqq"",""recyZ1h5oigC6Gysp""]",,,,,,,,,,,
recYw9kALEWzAkVln,2,2,Elizabeth D. Blaisdell,2,0,"[""recoSeBCWODotdNL5"",""reccptd0LAteUiUok""]","[""recOlVHFYzhGze1e4"",""recgwJ6UxbDX2QWZ1""]",recYw9kALEWzAkVln,class_oog,"[""recGiSFKDWTwdJoPF"",""recuXMRmQaiViYiGM""]",,,,,,,,,,,
recZ3kmzycB7xwLfv,2,1,Danielle Platt,2,0,"[""rectXMsn4mDd9e0d5"",""recq8vnN5j0kLEtlM""]","[""recdWBkutEkpHaYZ3"",""rec8dMmNDSdG203Mw""]",recZ3kmzycB7xwLfv,class_oog,"[""recsfAA9iVQUzRFfI""]",,,,,,,,,,,
recZ41cgnoPOR4VSU,4,2,Fabian Herrera,3,0,"[""rec3IpfVmw7aDlk3r"",""rec5oHRuo9LmxwmDS"",""recXGZIT30Naios89""]","[""rec8LsoJURKHZ44D2"",""recXEXzWgxgc1AjBl"",""recip4oonp4VDC2B0"",""recz3QUJ7HdroTZPU""]",recZ41cgnoPOR4VSU,class_oog,"[""recEbKJxQ8cADfblu"",""recWvS6hQL8R9Smz1""]",,,,,,,,,,,
recZ63wDzSxekmuT7,2,1,Stephanie King,2,0,"[""recWGeYRurpHN6Pte"",""rec6t3JY3PYLXefAE""]","[""recLWMPYe8N5YKlMb"",""recMNRHUI8kmJGhnW""]",recZ63wDzSxekmuT7,class_oog,"[""recgkygxy7DBOBH3M""]",,,,,,,,,,,
recZAL84Ujr0QX9cW,1,1,Gaston Escamez,1,0,"[""recEKjMLxbot8wxp8""]","[""reca6JPxYZPlxbSyK""]",recZAL84Ujr0QX9cW,class_oog,"[""recQegkSIOiKIORwi""]",,,,,,,,,,,
recb5ZCQtoQItOePu,1,1,Jordan Melfi,1,0,"[""recXPXJnkJBhrX11M""]","[""recUn4v7SAM0cx5OA""]",recb5ZCQtoQItOePu,class_oog,"[""recZ1bCRiNAzUqRKJ""]",,,,,,,,,,,
recbDjphoL8qMtSeW,14,8,Megan Wexler,14,0,"[""rec0ITU8wH9wPEfS6"",""recOVsCMtqbRa2dvA"",""recQrwLGs9KZmuISs"",""recLy0joj26tclrr2"",""recau6gwl9hDZb3oe"",""recD9SB1PECGSj1Yb"",""recKp9tNitqO9Eslf"",""recdSr39X3oOJZjOa"",""recPADxrKRR5LZEFV"",""recy5hDHL2y6FpWWh"",""reciepx4wxOC09KnY"",""reciEeSgJNDYwsk9v"",""recxDclpkHEVEN1k4"",""recVPnWO7QarhJfpu""]","[""recEqZqbeLMd1XiVB"",""recxiI7bR50kOkLz2"",""rece8QRDzcNymM2DX"",""recSreSDbd6p6RAsb"",""reczeoSZhFHkwI91y"",""recsKx81yXefHm2mi"",""recNgH57AAv2QuVR2"",""recb8kY0wI96J5yl3"",""rec3zr0DE8MzOsdpK"",""recQay4lUnB4pRhOZ"",""recSGdNaylECpMpNa"",""recnJs6w15cjgPtZy"",""recRPfRo59FcQb68k"",""recCwmz5hAOJ9DEol""]",recbDjphoL8qMtSeW,class_oog,"[""rec2gmXjnMZbtz4xW"",""recNZdF2y3UymF3hZ"",""recir0Emss79Ih2b9"",""rec7Ut45GWfXhOC1M"",""recFFcGmDfwcL61rx"",""recd1WEHiwAp0241z"",""reczfPsdP8FSWYkKZ"",""recjIl9wzfSQdxVf5""]",,,,,,,,,,,
recbHXO4TfreVzAVE,1,1,Alyssa Amberge,1,0,"[""rec8WmfMN2mlzEC3P""]","[""recKzDfntCx1MMtAY""]",recbHXO4TfreVzAVE,class_oog,"[""recsOmoDFyGYzdjTp""]",,,,,,,,,,,
recbqlRFLweeL4BNZ,1,1,Stefanie L. Collier,1,0,"[""recls6r9Pzr1y9Hiy""]","[""recusGpYIKh04LH18""]",recbqlRFLweeL4BNZ,class_oog,"[""recMU6VojE1ZcAXyd""]",,,,,,,,,,,
recc7BtlSMC456iwd,6,5,Robert Mendoza,7,0,"[""rect5JgaBN9a7OqIH"",""recdt9wD4XES6iQOA"",""reccCKcFj7yR73Nd9"",""recQQaDO3dcVfREOY"",""rec1WwYM8k4xOd9j3"",""recmCVxgUCTwD9Znb"",""recV8l7UbmAohDANr""]","[""rec8nbieTHlNYfAzC"",""rec1h9tikxncztApt"",""rec32qsqLuGDJ9aQ7"",""rec514OUjwldYovtn"",""recSpXIJ25DfqTbXv"",""recnbrWUy8MyJer3G""]",recc7BtlSMC456iwd,class_oog,"[""recvPk4behpKl5tTy"",""recB5Plz99xL18UVe"",""recisB6O1frXIGQpJ"",""recTDMo7hqCpuyKDo"",""recSwYgVxYeWHJAvI""]",,,,,,,,,,,
reccPpBL4rQYdBMJP,5,5,Alison Jones,5,0,"[""recLbks7O1PMaT47C"",""rectcXl4IsH5z4yo7"",""recUOPrPt8hqx9T2P"",""reczfZP6RVJ109fPM"",""rec0EAvO8EiKZz9wz""]","[""recg58xkAVuWMvUpw"",""rec2C8xe0wSoPWTi8"",""recmPbUNYeendKqzd"",""recpFHkXxPMFq5Tpp"",""recp9HI8GRrjfLTJU""]",reccPpBL4rQYdBMJP,class_oog,"[""rec0lADouwqghMAAd"",""reclWXLaY1toeG4F0"",""recukBaoFzRGru2uh"",""reckUXCBVWgpOAhP8"",""recMy5T1t0dArdrEM""]",,,,,,,,,,,
reccRPUdMRZMCiJuf,8,6,Benjamin J. Meredith,8,0,"[""recpwBbv1DK6OHP6I"",""recLFC3oXN6C15kPh"",""recsB7WBTOhoiZ7Fm"",""recznBPlUOh3ieweT"",""rec6PWBeeW8h4Exaz"",""recpJzyZSVuBaeQob"",""receQSLUSbhC7tCeD"",""recjFOM7ncwsETAOi""]","[""recd2i8o2VFvqHaXj"",""reccII7BFSPqJETYJ"",""rec08Bcdiirsd0shr"",""recyQRsugfqFd7Hlq"",""recgkh1Xq8PkiNLhc"",""recvMGPH0clJ6e919"",""rec4g5rjcJW2YzDAg"",""recTnAc0xDieqSDlZ""]",reccRPUdMRZMCiJuf,class_oog,"[""rechzGJ6nB5ZniPYe"",""reclZp0eQIJMvkdeG"",""recgdnXFKviBsM1pd"",""recSx6zrBtxT7i8gh"",""rectxPJhIjLqzZXeE"",""rec4bGHnc6K7y1cJw""]",,,,,,,,,,,
reccVab1jS62QQ5la,9,7,Juan Benítez,9,0,"[""recCCyLwjd5I1kA86"",""recYi8600g3Kjc1Sq"",""recqd51to40fpLity"",""recGLtX4301LzejXu"",""recdWSYqlNgH2vMhL"",""recAkwy9NCpBgDMK8"",""recXJdhBfCSjXKcrL"",""reci170NmUmzXtOw3"",""recpebMoudJDC60fQ""]","[""recNMq45IIW6vAlQY"",""recMhBycg7yN8Y4g2"",""recGFiJ6cMzhPin8q"",""rec1VD4ZNQ8xxCGWk"",""recNHVkQ5KFrWoE3n"",""recHCgUvTLCR9Vd64"",""recLjMKKG4rDvPOy3"",""reczwdDElfctF7Vz4"",""recVtBbwobTXncVAO""]",reccVab1jS62QQ5la,class_oog,"[""rec1SXsCfn8ggGYct"",""recmbNX4piYJQ41A7"",""reck7CWVqseCHyMVg"",""rectP0g6k2KgWDlqi"",""recPssTPHylHZbouQ"",""reccdMY4DqXa2MtUK"",""recPFqrG7eCkbV1oV""]",,,,,,,,,,,
recclCEkrFrjDDv36,5,1,Captain Brian Cournane,3,0,"[""recpufs1guD9CqDb5"",""recGM6SqPGsYdfkoo"",""recsKkiNg0lfLi4MY""]","[""recvKAArSusorh5to"",""recQCUi9gMth3vZD2"",""recO6KU4WirqGei7w"",""rec0nIlVrJ81KpK5w"",""recCujvGOmv06gqb6""]",recclCEkrFrjDDv36,class_oog,"[""rec9bdGQgGu9zWiEQ""]",,,,,,,,,,,
reccnhZlVCHJXjTVi,1,1,Taryn M. Adamy,1,0,"[""recLwMDICqwy0PnEc""]","[""recQefzWA7zkHVhfY""]",reccnhZlVCHJXjTVi,class_oog,"[""recIiT6acuIgcj2Mm""]",,,,,,,,,,,
reccxT6yO7DM4d3NC,1,1,Alyssa Pascucci,1,0,"[""recgY8x8fIs7Ea8SX""]","[""reccigib2ijRnWs41""]",reccxT6yO7DM4d3NC,class_oog,"[""reccSzGDIKf9DLzAW""]",,,,,,,,,,,
recdHGo38u6gzbP2H,2,2,Taylor Manning,2,0,"[""recetc9kQtuflj67j"",""recn9DHhf2ZgrfQgn""]","[""rectwreYfKfGgUoW4"",""recVWFdI1DsDCkv3m""]",recdHGo38u6gzbP2H,class_oog,"[""recmkwpSa6JYJNHCD"",""recBiXeZ9sjJZpkqE""]",,,,,,,,,,,
recdxilKHsN0qZ3Fz,2,2,Stacey L. Reser,2,0,"[""recIyWc3lqqBppYPg"",""recbSG4mvquviY4nI""]","[""rec8sI9fvIMgzRWtl"",""reczsqCOVjh23cwUk""]",recdxilKHsN0qZ3Fz,class_oog,"[""recEJlwUSbNSsfpy2"",""recqv4i5FTWrNGQSF""]",,,,,,,,,,,
rece9iPIoEEaCPIqS,4,1,Hanna R. Egan,4,0,"[""rec5ylEAIYsVImCwb"",""recom6eZn2mde86xe"",""recZc4laV3ccmGSAv"",""rec27B4lL3oVLYvYG""]","[""reczUfsjadnxdNGOl"",""recXng0ma9MdJcCCB"",""receotXwf9JfD39Gm"",""recSISgiC5t0suxEY""]",rece9iPIoEEaCPIqS,class_oog,"[""recaKiCcAz57uZZru""]",,,,,,,,,,,
receCZCsNdOQDE9z9,6,5,Camille Maynard,8,0,"[""recU6yQCMREs5VEOC"",""recqWCoF0qPZMo7Cq"",""recmAyvq0naXRkh8r"",""recKzDZNnajztetMV"",""rec0q9AnNY7TdrcJG"",""reccxXRvlvcw4ztyx"",""recnwz2FRRohIztxK"",""rec0ViGBFOoUgCE9l""]","[""recJfg4wJMkdEpx9m"",""recEDxqpF2gZV7nU1"",""rec9g3cCnYaJqzg5B"",""rec9frvWzFMf9c8Kj"",""recEGqQL7rG7xysMK"",""recmlfR0dYooBb4oc""]",receCZCsNdOQDE9z9,class_oog,"[""recYuW2sDtfJ70Oph"",""rec1mLXyML08iCPpy"",""rectJZmU38sTYCk2K"",""recPQsoqkap3XkAa0"",""rec4dczTNgJ0tnKTw""]",,,,,,,,,,,
receaA0lDaK9CffNz,1,1,Daniel Michan,1,0,"[""recg41TYGjWFbfHel""]","[""reckKVHNZ1Ip1GNg7""]",receaA0lDaK9CffNz,class_oog,"[""recusKsOvT8TWWQd6""]",,,,,,,,,,,
recel7Tui1CFiT95R,8,6,August Torsilieri,8,0,"[""recGW1k76PpCNztdS"",""rectHBnH1Nu3Ww60X"",""rec05nOvYeZKRmjJD"",""recjDiaacloQEn7xH"",""reczGNyixcrHeEGRz"",""recgceKiO39pf6cFr"",""rec1kBWgR4afctQ7V"",""recAlAuF50JlUkb8B""]","[""recTUSzO5pmuIHeoZ"",""recINCGddD6yZMriD"",""recsPY5EGJuNn2oFw"",""rec3W1m1CRMqKtOku"",""recbbC4cEx63PP1dA"",""recourNzdMD1KelT0"",""rec1RAmQjCfnJ2wyW"",""recSza5wPNL92sOLn""]",recel7Tui1CFiT95R,class_oog,"[""recYfk01EegWuH04x"",""recrvwnO1g9OSNswQ"",""rec0kl9lhDCTw4bxG"",""recyZIUbNSKQsUStt"",""reclzewcZLj2VWKNz"",""recjObU6v016KjDEF""]",,,,,,,,,,,
recfAVsjydccXTqve,1,0,Hector Florentino,1,0,"[""recRENV43srEl09Ur""]","[""recec81GNG4x3ieVX""]",recfAVsjydccXTqve,class_oog,,,,,,,,,,,,
recfC6qStEmrNdY3c,3,3,Megan Gardiner,3,0,"[""recDtVYDKNlqH6xXc"",""recJZ3UqYKN7EYxcf"",""rec5dxymjnNRDuYyU""]","[""recbcJelLtShLACB0"",""rec3DpKWemv7a6IRn"",""recpe5ZBLVRS3S138""]",recfC6qStEmrNdY3c,class_oog,"[""recLDDDVjl8UWm6VT"",""recduOMJhv4KgHjFF"",""rece7037Ou7CmZJQD""]",,,,,,,,,,,
recfKINr0VpNjmEXZ,1,1,Michael Connors,1,0,"[""recFuTfmuOFVJaTP8""]","[""recjToWEyadTYGYMe""]",recfKINr0VpNjmEXZ,class_oog,"[""recFm96WBLydmOKPb""]",,,,,,,,,,,
recfWYHJT3O9VG1TG,6,3,Thea N. Stinnett,6,0,"[""recIZlyHRKEz5lTku"",""recIBWWm8xC3UjODO"",""recochZJJAeI8sJWl"",""recsjrUyPEAthWrtc"",""recB982E0TELXjaLf"",""recWiHSj6xkgVGl1t""]","[""rechJ2xCxkNKhhG4e"",""reckxC9woEmMfLJsu"",""rec1eLaySOTVGfZvf"",""recEZqAaLXIqWFEM1"",""recN0sT2reQTFi1Da"",""rec54726T3NJ6SoIz""]",recfWYHJT3O9VG1TG,class_oog,"[""recYJZyUDcjmGTPUE"",""recxHoEIFUSL0yeKt"",""recNirM4RHUlZhnbx""]",,,,,,,,,,,
recg0VzaMYRIuLt14,2,1,Luis Pedro Biraben,2,0,"[""rec7d5cNC1VojG6xW"",""reczmfcr4bD0aJjdS""]","[""recpi7FbJ0BNBPikZ"",""recgug85X8x8t1niL""]",recg0VzaMYRIuLt14,class_oog,"[""rec4L2uVzDCpQ4NGk""]",,,,,,,,,,,
recgDRmlgICPwHaba,4,2,Caroline Willard Briles,3,0,"[""recMIT3uYfio9vRzJ"",""recuCPJ2Zgcp5QVZK"",""rec9JED7qNw5K1k1x""]","[""recCsSwjsbcad6kVC"",""recGNgC61nUbQ8dS7"",""recKixOH4Ep6JOkPO"",""reckOnxVceHZPnCPX""]",recgDRmlgICPwHaba,class_oog,"[""recC3p9Pnylt1n6Wr"",""recS6NEHW8df5rwkS""]",,,,,,,,,,,
recgLDs1PX5pujyno,9,8,Mario Garcia,9,0,"[""recFtsOdf7D6kAYAo"",""rec8WP23Cu2mqFUBh"",""recPQL6azSpEEvNcS"",""recKsKbcYKcRdmK7X"",""recfj715eByJAtDSL"",""recG058pTpfNNSn8z"",""recMLDHtQ10Ghfjmx"",""recXgFBKZ5FRbXDxP"",""recYPkFgga1tlZ3bX""]","[""recqIQOo8hyHnd5d2"",""recv79kftJHQbcGbx"",""recNSqR2GLBH1gzvl"",""recQBQoJ1XqG7D9zR"",""recDg97u6E8ueRkPR"",""rechTDwvrnTzsDx7H"",""rec20ehq3ynW6QPW7"",""rece95JcAhAVDDtRR"",""rec07T9tJS4DHWlU0""]",recgLDs1PX5pujyno,class_oog,"[""recYydYY39G3BcGLd"",""recPq12kGtlUnKNeW"",""rec4QObpXAEMzGjYz"",""recQ8qRBqfZBiXcsy"",""recH6p1VUgxnUtntJ"",""reczNxdkVce2RRYW0"",""recweHlv4BRsQoksS"",""recrRxrDU3Bbz5Yce""]",,,,,,,,,,,
recgYbnUCVZoIzP1M,1,1,Joshua Tabor,1,0,"[""recSCaY6fBH1el1aw""]","[""recIM5iX7O0l4QqCT""]",recgYbnUCVZoIzP1M,class_oog,"[""recZzmxP8vC1h4Ixu""]",,,,,,,,,,,
rech8z7SrtfRDMN0j,1,1,Lindsay Standley,1,0,"[""recZPZsGiWaZHsyx4""]","[""recn03qKoP5fKW5eC""]",rech8z7SrtfRDMN0j,class_oog,"[""recjgIY4F0kPfUp55""]",,,,,,,,,,,
rechIeLAeG0AY6zFc,12,4,Bibby F. Hill,12,0,"[""recAotPYSEsSn12HE"",""recoAziURff9yumKS"",""rec6IEDCH2CEsI0mA"",""rec8Goer4IVkOC4h7"",""recDOtGY0befnMTnN"",""recS5m1EQSvZEcJES"",""recgRTKNIpPqpcBoZ"",""recV5qdKDuRxh7JQt"",""recaddMCpQ7UtcHRL"",""recmym5IiKEcJCwNe"",""rec6WumYeeHe2GHQM"",""recVZIGDe0ghJemqC""]","[""recvGTmncdJsfGqa8"",""recTBFm0ySysqGw0a"",""recY1yX8JfuDCrmCx"",""recNfHPg3nWeEtmZe"",""recWv5cRARoLwBg6g"",""recxqkpsWuxGHmTs3"",""recqVh52mOV5zCfP5"",""recv8nlDjgvbvp6ZJ"",""recMR6m9Bk1EksRAk"",""recWHpJIOYcFDetXH"",""rechWFudM5B9xmSx2"",""rec4xJM8MrD8yzusL""]",rechIeLAeG0AY6zFc,class_oog,"[""recjlTvTCF5JyyZhz"",""recX08ZCdFPtFNJCN"",""rectmEwV3h7WWAyp8"",""rec29Ue0IrWbswtu3""]",,,,,,,,,,,
rechMdfBTsAkaoR7P,2,1,Ashlynn Meuchel,2,0,"[""recitOnBOrhTNMjQI"",""recWoOXah38HJ4RR0""]","[""recm9pFshfHGazS1c"",""recDzMHWC9M9N2YQB""]",rechMdfBTsAkaoR7P,class_oog,"[""recCnv14vIoaimxWs""]",,,,,,,,,,,
rechQszLeuxBMYqll,3,1,Sven Frei,3,0,"[""recVpyyWeXZVriozh"",""recanS0gIFgb7M0um"",""recWtGteWsVUzHxj4""]","[""recdqd8c1RiqEIyWS"",""rec2baIfOEJG63TMM"",""recjPe7jVWzibc1lp""]",rechQszLeuxBMYqll,class_oog,"[""recUFm6Wapo7Qrf6n""]",,,,,,,,,,,
rechciBzZWtqtHHZq,1,0,Ciaran Flynn,1,0,"[""recPyvX2CZdQN23Ow""]","[""recs7PhIVX66MFcNR""]",rechciBzZWtqtHHZq,class_oog,,,,,,,,,,,,
rechnMyqDMI94XcqU,2,3,Jennifer Strickland,2,0,"[""rec4nUa5OPixUm7uS"",""reciOoxxjbSENoZqK""]","[""rec5zBhR4G8UOqWRu"",""recYJFZqSSjmkiNKU""]",rechnMyqDMI94XcqU,class_oog,"[""recL4pj1n339zhgHs"",""rec4lA1dG8qgtDZwW"",""recttOL5rZHf8hkjV""]",,,,,,,,,,,
reci3OiwSw0ssqcKI,2,2,Terry Gonzalez,2,0,"[""recXwUShty8CPvH8R"",""recDd5py01cZ4e59W""]","[""recjGNQ3XOeNkwqQn"",""recFWVWeiAyXXNZ1q""]",reci3OiwSw0ssqcKI,class_oog,"[""recPGJTiI6K3uYwx2"",""recpjb54dkhaQrJ0b""]",,,,,,,,,,,
reciFw1xeBgWRjqTt,3,2,Natalie Johnson Russell,3,0,"[""recPUXz9OXL5sXEi5"",""recmf6z2silxZhrcG"",""recYWclp9VCMWAQkt""]","[""recdOBrLHAVTVoaxj"",""recjAxZRuXSki6nRO"",""rec3d5aE12ySM19YR""]",reciFw1xeBgWRjqTt,class_oog,"[""recC1iPVmbpbSBj7x"",""rec2hEDYAViWnSl7c""]",,,,,,,,,,,
reciLuEt5I93MQMy9,1,1,Brock Clermont,1,0,"[""rechffBJYd5uBU95f""]","[""receIqLsngoO1MZ2g""]",reciLuEt5I93MQMy9,class_oog,"[""rececJFgkUViuuW0F""]",,,,,"[""recp8mhhByAQ18ypl""]",,,,,,
reciQqSfWbMiP5zxf,19,14,Juan M. Bolanos,20,0,"[""recwBrV6oveu4Br6E"",""recaGjhF16wLvFnTe"",""recvUoq0yPK0NiND5"",""rec6u2I3D3MMwwvpg"",""recjbIYwzhUnnaeHt"",""rec7c9RGVvgUKcK1S"",""recVVNfB9ljJk8D1E"",""recf0spNEdr6FSGha"",""recfmPoR4SW87P0Ni"",""recgWglFhSMUK66Pk"",""rectJ4Kl2U9bg4i6N"",""rec4vpSFQURa0PYoY"",""recZYvMb7PsuQ9hBI"",""rec6sdc0Zpp1zj6Gy"",""recFYAs9mJQnTitDs"",""recECNgADOjF7MXOO"",""recL9s2dmd5f6zb7Z"",""rec3bFZb1G5EJqSoY"",""rec6XtWBD3dPrI9xc"",""recJDA8C1LeKb7kWF""]","[""rectB3iiD9s1xf55m"",""recT9pmUhPadagTou"",""recmnSL3EzVstxiPe"",""recgEoMjHrZ4zO91e"",""recS99fXzDcO0MRWs"",""recn8aUhLr2zY5e2X"",""recPiy0rzjsL2Rsre"",""recHRio76gkDwcBrS"",""recHdfTDJcesQMSdN"",""recp6b51kUAbyMUJm"",""recIhMfEjFOm4OBbI"",""recefpyK3hQv6P795"",""rec1K7ICEFCibF2DT"",""recIMKGigHqeqWAOa"",""rectXRpiS4Dy2lUlR"",""recTiJDnV6SBB5Zej"",""recXQEcjWOL1CE99r"",""recRUZRcJvzoor1Iu"",""recuPBx5yKoynvNJL""]",reciQqSfWbMiP5zxf,class_oog,"[""recvZYIJFRTfwCpkw"",""receh6wzaOvbbOtxr"",""reckMRVODtVnrCtbb"",""recFJdeuDkXro5LmG"",""recr07kSQUFbPxfgq"",""recflgCvkeR6BJO47"",""recAe7S3iuE2LSdMM"",""recMzk8ShOgT6gTZr"",""recgr1j4YRVMWvW1P"",""reczaezaIlujYbict"",""recXjKxdNF0lGEVIK"",""recVyFnsCEnBxwmHx"",""recXJhirTRueJMKgU"",""recfR9BJNbGmRzfY2""]",,,,,,,,,,,
reciZDolH9q1XcQGD,2,1,Diego Bedoya,2,0,"[""rec1hASjfzRNVLHW4"",""rec8NOjTkFoEPrO0Z""]","[""recdMawPmNGGlbYJu"",""recROXckIZdYxVSgq""]",reciZDolH9q1XcQGD,class_oog,"[""recDO1ZAzYfy82SNU""]",,,,,,,,,,,
recj1mtC1YuSuggTF,1,1,Cynthia D Mesker,1,0,"[""reclV7zcsVC6LyF4i""]","[""recmZqCDdrzOipU6k""]",recj1mtC1YuSuggTF,class_oog,"[""rec7QKqlsRrCcs4Rd""]",,,,,,,,,,,
recjGahspjyOKdkyr,1,1,Carly Tredinnick,1,0,"[""recirHuE46MLWzQc5""]","[""reccJGzhx3OasZ6fm""]",recjGahspjyOKdkyr,class_oog,"[""rec90AY2oQyQzzoUN""]",,,,,,,,,,,
recjYsJmAKVPUAG2i,6,4,Luciano Dome,6,0,"[""rec5O8osBWqMAVFnF"",""recvaFmeyxN8zUwyx"",""recGDKWcPo8Ro3vCx"",""rec911JSQBdvmEcZU"",""reccgbLiz8TcTL2zv"",""recDQEfPh2h3Q33rW""]","[""reck7KNxJVatu5qIK"",""recZf5JilxOykAhlL"",""rec88WmrE0gSWXFHr"",""recPT54BMP2hZ2LYD"",""reciEAJdtrYf6qWOe"",""recQGvjw92VWHTcTV""]",recjYsJmAKVPUAG2i,class_oog,"[""recjjPMDbFyKkl8lN"",""reckjg3dLSRWJr9kX"",""recmKdF508Few61hD"",""rec0G59EnQRnDao5X""]",,,,,,,,,,,
recjs9szuz6Ll0w50,1,1,Elizabeth Solomon,1,0,"[""rec0K4kCMgbTICRTE""]","[""recn1unfGymTEIZEv""]",recjs9szuz6Ll0w50,class_oog,"[""recvvZ2Rt9VyNxKue""]",,,,,,,,,,,
reckdATr2NvXwU0Ah,2,1,Davide Troncanetti,2,0,"[""recvSVmahnRVd2Vih"",""recHUf7ZSX6wndH6j""]","[""reczk6eyb3XMCx2VX"",""recXK4as2MW3qqBnf""]",reckdATr2NvXwU0Ah,class_oog,"[""recZvQD6Y4wJKPe7F""]",,,,,,,,,,,
reckwt4VtWr7R1D6A,2,1,Annalee Bennett,2,0,"[""recq2HxFToW1xmwCN"",""recqF2W534jS1xg10""]","[""receFg4UH7Fm3c82b"",""recfehbw8pxUeFhve""]",reckwt4VtWr7R1D6A,class_oog,"[""recEQTb1rKMDCNj7U""]",,,,,,,,,,,
reckydHWVV9YphkZt,3,2,H Dougl Schreiber,3,0,"[""recqoCHpOouHIL3L0"",""rec0nPoh2WUGFBey4"",""recD8jCi0q5mMW8MU""]","[""rect4ecy9WO592VH5"",""recmJGAQaVFIet5vD"",""recn6pSL8Dii9COa7""]",reckydHWVV9YphkZt,class_oog,"[""recenZm3fZa4dmtCi"",""recPFYBgAHsC0RKNr""]",,,,,,,,,,,
recl4930Uvn00qNs0,3,3,Andres A. Correa,3,0,"[""recZP6wgonkpwI9SZ"",""recRSfdJcMIkb0qi3"",""recLj4UDBywdJC7LQ""]","[""recZzqcKYNFbxV7Pp"",""reckWRVtlbUj1NWlr"",""recRzK78bR4xQ8ovU""]",recl4930Uvn00qNs0,class_oog,"[""recPg8rVHALW0MdJX"",""rechwnqfyZjTTKeIr"",""recM7mIEX7KrsLZpU""]",,,,,,,,,,,
reclHVeeKHQlhkXJF,3,2,Robert P. Stucky,3,0,"[""recscHPErwaxpSmXZ"",""recxnIYbYxrikzrhd"",""reczWdmIcfyHmfZR9""]","[""recIlgMW1ejpGgIE3"",""rec3bLIGAk2dqZnDe"",""recs4QUdI17DyVMJz""]",reclHVeeKHQlhkXJF,class_oog,"[""recps55oii224WXAJ"",""recprk8Tvo9TV0dFe""]",,,,,,,,,,,
reclcUH7P4ed068kk,1,1,Ved Sarma Sarkar,1,0,"[""recUXLzj4DdB3zEOA""]","[""recXp9EOzKv62kg0i""]",reclcUH7P4ed068kk,class_oog,"[""recIyU5MvYiv0F83D""]",,,,,,,,,,,
reclpyjsxImYb6Ul2,3,2,Brooke Eddy,3,0,"[""recEGszJmOp7bz0OB"",""recHA1XH3iVUvV58m"",""rectI6Ru9zyzGnrBA""]","[""recze8WNaAqnZyEhM"",""recQIGIc8cE2pgwWI"",""recZrqsPurBAf5Ep8""]",reclpyjsxImYb6Ul2,class_oog,"[""rec45xeSyRTpyJ2zV"",""recJuaov51EBccleb""]",,,,,,,,,,,
reclu4ZfxeCUoDgLA,25,14,Juan A. Rodriguez Silva,26,0,"[""recZ6iaaYpLDnhB5c"",""recjs9EM2uPYaUcmj"",""recIJocvEbI4bkFpd"",""recnyy0NO8f4ypyat"",""reca0IEMDAmS3AqYR"",""recgGHyIM6AGlx7iG"",""rec3ymJHjbSypFThl"",""recVImaiqCuKmMvlj"",""recjEvH2m9ExFKVtu"",""recmkdZlIpgn2WpHl"",""rect83LY8rhaPLnTE"",""recLj5EaBtHWkjsa2"",""reczFaiEy9Uvkjecl"",""recG7SKDs4mcP2CYx"",""receM8cfoXelxadIa"",""recFlyjedAVJDtOjI"",""recEA81YHES7j8aEP"",""rectXKZJ2uS9ebTXx"",""recXm58xwl7RlaWX5"",""recvLuCl2DAoUGBYI"",""rec0wH9QT0spAYWK9"",""recBOgKghLw1CwsWm"",""reco6BRjrhRfYu7XT"",""reczlO7zt5p3c8Oln"",""rechgSYQRQw5Od3P3"",""recacQg6LsfABw3mV""]","[""rec1zG5BsIopNkvgJ"",""recTayOSJm4BUxgZ6"",""rec4X25T8c5jnS9aX"",""recRwYDAB03ykBYId"",""recbLGzVtUzPM0ehq"",""rec3AjH1MdATg46Lv"",""recgMKpUgxDJ06pWU"",""recIXCj7zFo3EnV4p"",""recLtTlkSqGBDbkyM"",""recN5KhTvL1b6Wxp7"",""recEtrgSLDlku4M8H"",""recn8FQD4z3GHLeRo"",""recQadhnwp62oGhc1"",""reccwbe0M6JlsdOvR"",""recoKhtHWlDxbFv5x"",""rectDIaOKW17DJty7"",""recILcoLqiRnvt23v"",""rec04dA4WFyLCjXNw"",""recJQOMHixtKzkxGz"",""recL79rQFdXMiytEa"",""rechBh5Yev9JRyn1u"",""recDrDugMSrjj5r70"",""recAvz0vP9muqD2vt"",""recbgWWvdLtzPxRIW"",""recQBcW7clyHLcXmK""]",reclu4ZfxeCUoDgLA,class_oog,"[""rec6O8cJ48p1djCBY"",""recC09AfMrEyrk5ms"",""recPeGkEKhaTp6cBV"",""rechqgzesv0gfUZwq"",""recxq3x3oKp3xoKiz"",""recTzVdXN2lQX7IZJ"",""reco40AZFnYO1VXuv"",""rectQMRKMJcOriLlq"",""recIksBgzHgeXEK4H"",""recrVgVphGg6JJy1k"",""rechI5JK3oX8sujyd"",""recwg7qokrsfkrqNT"",""recuOmyiBbHhkiEJK"",""recvwXGNJIXVgfeMV""]",,,,,,,,,,,
recmCyrv5t0l7hgsj,2,2,Katlynn Butler,2,0,"[""recG8UFeNEruW0qAM"",""rece0DhytDlw4e0sY""]","[""rec26JITyiE4sJMw9"",""reclDGIaFrwuPh5vb""]",recmCyrv5t0l7hgsj,class_oog,"[""recPB7WI5VyV8QMB2"",""recoi16CYNCvdlZJc""]",,,,,,,,,,,
recmEHqV9uMzGpVKb,2,3,Grace Dreyer,3,0,"[""recwjpsn0lj3yhWoQ"",""recwfJbVkdkVWNO0q"",""recpGbXyxVCLub6qY""]","[""recrcGvEq9VjLfJM7"",""recf62hHvI2xUVoy2""]",recmEHqV9uMzGpVKb,class_oog,"[""recZTikiJFTplPVMn"",""recQQrPH3WjlKE04C"",""recjdOKFVTEQpA1oS""]",,,,,,,,,,,
recmTGLWfZLnyH6TK,26,13,Ben Taylor,26,0,"[""recfYTTjfDAsazjDL"",""recv8f1K44vlGb0o4"",""recBbNqLfR6bedO4Y"",""recgrjSgq0VNuLGpo"",""recBwBJO5n5suc2QO"",""recKE5MgJIcemJBBK"",""recLu7bJoBjTCyslm"",""recKSwzb931OSIE2J"",""recq5UnOR7mLoxI6I"",""reccdhmunQM3p5ySo"",""reckSqNZefX2hmsOE"",""recWt5nWBa2SufAvp"",""recMIFmIw1cNfOL2T"",""rec1L7nHKepoFIwZq"",""rechFSX16WCpjh38T"",""reclfJi9i9xlltKo7"",""recdHtx1XyoqmixV6"",""recFDWbTiblt4mAKN"",""recBpwtdQHxh4VA9A"",""recHAnzuqYB4BmFf2"",""recpHGtjY8NAqovDV"",""reczhHu0Z7mkdGUE6"",""rec011rtgc0xUyXAW"",""recuANGzKQsiYIjUk"",""recSi1JQHq46yEy28"",""recIEURZIRcudCDt1""]","[""recPO0LJIpCgiyGYx"",""recLvWuP2J8cSVcb4"",""recBrlPfyzwPNCO75"",""reckHWLHPNl8zsd7B"",""rec7Xhy1diC2mfn1j"",""recpb9eX1g9FU54id"",""recpxFnECH9oYoLgn"",""recG2OVyitHn9s0Ns"",""rec9GEPDxYugGa9EC"",""recWZYPesnF1w0ZOc"",""recvmrYoAgi0HWS1H"",""recxf2hJeyR0Pod4b"",""recyPlATW6FbyWfpY"",""rec79GI4KSUnzcxKK"",""recIzehtQuF1GS1Mz"",""recHyN19AKl4BWiCZ"",""recTBGxYqTMhlMCuV"",""recDwDMZvyoaSoh3B"",""reckOFVSzlsgIng3j"",""recv9pN07UPLwgUlv"",""recKf9uorI8nw0z5l"",""recYgMJVcEQNPuJOv"",""recbILz4rBUcKWHxq"",""recBybovGA3QF4KoF"",""reclE4ZtKbGovcIdP"",""recQtqCuhjUD3zjO6""]",recmTGLWfZLnyH6TK,class_oog,"[""rec4xmt1vJjON38j0"",""recR15trSJEmLl1BW"",""recnfQrsqInUBQK5e"",""reckyoekd19RylkMS"",""rec5PSI4vDRdbgcGL"",""rec4yo3C7hHrQlfdq"",""recsZWzfb3MPtdoRj"",""recCyC3z96ioVgKzW"",""recTCvI0mQz6rAjWg"",""rec1Mofs0ZZD7KgnX"",""recMVQ94M8BVWywgu"",""recUMvSAuUWgkBqLP"",""recQtl36CipbQcEZ6""]",,,,,,,,,,,
recmuuXibSUSiIg5P,2,3,Jenelle Branom,2,0,"[""recRtnQE55TEl4dH6"",""receKOZoWQrdEGWSG""]","[""recc0jIcjOJMEQbuG"",""recGS7VKuqwRHs47B""]",recmuuXibSUSiIg5P,class_oog,"[""recPhhmTvRfqCQMot"",""recYDYpVKNJFGCcQZ"",""recZKx0rOpn5ThLPf""]",,,,,,,,,,,
recnRRpu2nz5AuBj6,4,2,Derek Reed,4,0,"[""recISQW0vjBNoLsAe"",""recjE2Ei5cPmJgQdl"",""rece3GBJjxZECBTqa"",""recvuddhUtF9cqixv""]","[""reco3kmN6MpfNfLx2"",""recCK9Bbw2Ctvpst0"",""reczYObixJZURLE5N"",""recdvY5Bhns0iSO9A""]",recnRRpu2nz5AuBj6,class_oog,"[""recN6EWy3cICz9L58"",""recRqmqFiWa1SNEQF""]",,,,,,,,,,,
recnfUPcKk9Gyyfct,3,1,Tara G. Bostwick,3,0,"[""recjwykrLZTULfE44"",""recgMVCqjpDn8pGu6"",""recVCZXLZHYtVS0q9""]","[""recSu8KzOmYJDg4Em"",""rec5ppXd3Vi3V3PUp"",""recMl7T8npEco3A2D""]",recnfUPcKk9Gyyfct,class_oog,"[""recR2Qqw14ekrhhEb""]",,,,,,,,,,,
recngP9BiQZ2G5KZc,0,0,Victoria Sheehan,0,0,,,recngP9BiQZ2G5KZc,,,,,CWF,,,,true,,,,
recnudTKRRkJLGHpL,0,0,Julie Burton,3,8,"[""rectw3YThFpuojpG9"",""recJQdFdRukp72ULK"",""rec8a5Nw2ZxphnrpG""]",,recnudTKRRkJLGHpL,,,"[""recsQswCdFkfnchEm"",""recKpxMRBrBL2uenv"",""rec8VwXgYoRHybn5s"",""recfxOyMrwxtAroic"",""reccTihJ6NOK1MVXA"",""recsqZu4P0yQUnXqR"",""recZDJCFqj8ypokY0"",""recBxZ7m83N3Pv2Ub"",""rec6tq6zFuTFshe9s"",""rec81i9VwQRhaP9QK"",""rec0Wk2958HY3j2zj"",""rec3O1iRvCrA9S3BG"",""rec4jZPlf8thDxync"",""recRVY5pY1DdkINkK"",""recZsTK2SBqdklfUU"",""rechv9QcOxZ8ksPve"",""recg1RddR9gwXNspX"",""rec3KIgI7FExNLqPG"",""recnSo7doE40wx1bL"",""recp6Lmrjqd6hZTVy"",""recVvh0qSjPqhDQpk"",""recm1I3W7o7W6VSdi"",""recCwRhCFOKz4pKvE"",""recpzNVzFEauPhyML""]","[""recbUTVDamLWAHax1"",""rec6oWa9P7md0V67q"",""rece6ELpZpUWa8DpQ"",""recYCZjABGgi47DvT"",""recdMCMqJ1tX8924y"",""receHjBveagGPPZvk"",""recVrpjf8NDlCKl7A"",""recnsfgiWAOsyRSyR""]",CWF,"[""recze0ivEv99k0dPo"",""recM7ePRIiMfiBEK0"",""recuu2WurT7lgvQn6"",""recrxNLslVcWWGuDn"",""recq5DenL0vl8Snuf"",""rec0FHckogROfgaGy"",""recxrx33N0YVQ7Zsn"",""recNnon5usdLRmQWw""]","[""recOhXh1BRpcGXB72"",""reckCpNY12X54llwT"",""recfkgUjweIQTGsAz"",""recNQefctC2KeiLeG"",""rec9h1RBicCVj6jt0"",""recDFZBLJF9hBMW3H"",""rechqo3KsAyt5HrSq""]",,true,"[""recgV7bmSkuuuzSAT"",""reciTIqeKPVjhYIWc"",""reciC9tuLaiAWTKyW"",""rec9uUpIFeKbPGBlm"",""recXVvxtiSHNDA5MT"",""recCcKkMwW5AnnkqC"",""recYoq5c5daUmPpPV"",""recnqfTfHRVfHg3uc""]","[""recjKM5xaH3No2sqq"",""reclrOnF3xRTQmkot"",""reclInkp2cuCbriMJ"",""reccjzjTXBjuJ9bbT"",""rec0KarEAfg6x3FCq"",""recF1peXOjEThQUg9"",""rec1d5ZnnAJdgiZFs"",""recqfUNqZeuyBJDkJ""]",,"[""recOhXh1BRpcGXB72""]"
recnutMCbWmttrhyI,5,2,Samuel Parot,5,0,"[""rec2G9YifGvN4YYhL"",""recuzitVFFi8AmZ40"",""recvDtleM8vfk6OC1"",""recq4yel90gUTUD2H"",""recIfem3TXVWXAB2k""]","[""recdwOEYGZ8DxLTUJ"",""recRPs1ydxqIDjEOg"",""recyfyN4kujFVTi3w"",""recyKbRMCGmfGewAV"",""rech7sFSTS6x49XVc""]",recnutMCbWmttrhyI,class_oog,"[""recUXk1rCTBLl3j4S"",""rec8mAGBiGYk3HpkV""]",,,,,,,,,,,
recoD21rUN9Qq4pgV,4,1,Ashlee Bond,4,0,"[""rec2tqfAlAdTX4g55"",""recxVsVDTZtCpRdnr"",""rec8tPpuefo69dXlO"",""recQUFR6ixWCD6Q8i""]","[""recfZjErV6grXiOk4"",""recTYuCuVNfUvncak"",""recHFLwyRYGy4cKNa"",""recxhhLw5OQ6dQ3im""]",recoD21rUN9Qq4pgV,class_oog,"[""recW5RVnDW4GorcuS""]",,,,,,,,,,,
recoIakTck18pHikM,16,12,Antonio J. Martinez,16,0,"[""rec2uRDPVBpIkoO5a"",""recdHJrkbKoZcZoiN"",""recDqLWLTELHxRM9X"",""recW0Dlsb9syKs5ve"",""recEPT41M7QgVeNUp"",""recNaENSfxvG0UMVu"",""recy8VGxB6nnff0YY"",""rec0H5iFT348zvgKI"",""recCO6qdAsYAySo1B"",""rec70VEuoqNs0m1Cp"",""recNaJ0kqp1c9M0Ka"",""recs9DSv3Tk1IG7fM"",""rec7j8GzTIZj2s6FW"",""recTLjdvOgxqoPF2Z"",""recgMYtFOaWMvKptD"",""recT6XlOY4pkM6XAq""]","[""recVys8qg27M44Naf"",""recW3ACUzfPxwrYxR"",""recqqmboGHECUlJyn"",""recAqDdmBqy3B5hH6"",""recZHr1YLaKCu8owF"",""recKW4U4oeowAzAG0"",""recEYzAWJtKTMKxhT"",""recZEWnkjgpa4OQns"",""recEowePriWsC8ik3"",""reclZ66kVPSeBf8I8"",""recXhFNIq8ga5um2X"",""recLruOIbdzzznMUu"",""recFHbfpKiKSr9rgq"",""recRwcC3j4fTkRYts"",""recBPLymAty28jZIq"",""reclbFTgTXXRks9ji""]",recoIakTck18pHikM,class_oog,"[""rec0wQobR70eQk97e"",""recpd7J1VrCuAvmcO"",""rec9hDnDABk2Jn63Z"",""rec66M6JP65oUgxt7"",""recZVjIZbv3aB4HuP"",""rec8CvnauqvLMVUf0"",""recjL9YTEPKBmsA7A"",""reciFnFY2wXYdozii"",""rectqhcQlWXJdiaxl"",""recFZeUYjog2WhqRM"",""recip657fGkaQRua3"",""recLPd8U60MI5DjCy""]",,,,,,,,,,,
recoecRalvylo1ERb,2,1,Dennis Mitchell,2,0,"[""recBIM9PfT6bsg41D"",""rec4VDspCpJERBJl8""]","[""recARRtM6on1LSMRP"",""recF4cj2RXKDMSliP""]",recoecRalvylo1ERb,class_oog,"[""rec9wGvChkIEYr9ra""]",,,,,,,,,,,
recokYiwVzDqI2UFJ,1,1,Jessica Leto,1,0,"[""recMVkLjYDUFTElr1""]","[""reczrama7zARNJJrX""]",recokYiwVzDqI2UFJ,class_oog,"[""recEXA5KIi7zkcuMz""]",,,,,,,,,,,
recotkhuiB65Mp1KD,3,3,Pablo J. Barrios,3,0,"[""recniMggMH1HmsENM"",""recr27W5RANfUWlAm"",""recC1LlZr1GscmlPI""]","[""recXjp76LDifCcTvu"",""recYXTtfrpAJ3Nvvm"",""recC24kVXhDADHYQG""]",recotkhuiB65Mp1KD,class_oog,"[""recIfAJxdyRG9m1b3"",""recvDuOEe724R4dAX"",""recB24KD5cfFLAQLQ""]",,,,,,,,,,,
recp8AfepuIJngrGM,6,9,Debra L. Ward,6,0,"[""recsAV7EC1XCcjVLn"",""recA1M889R2eXkTtW"",""receljDYMCfnrvT9S"",""recjoyTU6vFi9Vio0"",""reccF3ty9Y02b2rfe"",""rec0hrpr20STHePIT""]","[""recZ969Ndb9cj3ytT"",""recStFvN12aPsOfGR"",""rec4iZ2svnApgdukR"",""recndAQc2jxNEagYU"",""recrIYf0Es1HnC62P"",""recrWqNtXGqR0SWHN""]",recp8AfepuIJngrGM,class_oog,"[""rec24xHDnlr7Kj1lY"",""recOh2Fao2Dj2qlPT"",""recFNH3dlWOMcE4BU"",""rec8GL7h1CWWbSviG"",""recfX9tkRPqafsgqM"",""recMaad2LIEbjro0b"",""recmwUUHA0wfJfA8y"",""rec0otuCDdzkSG3ar"",""rec1FJm9aRkMpJgMG""]",,,,,,,,,,,
recpHh1PShXkwhM2V,1,1,Leah Lang-Gluscic,1,0,"[""recZkCFReFrLUJo2s""]","[""recZjVJhvDeW8E4h6""]",recpHh1PShXkwhM2V,class_oog,"[""rec974lTBQb8pAelY""]",,,,,,,,,,,
recpwhIril531ls02,2,4,Kathryn Delaney,2,0,"[""recJVg3nk3gtSYaoh"",""recJhhRnyFYOTSoPm""]","[""rec1jsiwNJbaqTry3"",""recYt2bS3S9KPlmzG""]",recpwhIril531ls02,class_oog,"[""rec8mL4WnVntpQaTA"",""recLP6sOdNoKo8Xxd"",""rec2VxNAPxqPlbevF"",""recnpNZ5EJQ6vUwD4""]",,,,,,,,,,,
recq1xhVivniA66Lf,2,1,Luis Sabino Goncalves,2,0,"[""recGy4GdtMrhhnRS7"",""recbbAtpQTgBh68BZ""]","[""reczlljtaMXYqXbdn"",""recFjNjYx9SKPOSZJ""]",recq1xhVivniA66Lf,class_oog,"[""recK2pLt58HPpPYET""]",,,,,,,,,,,
recq5CHnS6h3E8w58,2,3,Kim E. Burnette,2,0,"[""recmByhMYQnxjwoVz"",""recnGB7QjIqhvsjpm""]","[""recxrdRq2KHam1QlL"",""recWzBOkxZD3KE8v5""]",recq5CHnS6h3E8w58,class_oog,"[""recqsQJCmH0zsgQee"",""recT4DmfdKkyGN2BH"",""recXL6ewYYdPAwYVU""]",,,,,,,,,,,
recqByBk0EpjI9rLn,11,8,Spencer Brittan,11,0,"[""recs3K0F4W1MSdq2m"",""recNm9iI4P34OMHyE"",""recEWH4u9If0ikM53"",""recYaOBKlKGhSpBzy"",""recvzeEenKar1B9iY"",""recKPV9B8S9SpfoSf"",""recufRVkrsknR48az"",""rec6MB2ywdYKcfb0T"",""recJyCrUlzOgSUcr5"",""recsMbuOUWCeE4DCV"",""reczPLJAzsLXLKSjW""]","[""recg1BskB6PGtMP8B"",""recc7xn13H6oiCRUV"",""recg11DzLD3aVrPCu"",""recoz0TdckJTC6our"",""recHb7nYCyxL0yEEM"",""recPiw2ep6uP6wRTx"",""recfOfSlCckrsYl0H"",""recyrvLrihL58fzZD"",""receBxobjvudw9YS9"",""receIq5ahZGPMIpTF"",""rec7pZYSTNNmPkyu6""]",recqByBk0EpjI9rLn,class_oog,"[""recLNTfb8hDjb4veq"",""recCGQAHzRxj61j7x"",""recHemA85CjCUdo0t"",""reccwHv3NHXUKADE0"",""recCSEBtoiH12jjkL"",""rec2xuBuBfqg5ZicM"",""recKMctgmVmyqxECd"",""rect52uOzyzLMjX4S""]",,,,,,,,,,,
recqHUJJahci2rF3E,2,1,Kimberly S. Maloomian,2,0,"[""rec6NgqkkCNTmrbDA"",""recw3ZOiSLcHgxMgs""]","[""recFtnmzhTDGlhFbC"",""rec53XSizG64Ut8fX""]",recqHUJJahci2rF3E,class_oog,"[""rec9fIR10f73qL1si""]",,,,,,,,,,,
recqI6AanH1zv5CGV,11,3,Jelmer Hoekstra,11,0,"[""rectztXZHmffjRRIU"",""rec68Y4BHkJgauJol"",""recTsQMsS5DlKluGd"",""recKwNe2RY4I0QT0f"",""recLierzXmARsRhOF"",""rec2x3QeQSxKezjPQ"",""recErv7pTR8z8H9yo"",""recRIudmPRp5zfskQ"",""recN3lMWufee0zhr2"",""recSuGiwpmYEjdjVJ"",""rectwJW7XizJzICCx""]","[""rec4ITFSuRzNz24pL"",""recehrzQUYcDtPpB9"",""rechWxMsoOezO0sNj"",""receQTRxo3VWVmZvb"",""recabD0Iks2s2NpGr"",""rectj1icJwe5T3DsL"",""recRJcobFH0FGTx45"",""recAGLH2rzPGwpBsz"",""recNfeoH2LrS54hVE"",""recO1lIzShqVic8Dq"",""reclctOBnLLxmyn46""]",recqI6AanH1zv5CGV,class_oog,"[""recc4s9XxQqAv1rup"",""recrV61WHjIJdaJga"",""rectjEJjeGHseZX7L""]",,,,,,,,,,,
recqebjIKM3r0tkep,3,2,Stefano Baruzzo,3,0,"[""rec78HboS0nekBGJk"",""recOEUEDDZHmRlkKO"",""reclcCXIKxjqvHhQG""]","[""recfmZckWPiD4Rqmf"",""recbhoeEZbeIiWOod"",""recFIql8NQczd9Ery""]",recqebjIKM3r0tkep,class_oog,"[""recTf0sGZjMph4C5x"",""rec8ChXFoOgj2B53g""]",,,,,,,,,,,
recqmThVFmsIM6E8t,13,4,Sharn L. Wordley,13,0,"[""recItD8viIbf6aEov"",""recc2jd3xZhT62Ocy"",""reciHXKYhbSfc4YRu"",""recdLTutEXasEnkRs"",""rec4D5KaOr9DvzH4M"",""recenYAJ2LG7KglKz"",""recsYiWOvwCWUePvo"",""rec584hR7QhYVM0Dy"",""recRgXQ7C0w2aGQ6I"",""rec2EdRNcRBa1bzua"",""recumKdAjpMtCp9Q8"",""rec3JKGcTNmBm8f3y"",""recme05G47qNmBPHN""]","[""recvJUwvnGNi2qyFG"",""rec0sEBbL6j23F5Gs"",""recYHW3mL96UcmZy3"",""recs0rRpUMYVPs1fd"",""rec6hj42NmyzUpTvg"",""recFb6XxY2PYTnFAi"",""recmPbLSRxfN8A94K"",""recO3sBM1Ej8rFE5M"",""recsgqRYcMam5zMYd"",""rec5pmCjObhKYYuY4"",""reccFg4JNik72evV7"",""recWbhpCskGQ80Mdw"",""recq1R812rInQp3yE""]",recqmThVFmsIM6E8t,class_oog,"[""recipdUIV44DeFGfq"",""recJmjHzdDwvZl5mz"",""recPtl3r1mpHxJ3g7"",""reca28cCzi6t0iAKS""]",,,,,,,,,,,
recrRgNvE5RPL730y,1,1,Louise Pejstrup,1,0,"[""recm7DogiyLZ4sE7G""]","[""reclRKdPoWFOjaNtJ""]",recrRgNvE5RPL730y,class_oog,"[""recBsgA1wwnEqhLqK""]",,,,,,,,,,,
recrxvCY429zqmage,1,1,Javier Camargo,1,0,"[""recYKiWeTl63OBops""]","[""recGFkkceS45C6uQC""]",recrxvCY429zqmage,class_oog,"[""recjLOY1OsaNDXlCt""]",,,,,,,,,,,
recsPLowZbvHYk4Z9,1,1,Rileigh Amorginos,1,0,"[""recqc6bgOPMKQ7Oub""]","[""recCY7zbeSXS3tfDd""]",recsPLowZbvHYk4Z9,class_oog,"[""recme1lRJQRYS9wIB""]",,,,,,,,,,,
rect1laGmQRq2wmFo,1,1,Anna Christina Gansauer,1,0,"[""recV7TArveHbk3902""]","[""recrjgn1n26XhdPsI""]",rect1laGmQRq2wmFo,class_oog,"[""recmb5vK1TYiSD47T""]",,,,,,,,,,,
rect7nOXb9JImTCcP,3,3,Dana Ventrice,3,0,"[""rec8wn8t29fBjKEVL"",""recpC9hSd2JGmKMSF"",""recioCKp5HurRkzvh""]","[""rec2alpWgee7dQAmr"",""recfCCwGu6ZvbT6Jo"",""recsIjdKEsOQGFlUO""]",rect7nOXb9JImTCcP,class_oog,"[""reciw6rXmSt6wROlN"",""recdsjuMklF5j8vEb"",""recCcq5PlsD69xriP""]",,,,,,,,,,,
rectIwXBJfkrEAaOG,6,4,Bryce P. Richardson,7,0,"[""recalUO9JWVQ9R4oD"",""recDToNbMNma9p8mG"",""recPEid8ck3sbuX76"",""recBjz5bfMTj6Kszj"",""recW0GoCQ4adET3oP"",""recubqQL0uQIwSTxp"",""recK8Cx4IgRHsFiPG""]","[""rec3MT7xCq5XAhkoB"",""reczI8T7J4s9G4bdJ"",""recsqsoE9SMDSF5JV"",""recAlA8aDSqItWKLd"",""rec0oK3MXB6M3HAF2"",""recbKbRy6uWOYVoxn""]",rectIwXBJfkrEAaOG,class_oog,"[""recmy93tzMkYZukPY"",""rec4DsivRRwV7UXmX"",""reclLfj1GjA4bZwOH"",""recvxuvEt674Zkc3J""]",,,,,,,,,,,
rectbL4oLPTwFxdNp,6,3,Heather Dayner,7,0,"[""reclZjisJ7k5Vw6w6"",""rec2vOhNZaYaDdTNa"",""recfjvpOEk2sDZL0u"",""recSDfMJUKijBPzEd"",""recO21RxslYAowmYX"",""recbGbnNN0aVytpdY"",""rec2NxJKUDKEnYhiR""]","[""recWOHzb2SxrbXnLA"",""recmVUp383DmNilwm"",""recEI0YkmBLtGklD6"",""recbJbaJrLSZZhemR"",""recFn1mUqnRymx1oy"",""recKvJQ41PmPPNBFi""]",rectbL4oLPTwFxdNp,class_oog,"[""recuyfo3nv68HVefs"",""recv2Qp5YXU9QbViB"",""recGmNTAC24c74vst""]",,,,,,,,,,,
rectc0mHofDhAxAVA,8,4,Andrew C. Welles,6,0,"[""rec6i0GjQGwBoQN2q"",""recjEn1VUe6rmsJ6l"",""recnQCHBCJ0H6rae3"",""recUmtfePV5ddCIPw"",""reckUXRnpkkQZOFiB"",""recMhgwi3o4wKYxBv""]","[""recxQELeISHzsdFNx"",""rec7enZTdsncgJQcM"",""recbNkeX7Ld3HWbxU"",""recQKRRPsv4UmJwLN"",""reciZLzI85ELzOUlg"",""recfojdF7DYTJjZnH"",""recRg11BQ0Q6CMESR"",""recMJsHMWsRj3ORHk""]",rectc0mHofDhAxAVA,class_oog,"[""recf8UPoJAute0lLH"",""recBVfnQM8nNbbdxu"",""recHQrH3ARzcwckou"",""recUgFp1uT5JPlHTn""]",,,,,,,,,,,
rectkJACVgE6s05BM,1,1,Izabella Mcnerney,1,0,"[""rec6m1HEVlUs9g5DV""]","[""recu2ChEbYzzkg52e""]",rectkJACVgE6s05BM,class_oog,"[""recDpzt0NNWMYoccN""]",,,,,,,,,,,
rectmuBKijy6rE4R4,4,1,No Trainer,2,0,"[""recusXD270CSY7aC5"",""rechm45MuC2WZQbuW""]","[""recyGmCLlAYOqFFts"",""recoy0U7Ey6vMbpPP"",""recbf6iOpW2tMd2cU"",""rechhDd96Tr0FRqYz""]",rectmuBKijy6rE4R4,class_oog,"[""recKaccadK6FZieQl""]",,,,,,,,,,,
recu6ryZgZnbr8Vbq,1,1,Kris Killam,1,0,"[""reccfkrXWlVOJsDCJ""]","[""recPkfOIzHbqYJLLy""]",recu6ryZgZnbr8Vbq,class_oog,"[""recrBFGCYWQJ3r8F0""]",,,,,,,,,,,
recuCa50EnJzLbF6E,0,0,Elin Mossberg,0,0,,,recuCa50EnJzLbF6E,class_oog.php,,,,,,,,,,,,
recuRmh8EsUEag8cU,5,1,Troy Linback,5,0,"[""rechtnG0yLtLq7VwU"",""rec32RCk5pszC9arn"",""recL88Bbs4q2A0mt8"",""recYVyYHDs2ANF8Gk"",""recFPMUKEJTA0OzQq""]","[""recEoFwhtXkzQI3E6"",""recrOYFqsYdfrWENu"",""recsNZqumTeVwS3r6"",""recfrkI5ncUSGzaDn"",""rec54UCrRRaZybrzs""]",recuRmh8EsUEag8cU,class_oog,"[""recrnFLPKd1yT29th""]",,,,,,,,,,,
recuU297BOg1dPG6Q,3,1,Chloe D. Reid,3,0,"[""recJ5Q3eTX32eABbT"",""recBqHQ7LvA6qZXba"",""recF6Guy7FFaenUfX""]","[""reczhiIjkBSlMXNrB"",""recFTySYGOjzn9lnR"",""rec434ZDnG5z2s5yF""]",recuU297BOg1dPG6Q,class_oog,"[""recjYzZcxgGjI5pgc""]",,,,,,,,,,,
recueBhFGFi7LFglR,2,3,Jamie Reinheimer,2,0,"[""rec4NB0C9itFKn8SC"",""rec81uY66ycE88wYH""]","[""rec7xtG00LNziiwOy"",""rec2cDkWFGecuTXv5""]",recueBhFGFi7LFglR,class_oog,"[""recNn7KbaFwOOFbYW"",""recOGT7wK06oAdsHU"",""recHjv9em55EZ8g2D""]",,,,,,,,,,,
recupQMhsCpx3otEi,10,10,Stephen Dicarlo,11,0,"[""recmHyS9XFXdqSOfQ"",""recZqQU2PI0V6OJrt"",""rec6Q6gd7UJzFnRV9"",""recX2TYiNOjII449V"",""recTiq35XKEnjYr4F"",""rec3fBjNTw6F2vmRA"",""recP2OfCrJJQ5mJjT"",""recvb5lkfvnh4qeZv"",""recZwdr1WNsoE1roP"",""reckjvGSFP4t4Cwq4"",""recjiqR65uJS9vQeJ""]","[""recfbl0lg85yH6S4h"",""recCWzEeFLRL2YGDr"",""recluh74zTtNZDrzh"",""recsYbyKto6qpy0S0"",""recMWVCsnuFxNS8t1"",""recf32m9uv1cIoTdZ"",""recuinxSmvH1u9KHl"",""recVZOhdcpfeBfzV8"",""reco5YOoGE2hQYgsK"",""recjrSjFsAkrG0f5H""]",recupQMhsCpx3otEi,class_oog,"[""recJtDOkatkQ755LX"",""recgWS0eomDZ0KN96"",""recGuw7QdyWQyTX6q"",""recJi60YstBWSLuyc"",""rec8UUBoADypKtGHQ"",""recygw9bvT3ZSiJEC"",""recqOxxtUOYT72PUN"",""rec7A4JPtP8rt44q1"",""rectvNxnKQSB98E47"",""recl8qN4avWdxvdcJ""]",,,,,,,,,,,
recuv8jdRvTVv1a9Z,4,1,Selcuk Koksalan,4,0,"[""recaQ8dhzivxw7nNi"",""recspXJh5ZmHvnhFj"",""recdKo4lxtGydm0Wa"",""recwbK8BKyykjODJ7""]","[""recPqk1gcpeR3OmWa"",""recVbTvLpQcgnDCW8"",""recJ2N6GUDzAQ66R5"",""recqvsikbAFYAqlpk""]",recuv8jdRvTVv1a9Z,class_oog,"[""recrxStYnnbtC31mN""]",,,,,,,,,,,
recv85dMm1vEE8kec,2,3,Courtney de Hechavarria,2,0,"[""recEca3dY4K2WdByh"",""recP7gqkpNS8ewIrc""]","[""recTllW1I5Hp3rsKI"",""recALnitG3TN7XQ4p""]",recv85dMm1vEE8kec,class_oog,"[""rec4buni1J59TYcNS"",""rec63Jm3i7dGwbNQG"",""recejZEU2nOrxsEbI""]",,,,,,,,,,,
recvbfeJr2qBsQo29,2,1,Jennifer Tate,2,0,"[""recJA2F2U0w9TUwpo"",""rec2JkZ4Yg119HiD5""]","[""recwcHiK4uHqobZog"",""rectiPuYi4cnJuWhY""]",recvbfeJr2qBsQo29,class_oog,"[""recvPEe5AM3OgbEpI""]",,,,,,,,,,,
recvcVgWYY3shMkZ4,2,1,Molly A. Kenney,2,0,"[""recDFUDVH3lI7ARxv"",""recbUXr0EJKgp7DTm""]","[""recJK0GVhpxF0XD36"",""recoKVvoZfjTDebAw""]",recvcVgWYY3shMkZ4,class_oog,"[""recPIeLFekmtztRSS""]",,,,,,,,,,,
recvco5SyVPeCmXTR,1,1,Sarah Gordon,1,0,"[""recod3qQD5KoBkjTK""]","[""recMGucKzTW2VvRV4""]",recvco5SyVPeCmXTR,class_oog,"[""recxoNeIVLQ2TXQhe""]",,,,,,,,,,,
recvlKnVrjrfAQE3f,2,1,Alyssa Venn,2,0,"[""recgiv4yhI3KP9VH5"",""rec2RoE1G77AFQsDv""]","[""recMk2zeczItF2s3g"",""recWUrpDr1kPZ7RMM""]",recvlKnVrjrfAQE3f,class_oog,"[""rec5ifryJ1tg6JsgV""]",,,,,,,,,,,
recw2AcufXB3OnYyW,7,6,Derek Van Der Burgh,7,0,"[""rec6JB2dXpm5ALnlU"",""rectjYH9Ah682Eh61"",""recvCoKhuuJgXRxT5"",""recCFoetVK6igjp1t"",""recsQ2DEH1KUaCMDJ"",""recC8R2n0Nt7vCCZX"",""reccnNFYTQBX07Nav""]","[""recr0Gm2CqKg25ilW"",""recpWtLvV9tJmVvFU"",""recYeQd4oCVSWM9nf"",""recLJrOuDzuNMTQCU"",""recxycCAxrV17fAzz"",""recZu88uJonIdPVyP"",""recvHB0yjIYO7QtDx""]",recw2AcufXB3OnYyW,class_oog,"[""recejsmKqHfknNq9t"",""recaUkMVVwrXgrWQQ"",""recz2I8wN6TVGLg4t"",""recY69naIWJFUyAd2"",""reck2Oohvt2yj474g"",""rec306qqGUUlLMqAD""]",,,,,,,,,,,
recwFYOP4JHOhB8kQ,2,2,Debbie L. Mccarthy-Connor,3,0,"[""recjwkvLE2ZbqHGk6"",""recPCPE46XHSXdeQx"",""recH3kKm7qJQzeokv""]","[""recSRTctssQmFt5Zq"",""recgKQ2d9LL6SOBLX""]",recwFYOP4JHOhB8kQ,class_oog,"[""recVKO2NQO19jKTke"",""recCA5R1gLJVfkock""]",,,,,,,,,,,
recwGTdczW4oDNNIS,1,1,Addison Benio,1,0,"[""recbJNJzpCeFabem3""]","[""rec5OBdFACbnwaG76""]",recwGTdczW4oDNNIS,class_oog,"[""recxXib2W6xrD6opu""]",,,,,,,,,,,
recy1KamRqc4HFmiB,1,1,Jad Dana,1,0,"[""rec8q7MNwQWvp6Ojs""]","[""recpvSgkX3GgNA6SU""]",recy1KamRqc4HFmiB,class_oog,"[""recL4jSskbkJn8L05""]",,,,,,,,,,,
recz26WUGKrF94984,1,1,Gonzalo Guevara,1,0,"[""recpEbQzKb7dtqXA1""]","[""rec9OpY0lz1fUBcMR""]",recz26WUGKrF94984,class_oog,"[""recpSVfbFbwfpYVBj""]",,,,,,,,,,,
recz8qWzDP2cl0zXp,2,2,Natalie Geller,2,0,"[""recRohJrA6QjFRROT"",""recxJXSGHfKPaxAe7""]","[""recul7YU3h0jBRd89"",""recJHIs0tHVP2BiYM""]",recz8qWzDP2cl0zXp,class_oog,"[""rec9ElUH8g5rla1mh"",""recFpywyjhA2PMReJ""]",,,,,,,,,,,
reczNfVkVVBnpCR5D,2,1,Richard A. Spooner,2,0,"[""recwyDBYG3PDDvYQA"",""recoePvez1dUpMQU8""]","[""recBjezp7voIF02N8"",""rec7dFt7LqAIZa3sg""]",reczNfVkVVBnpCR5D,class_oog,"[""rec7t3G7rY0SFDSwO""]",,,,,,,,,,,
reczi0OzlF0G0YjBs,1,1,Rowan Willis,1,0,"[""recx1SpmB3BbDQmjh""]","[""recv1bz0TLXgVFK4A""]",reczi0OzlF0G0YjBs,class_oog,"[""recIdlNIImGCWKqrx""]",,,,,,,,,,,
